# CMS-HCC V28 ICD-10 -> HCC crosswalk, 2026 midyear/final model software — source: https://www.cms.gov/files/zip/2026-midyear-final-model-software-python.zip
# 8933 mappings. Columns: code, HCC, label, age/sex condition. Regenerate with scripts/build_reference.py
A01.04	HCC92	Bone/Joint/Muscle/Severe Soft Tissue Infections/Necrosis	
A01.05	HCC92	Bone/Joint/Muscle/Severe Soft Tissue Infections/Necrosis	
A02.1	HCC2	Septicemia, Sepsis, Systemic Inflammatory Response Syndrome/Shock	
A02.23	HCC92	Bone/Joint/Muscle/Severe Soft Tissue Infections/Necrosis	
A02.24	HCC92	Bone/Joint/Muscle/Severe Soft Tissue Infections/Necrosis	
A06.5	HCC283	Empyema, Lung Abscess	
A07.2	HCC6	Opportunistic Infections	
A20.7	HCC2	Septicemia, Sepsis, Systemic Inflammatory Response Syndrome/Shock	
A22.7	HCC2	Septicemia, Sepsis, Systemic Inflammatory Response Syndrome/Shock	
A26.7	HCC2	Septicemia, Sepsis, Systemic Inflammatory Response Syndrome/Shock	
A31.0	HCC6	Opportunistic Infections	
A31.2	HCC6	Opportunistic Infections	
A32.7	HCC2	Septicemia, Sepsis, Systemic Inflammatory Response Syndrome/Shock	
A36.81	HCC227	Cardiomyopathy/Myocarditis	
A39.2	HCC2	Septicemia, Sepsis, Systemic Inflammatory Response Syndrome/Shock	
A39.3	HCC2	Septicemia, Sepsis, Systemic Inflammatory Response Syndrome/Shock	
A39.4	HCC2	Septicemia, Sepsis, Systemic Inflammatory Response Syndrome/Shock	
A39.83	HCC92	Bone/Joint/Muscle/Severe Soft Tissue Infections/Necrosis	
A39.84	HCC92	Bone/Joint/Muscle/Severe Soft Tissue Infections/Necrosis	
A40.0	HCC2	Septicemia, Sepsis, Systemic Inflammatory Response Syndrome/Shock	
A40.1	HCC2	Septicemia, Sepsis, Systemic Inflammatory Response Syndrome/Shock	
A40.3	HCC2	Septicemia, Sepsis, Systemic Inflammatory Response Syndrome/Shock	
A40.8	HCC2	Septicemia, Sepsis, Systemic Inflammatory Response Syndrome/Shock	
A40.9	HCC2	Septicemia, Sepsis, Systemic Inflammatory Response Syndrome/Shock	
A41.01	HCC2	Septicemia, Sepsis, Systemic Inflammatory Response Syndrome/Shock	
A41.02	HCC2	Septicemia, Sepsis, Systemic Inflammatory Response Syndrome/Shock	
A41.1	HCC2	Septicemia, Sepsis, Systemic Inflammatory Response Syndrome/Shock	
A41.2	HCC2	Septicemia, Sepsis, Systemic Inflammatory Response Syndrome/Shock	
A41.3	HCC2	Septicemia, Sepsis, Systemic Inflammatory Response Syndrome/Shock	
A41.4	HCC2	Septicemia, Sepsis, Systemic Inflammatory Response Syndrome/Shock	
A41.50	HCC2	Septicemia, Sepsis, Systemic Inflammatory Response Syndrome/Shock	
A41.51	HCC2	Septicemia, Sepsis, Systemic Inflammatory Response Syndrome/Shock	
A41.52	HCC2	Septicemia, Sepsis, Systemic Inflammatory Response Syndrome/Shock	
A41.53	HCC2	Septicemia, Sepsis, Systemic Inflammatory Response Syndrome/Shock	
A41.54	HCC2	Septicemia, Sepsis, Systemic Inflammatory Response Syndrome/Shock	
A41.59	HCC2	Septicemia, Sepsis, Systemic Inflammatory Response Syndrome/Shock	
A41.81	HCC2	Septicemia, Sepsis, Systemic Inflammatory Response Syndrome/Shock	
A41.89	HCC2	Septicemia, Sepsis, Systemic Inflammatory Response Syndrome/Shock	
A41.9	HCC2	Septicemia, Sepsis, Systemic Inflammatory Response Syndrome/Shock	
A42.7	HCC2	Septicemia, Sepsis, Systemic Inflammatory Response Syndrome/Shock	
A48.0	HCC263	Atherosclerosis of Arteries of the Extremities with Ulceration or Gangrene	
A48.1	HCC282	Aspiration and Specified Bacterial Pneumonias	
A48.3	HCC2	Septicemia, Sepsis, Systemic Inflammatory Response Syndrome/Shock	
A50.55	HCC92	Bone/Joint/Muscle/Severe Soft Tissue Infections/Necrosis	
A54.40	HCC92	Bone/Joint/Muscle/Severe Soft Tissue Infections/Necrosis	
A54.41	HCC92	Bone/Joint/Muscle/Severe Soft Tissue Infections/Necrosis	
A54.42	HCC92	Bone/Joint/Muscle/Severe Soft Tissue Infections/Necrosis	
A54.43	HCC92	Bone/Joint/Muscle/Severe Soft Tissue Infections/Necrosis	
A54.49	HCC92	Bone/Joint/Muscle/Severe Soft Tissue Infections/Necrosis	
A54.85	HCC78	Intestinal Obstruction/Perforation	
A54.86	HCC2	Septicemia, Sepsis, Systemic Inflammatory Response Syndrome/Shock	
A66.6	HCC92	Bone/Joint/Muscle/Severe Soft Tissue Infections/Necrosis	
A69.23	HCC92	Bone/Joint/Muscle/Severe Soft Tissue Infections/Necrosis	
A81.00	HCC127	Dementia, Mild or Unspecified	
A81.01	HCC127	Dementia, Mild or Unspecified	
A81.09	HCC127	Dementia, Mild or Unspecified	
A81.1	HCC127	Dementia, Mild or Unspecified	
A81.2	HCC127	Dementia, Mild or Unspecified	
A81.81	HCC127	Dementia, Mild or Unspecified	
A81.82	HCC127	Dementia, Mild or Unspecified	
A81.83	HCC127	Dementia, Mild or Unspecified	
A81.89	HCC127	Dementia, Mild or Unspecified	
A81.9	HCC127	Dementia, Mild or Unspecified	
B00.7	HCC2	Septicemia, Sepsis, Systemic Inflammatory Response Syndrome/Shock	
B00.82	HCC182	Spinal Cord Disorders/Injuries	
B01.12	HCC182	Spinal Cord Disorders/Injuries	
B02.24	HCC182	Spinal Cord Disorders/Injuries	
B06.82	HCC92	Bone/Joint/Muscle/Severe Soft Tissue Infections/Necrosis	
B18.0	HCC65	Chronic Hepatitis	
B18.1	HCC65	Chronic Hepatitis	
B18.2	HCC65	Chronic Hepatitis	
B18.8	HCC65	Chronic Hepatitis	
B18.9	HCC65	Chronic Hepatitis	
B20	HCC1	HIV/AIDS	
B25.0	HCC6	Opportunistic Infections	
B25.1	HCC6	Opportunistic Infections	
B25.2	HCC6	Opportunistic Infections	
B25.8	HCC6	Opportunistic Infections	
B25.9	HCC6	Opportunistic Infections	
B26.85	HCC92	Bone/Joint/Muscle/Severe Soft Tissue Infections/Necrosis	
B33.24	HCC227	Cardiomyopathy/Myocarditis	
B37.1	HCC6	Opportunistic Infections	
B37.7	HCC2	Septicemia, Sepsis, Systemic Inflammatory Response Syndrome/Shock	
B37.7	HCC6	Opportunistic Infections	
B37.81	HCC6	Opportunistic Infections	
B42.82	HCC92	Bone/Joint/Muscle/Severe Soft Tissue Infections/Necrosis	
B44.0	HCC6	Opportunistic Infections	
B44.1	HCC6	Opportunistic Infections	
B44.2	HCC6	Opportunistic Infections	
B44.7	HCC6	Opportunistic Infections	
B44.81	HCC280	Chronic Obstructive Pulmonary Disease, Interstitial Lung Disorders, and Other Chronic Lung Disorders	
B44.89	HCC6	Opportunistic Infections	
B44.9	HCC6	Opportunistic Infections	
B45.0	HCC6	Opportunistic Infections	
B45.1	HCC6	Opportunistic Infections	
B45.2	HCC6	Opportunistic Infections	
B45.3	HCC6	Opportunistic Infections	
B45.7	HCC6	Opportunistic Infections	
B45.8	HCC6	Opportunistic Infections	
B45.9	HCC6	Opportunistic Infections	
B46.0	HCC6	Opportunistic Infections	
B46.1	HCC6	Opportunistic Infections	
B46.2	HCC6	Opportunistic Infections	
B46.3	HCC6	Opportunistic Infections	
B46.4	HCC6	Opportunistic Infections	
B46.5	HCC6	Opportunistic Infections	
B46.8	HCC6	Opportunistic Infections	
B46.9	HCC6	Opportunistic Infections	
B48.4	HCC6	Opportunistic Infections	
B48.8	HCC6	Opportunistic Infections	
B58.2	HCC6	Opportunistic Infections	
B58.3	HCC6	Opportunistic Infections	
B59	HCC6	Opportunistic Infections	
B97.35	HCC1	HIV/AIDS	
C01	HCC21	Lymphoma and Other Cancers	
C02.0	HCC21	Lymphoma and Other Cancers	
C02.1	HCC21	Lymphoma and Other Cancers	
C02.2	HCC21	Lymphoma and Other Cancers	
C02.3	HCC21	Lymphoma and Other Cancers	
C02.4	HCC21	Lymphoma and Other Cancers	
C02.8	HCC21	Lymphoma and Other Cancers	
C02.9	HCC21	Lymphoma and Other Cancers	
C03.0	HCC21	Lymphoma and Other Cancers	
C03.1	HCC21	Lymphoma and Other Cancers	
C03.9	HCC21	Lymphoma and Other Cancers	
C04.0	HCC21	Lymphoma and Other Cancers	
C04.1	HCC21	Lymphoma and Other Cancers	
C04.8	HCC21	Lymphoma and Other Cancers	
C04.9	HCC21	Lymphoma and Other Cancers	
C05.0	HCC21	Lymphoma and Other Cancers	
C05.1	HCC21	Lymphoma and Other Cancers	
C05.2	HCC21	Lymphoma and Other Cancers	
C05.8	HCC21	Lymphoma and Other Cancers	
C05.9	HCC21	Lymphoma and Other Cancers	
C06.0	HCC21	Lymphoma and Other Cancers	
C06.1	HCC21	Lymphoma and Other Cancers	
C06.2	HCC21	Lymphoma and Other Cancers	
C06.80	HCC21	Lymphoma and Other Cancers	
C06.89	HCC21	Lymphoma and Other Cancers	
C06.9	HCC21	Lymphoma and Other Cancers	
C07	HCC21	Lymphoma and Other Cancers	
C08.0	HCC21	Lymphoma and Other Cancers	
C08.1	HCC21	Lymphoma and Other Cancers	
C08.9	HCC21	Lymphoma and Other Cancers	
C09.0	HCC21	Lymphoma and Other Cancers	
C09.1	HCC21	Lymphoma and Other Cancers	
C09.8	HCC21	Lymphoma and Other Cancers	
C09.9	HCC21	Lymphoma and Other Cancers	
C10.0	HCC21	Lymphoma and Other Cancers	
C10.1	HCC21	Lymphoma and Other Cancers	
C10.2	HCC21	Lymphoma and Other Cancers	
C10.3	HCC21	Lymphoma and Other Cancers	
C10.4	HCC21	Lymphoma and Other Cancers	
C10.8	HCC21	Lymphoma and Other Cancers	
C10.9	HCC21	Lymphoma and Other Cancers	
C11.0	HCC21	Lymphoma and Other Cancers	
C11.1	HCC21	Lymphoma and Other Cancers	
C11.2	HCC21	Lymphoma and Other Cancers	
C11.3	HCC21	Lymphoma and Other Cancers	
C11.8	HCC21	Lymphoma and Other Cancers	
C11.9	HCC21	Lymphoma and Other Cancers	
C12	HCC21	Lymphoma and Other Cancers	
C13.0	HCC21	Lymphoma and Other Cancers	
C13.1	HCC21	Lymphoma and Other Cancers	
C13.2	HCC21	Lymphoma and Other Cancers	
C13.8	HCC21	Lymphoma and Other Cancers	
C13.9	HCC21	Lymphoma and Other Cancers	
C14.0	HCC21	Lymphoma and Other Cancers	
C14.2	HCC21	Lymphoma and Other Cancers	
C14.8	HCC21	Lymphoma and Other Cancers	
C15.3	HCC20	Lung and Other Severe Cancers	
C15.4	HCC20	Lung and Other Severe Cancers	
C15.5	HCC20	Lung and Other Severe Cancers	
C15.8	HCC20	Lung and Other Severe Cancers	
C15.9	HCC20	Lung and Other Severe Cancers	
C16.0	HCC20	Lung and Other Severe Cancers	
C16.1	HCC20	Lung and Other Severe Cancers	
C16.2	HCC20	Lung and Other Severe Cancers	
C16.3	HCC20	Lung and Other Severe Cancers	
C16.4	HCC20	Lung and Other Severe Cancers	
C16.5	HCC20	Lung and Other Severe Cancers	
C16.6	HCC20	Lung and Other Severe Cancers	
C16.8	HCC20	Lung and Other Severe Cancers	
C16.9	HCC20	Lung and Other Severe Cancers	
C17.0	HCC20	Lung and Other Severe Cancers	
C17.1	HCC20	Lung and Other Severe Cancers	
C17.2	HCC20	Lung and Other Severe Cancers	
C17.3	HCC20	Lung and Other Severe Cancers	
C17.8	HCC20	Lung and Other Severe Cancers	
C17.9	HCC20	Lung and Other Severe Cancers	
C18.0	HCC22	Bladder, Colorectal, and Other Cancers	
C18.1	HCC22	Bladder, Colorectal, and Other Cancers	
C18.2	HCC22	Bladder, Colorectal, and Other Cancers	
C18.3	HCC22	Bladder, Colorectal, and Other Cancers	
C18.4	HCC22	Bladder, Colorectal, and Other Cancers	
C18.5	HCC22	Bladder, Colorectal, and Other Cancers	
C18.6	HCC22	Bladder, Colorectal, and Other Cancers	
C18.7	HCC22	Bladder, Colorectal, and Other Cancers	
C18.8	HCC22	Bladder, Colorectal, and Other Cancers	
C18.9	HCC22	Bladder, Colorectal, and Other Cancers	
C19	HCC22	Bladder, Colorectal, and Other Cancers	
C20	HCC22	Bladder, Colorectal, and Other Cancers	
C21.0	HCC22	Bladder, Colorectal, and Other Cancers	
C21.1	HCC22	Bladder, Colorectal, and Other Cancers	
C21.2	HCC22	Bladder, Colorectal, and Other Cancers	
C21.8	HCC22	Bladder, Colorectal, and Other Cancers	
C22.0	HCC20	Lung and Other Severe Cancers	
C22.1	HCC20	Lung and Other Severe Cancers	
C22.2	HCC20	Lung and Other Severe Cancers	
C22.3	HCC20	Lung and Other Severe Cancers	
C22.4	HCC20	Lung and Other Severe Cancers	
C22.7	HCC20	Lung and Other Severe Cancers	
C22.8	HCC20	Lung and Other Severe Cancers	
C22.9	HCC20	Lung and Other Severe Cancers	
C23	HCC20	Lung and Other Severe Cancers	
C24.0	HCC20	Lung and Other Severe Cancers	
C24.1	HCC20	Lung and Other Severe Cancers	
C24.8	HCC20	Lung and Other Severe Cancers	
C24.9	HCC20	Lung and Other Severe Cancers	
C25.0	HCC20	Lung and Other Severe Cancers	
C25.1	HCC20	Lung and Other Severe Cancers	
C25.2	HCC20	Lung and Other Severe Cancers	
C25.3	HCC20	Lung and Other Severe Cancers	
C25.4	HCC20	Lung and Other Severe Cancers	
C25.7	HCC20	Lung and Other Severe Cancers	
C25.8	HCC20	Lung and Other Severe Cancers	
C25.9	HCC20	Lung and Other Severe Cancers	
C26.0	HCC22	Bladder, Colorectal, and Other Cancers	
C26.1	HCC22	Bladder, Colorectal, and Other Cancers	
C26.9	HCC22	Bladder, Colorectal, and Other Cancers	
C30.0	HCC21	Lymphoma and Other Cancers	
C30.1	HCC21	Lymphoma and Other Cancers	
C31.0	HCC21	Lymphoma and Other Cancers	
C31.1	HCC21	Lymphoma and Other Cancers	
C31.2	HCC21	Lymphoma and Other Cancers	
C31.3	HCC21	Lymphoma and Other Cancers	
C31.8	HCC21	Lymphoma and Other Cancers	
C31.9	HCC21	Lymphoma and Other Cancers	
C32.0	HCC21	Lymphoma and Other Cancers	
C32.1	HCC21	Lymphoma and Other Cancers	
C32.2	HCC21	Lymphoma and Other Cancers	
C32.3	HCC21	Lymphoma and Other Cancers	
C32.8	HCC21	Lymphoma and Other Cancers	
C32.9	HCC21	Lymphoma and Other Cancers	
C33	HCC20	Lung and Other Severe Cancers	
C34.00	HCC20	Lung and Other Severe Cancers	
C34.01	HCC20	Lung and Other Severe Cancers	
C34.02	HCC20	Lung and Other Severe Cancers	
C34.10	HCC20	Lung and Other Severe Cancers	
C34.11	HCC20	Lung and Other Severe Cancers	
C34.12	HCC20	Lung and Other Severe Cancers	
C34.2	HCC20	Lung and Other Severe Cancers	
C34.30	HCC20	Lung and Other Severe Cancers	
C34.31	HCC20	Lung and Other Severe Cancers	
C34.32	HCC20	Lung and Other Severe Cancers	
C34.80	HCC20	Lung and Other Severe Cancers	
C34.81	HCC20	Lung and Other Severe Cancers	
C34.82	HCC20	Lung and Other Severe Cancers	
C34.90	HCC20	Lung and Other Severe Cancers	
C34.91	HCC20	Lung and Other Severe Cancers	
C34.92	HCC20	Lung and Other Severe Cancers	
C37	HCC21	Lymphoma and Other Cancers	
C38.0	HCC20	Lung and Other Severe Cancers	
C38.1	HCC21	Lymphoma and Other Cancers	
C38.2	HCC21	Lymphoma and Other Cancers	
C38.3	HCC21	Lymphoma and Other Cancers	
C38.4	HCC20	Lung and Other Severe Cancers	
C38.8	HCC21	Lymphoma and Other Cancers	
C39.0	HCC21	Lymphoma and Other Cancers	
C39.9	HCC21	Lymphoma and Other Cancers	
C40.00	HCC21	Lymphoma and Other Cancers	
C40.01	HCC21	Lymphoma and Other Cancers	
C40.02	HCC21	Lymphoma and Other Cancers	
C40.10	HCC21	Lymphoma and Other Cancers	
C40.11	HCC21	Lymphoma and Other Cancers	
C40.12	HCC21	Lymphoma and Other Cancers	
C40.20	HCC21	Lymphoma and Other Cancers	
C40.21	HCC21	Lymphoma and Other Cancers	
C40.22	HCC21	Lymphoma and Other Cancers	
C40.30	HCC21	Lymphoma and Other Cancers	
C40.31	HCC21	Lymphoma and Other Cancers	
C40.32	HCC21	Lymphoma and Other Cancers	
C40.80	HCC21	Lymphoma and Other Cancers	
C40.81	HCC21	Lymphoma and Other Cancers	
C40.82	HCC21	Lymphoma and Other Cancers	
C40.90	HCC21	Lymphoma and Other Cancers	
C40.91	HCC21	Lymphoma and Other Cancers	
C40.92	HCC21	Lymphoma and Other Cancers	
C41.0	HCC21	Lymphoma and Other Cancers	
C41.1	HCC21	Lymphoma and Other Cancers	
C41.2	HCC21	Lymphoma and Other Cancers	
C41.3	HCC21	Lymphoma and Other Cancers	
C41.4	HCC21	Lymphoma and Other Cancers	
C41.9	HCC21	Lymphoma and Other Cancers	
C43.0	HCC23	Prostate, Breast, and Other Cancers and Tumors	
C43.10	HCC23	Prostate, Breast, and Other Cancers and Tumors	
C43.111	HCC23	Prostate, Breast, and Other Cancers and Tumors	
C43.112	HCC23	Prostate, Breast, and Other Cancers and Tumors	
C43.121	HCC23	Prostate, Breast, and Other Cancers and Tumors	
C43.122	HCC23	Prostate, Breast, and Other Cancers and Tumors	
C43.20	HCC23	Prostate, Breast, and Other Cancers and Tumors	
C43.21	HCC23	Prostate, Breast, and Other Cancers and Tumors	
C43.22	HCC23	Prostate, Breast, and Other Cancers and Tumors	
C43.30	HCC23	Prostate, Breast, and Other Cancers and Tumors	
C43.31	HCC23	Prostate, Breast, and Other Cancers and Tumors	
C43.39	HCC23	Prostate, Breast, and Other Cancers and Tumors	
C43.4	HCC23	Prostate, Breast, and Other Cancers and Tumors	
C43.51	HCC23	Prostate, Breast, and Other Cancers and Tumors	
C43.52	HCC23	Prostate, Breast, and Other Cancers and Tumors	
C43.59	HCC23	Prostate, Breast, and Other Cancers and Tumors	
C43.60	HCC23	Prostate, Breast, and Other Cancers and Tumors	
C43.61	HCC23	Prostate, Breast, and Other Cancers and Tumors	
C43.62	HCC23	Prostate, Breast, and Other Cancers and Tumors	
C43.70	HCC23	Prostate, Breast, and Other Cancers and Tumors	
C43.71	HCC23	Prostate, Breast, and Other Cancers and Tumors	
C43.72	HCC23	Prostate, Breast, and Other Cancers and Tumors	
C43.8	HCC23	Prostate, Breast, and Other Cancers and Tumors	
C43.9	HCC23	Prostate, Breast, and Other Cancers and Tumors	
C45.0	HCC19	Myelodysplastic Syndromes, Multiple Myeloma, and Other Cancers	
C45.1	HCC19	Myelodysplastic Syndromes, Multiple Myeloma, and Other Cancers	
C45.2	HCC19	Myelodysplastic Syndromes, Multiple Myeloma, and Other Cancers	
C45.7	HCC19	Myelodysplastic Syndromes, Multiple Myeloma, and Other Cancers	
C45.9	HCC19	Myelodysplastic Syndromes, Multiple Myeloma, and Other Cancers	
C46.0	HCC21	Lymphoma and Other Cancers	
C46.1	HCC21	Lymphoma and Other Cancers	
C46.2	HCC21	Lymphoma and Other Cancers	
C46.3	HCC21	Lymphoma and Other Cancers	
C46.4	HCC21	Lymphoma and Other Cancers	
C46.50	HCC21	Lymphoma and Other Cancers	
C46.51	HCC21	Lymphoma and Other Cancers	
C46.52	HCC21	Lymphoma and Other Cancers	
C46.7	HCC21	Lymphoma and Other Cancers	
C46.9	HCC21	Lymphoma and Other Cancers	
C47.0	HCC21	Lymphoma and Other Cancers	
C47.10	HCC21	Lymphoma and Other Cancers	
C47.11	HCC21	Lymphoma and Other Cancers	
C47.12	HCC21	Lymphoma and Other Cancers	
C47.20	HCC21	Lymphoma and Other Cancers	
C47.21	HCC21	Lymphoma and Other Cancers	
C47.22	HCC21	Lymphoma and Other Cancers	
C47.3	HCC21	Lymphoma and Other Cancers	
C47.4	HCC23	Prostate, Breast, and Other Cancers and Tumors	
C47.5	HCC21	Lymphoma and Other Cancers	
C47.6	HCC21	Lymphoma and Other Cancers	
C47.8	HCC21	Lymphoma and Other Cancers	
C47.9	HCC21	Lymphoma and Other Cancers	
C48.0	HCC20	Lung and Other Severe Cancers	
C48.1	HCC20	Lung and Other Severe Cancers	
C48.2	HCC20	Lung and Other Severe Cancers	
C48.8	HCC20	Lung and Other Severe Cancers	
C49.0	HCC21	Lymphoma and Other Cancers	
C49.10	HCC21	Lymphoma and Other Cancers	
C49.11	HCC21	Lymphoma and Other Cancers	
C49.12	HCC21	Lymphoma and Other Cancers	
C49.20	HCC21	Lymphoma and Other Cancers	
C49.21	HCC21	Lymphoma and Other Cancers	
C49.22	HCC21	Lymphoma and Other Cancers	
C49.3	HCC21	Lymphoma and Other Cancers	
C49.4	HCC23	Prostate, Breast, and Other Cancers and Tumors	
C49.5	HCC21	Lymphoma and Other Cancers	
C49.6	HCC21	Lymphoma and Other Cancers	
C49.8	HCC21	Lymphoma and Other Cancers	
C49.9	HCC21	Lymphoma and Other Cancers	
C49.A0	HCC23	Prostate, Breast, and Other Cancers and Tumors	
C49.A1	HCC23	Prostate, Breast, and Other Cancers and Tumors	
C49.A2	HCC23	Prostate, Breast, and Other Cancers and Tumors	
C49.A3	HCC23	Prostate, Breast, and Other Cancers and Tumors	
C49.A4	HCC23	Prostate, Breast, and Other Cancers and Tumors	
C49.A5	HCC23	Prostate, Breast, and Other Cancers and Tumors	
C49.A9	HCC23	Prostate, Breast, and Other Cancers and Tumors	
C4A.0	HCC21	Lymphoma and Other Cancers	
C4A.10	HCC21	Lymphoma and Other Cancers	
C4A.111	HCC21	Lymphoma and Other Cancers	
C4A.112	HCC21	Lymphoma and Other Cancers	
C4A.121	HCC21	Lymphoma and Other Cancers	
C4A.122	HCC21	Lymphoma and Other Cancers	
C4A.20	HCC21	Lymphoma and Other Cancers	
C4A.21	HCC21	Lymphoma and Other Cancers	
C4A.22	HCC21	Lymphoma and Other Cancers	
C4A.30	HCC21	Lymphoma and Other Cancers	
C4A.31	HCC21	Lymphoma and Other Cancers	
C4A.39	HCC21	Lymphoma and Other Cancers	
C4A.4	HCC21	Lymphoma and Other Cancers	
C4A.51	HCC21	Lymphoma and Other Cancers	
C4A.52	HCC21	Lymphoma and Other Cancers	
C4A.59	HCC21	Lymphoma and Other Cancers	
C4A.60	HCC21	Lymphoma and Other Cancers	
C4A.61	HCC21	Lymphoma and Other Cancers	
C4A.62	HCC21	Lymphoma and Other Cancers	
C4A.70	HCC21	Lymphoma and Other Cancers	
C4A.71	HCC21	Lymphoma and Other Cancers	
C4A.72	HCC21	Lymphoma and Other Cancers	
C4A.8	HCC21	Lymphoma and Other Cancers	
C4A.9	HCC21	Lymphoma and Other Cancers	
C50.011	HCC22	Bladder, Colorectal, and Other Cancers	age: age < 50
C50.011	HCC23	Prostate, Breast, and Other Cancers and Tumors	age: age >= 50
C50.012	HCC22	Bladder, Colorectal, and Other Cancers	age: age < 50
C50.012	HCC23	Prostate, Breast, and Other Cancers and Tumors	age: age >= 50
C50.019	HCC22	Bladder, Colorectal, and Other Cancers	age: age < 50
C50.019	HCC23	Prostate, Breast, and Other Cancers and Tumors	age: age >= 50
C50.021	HCC22	Bladder, Colorectal, and Other Cancers	age: age < 50
C50.021	HCC23	Prostate, Breast, and Other Cancers and Tumors	age: age >= 50
C50.022	HCC22	Bladder, Colorectal, and Other Cancers	age: age < 50
C50.022	HCC23	Prostate, Breast, and Other Cancers and Tumors	age: age >= 50
C50.029	HCC22	Bladder, Colorectal, and Other Cancers	age: age < 50
C50.029	HCC23	Prostate, Breast, and Other Cancers and Tumors	age: age >= 50
C50.111	HCC22	Bladder, Colorectal, and Other Cancers	age: age < 50
C50.111	HCC23	Prostate, Breast, and Other Cancers and Tumors	age: age >= 50
C50.112	HCC22	Bladder, Colorectal, and Other Cancers	age: age < 50
C50.112	HCC23	Prostate, Breast, and Other Cancers and Tumors	age: age >= 50
C50.119	HCC22	Bladder, Colorectal, and Other Cancers	age: age < 50
C50.119	HCC23	Prostate, Breast, and Other Cancers and Tumors	age: age >= 50
C50.121	HCC22	Bladder, Colorectal, and Other Cancers	age: age < 50
C50.121	HCC23	Prostate, Breast, and Other Cancers and Tumors	age: age >= 50
C50.122	HCC22	Bladder, Colorectal, and Other Cancers	age: age < 50
C50.122	HCC23	Prostate, Breast, and Other Cancers and Tumors	age: age >= 50
C50.129	HCC22	Bladder, Colorectal, and Other Cancers	age: age < 50
C50.129	HCC23	Prostate, Breast, and Other Cancers and Tumors	age: age >= 50
C50.211	HCC22	Bladder, Colorectal, and Other Cancers	age: age < 50
C50.211	HCC23	Prostate, Breast, and Other Cancers and Tumors	age: age >= 50
C50.212	HCC22	Bladder, Colorectal, and Other Cancers	age: age < 50
C50.212	HCC23	Prostate, Breast, and Other Cancers and Tumors	age: age >= 50
C50.219	HCC22	Bladder, Colorectal, and Other Cancers	age: age < 50
C50.219	HCC23	Prostate, Breast, and Other Cancers and Tumors	age: age >= 50
C50.221	HCC22	Bladder, Colorectal, and Other Cancers	age: age < 50
C50.221	HCC23	Prostate, Breast, and Other Cancers and Tumors	age: age >= 50
C50.222	HCC22	Bladder, Colorectal, and Other Cancers	age: age < 50
C50.222	HCC23	Prostate, Breast, and Other Cancers and Tumors	age: age >= 50
C50.229	HCC22	Bladder, Colorectal, and Other Cancers	age: age < 50
C50.229	HCC23	Prostate, Breast, and Other Cancers and Tumors	age: age >= 50
C50.311	HCC22	Bladder, Colorectal, and Other Cancers	age: age < 50
C50.311	HCC23	Prostate, Breast, and Other Cancers and Tumors	age: age >= 50
C50.312	HCC22	Bladder, Colorectal, and Other Cancers	age: age < 50
C50.312	HCC23	Prostate, Breast, and Other Cancers and Tumors	age: age >= 50
C50.319	HCC22	Bladder, Colorectal, and Other Cancers	age: age < 50
C50.319	HCC23	Prostate, Breast, and Other Cancers and Tumors	age: age >= 50
C50.321	HCC22	Bladder, Colorectal, and Other Cancers	age: age < 50
C50.321	HCC23	Prostate, Breast, and Other Cancers and Tumors	age: age >= 50
C50.322	HCC22	Bladder, Colorectal, and Other Cancers	age: age < 50
C50.322	HCC23	Prostate, Breast, and Other Cancers and Tumors	age: age >= 50
C50.329	HCC22	Bladder, Colorectal, and Other Cancers	age: age < 50
C50.329	HCC23	Prostate, Breast, and Other Cancers and Tumors	age: age >= 50
C50.411	HCC22	Bladder, Colorectal, and Other Cancers	age: age < 50
C50.411	HCC23	Prostate, Breast, and Other Cancers and Tumors	age: age >= 50
C50.412	HCC22	Bladder, Colorectal, and Other Cancers	age: age < 50
C50.412	HCC23	Prostate, Breast, and Other Cancers and Tumors	age: age >= 50
C50.419	HCC22	Bladder, Colorectal, and Other Cancers	age: age < 50
C50.419	HCC23	Prostate, Breast, and Other Cancers and Tumors	age: age >= 50
C50.421	HCC22	Bladder, Colorectal, and Other Cancers	age: age < 50
C50.421	HCC23	Prostate, Breast, and Other Cancers and Tumors	age: age >= 50
C50.422	HCC22	Bladder, Colorectal, and Other Cancers	age: age < 50
C50.422	HCC23	Prostate, Breast, and Other Cancers and Tumors	age: age >= 50
C50.429	HCC22	Bladder, Colorectal, and Other Cancers	age: age < 50
C50.429	HCC23	Prostate, Breast, and Other Cancers and Tumors	age: age >= 50
C50.511	HCC22	Bladder, Colorectal, and Other Cancers	age: age < 50
C50.511	HCC23	Prostate, Breast, and Other Cancers and Tumors	age: age >= 50
C50.512	HCC22	Bladder, Colorectal, and Other Cancers	age: age < 50
C50.512	HCC23	Prostate, Breast, and Other Cancers and Tumors	age: age >= 50
C50.519	HCC22	Bladder, Colorectal, and Other Cancers	age: age < 50
C50.519	HCC23	Prostate, Breast, and Other Cancers and Tumors	age: age >= 50
C50.521	HCC22	Bladder, Colorectal, and Other Cancers	age: age < 50
C50.521	HCC23	Prostate, Breast, and Other Cancers and Tumors	age: age >= 50
C50.522	HCC22	Bladder, Colorectal, and Other Cancers	age: age < 50
C50.522	HCC23	Prostate, Breast, and Other Cancers and Tumors	age: age >= 50
C50.529	HCC22	Bladder, Colorectal, and Other Cancers	age: age < 50
C50.529	HCC23	Prostate, Breast, and Other Cancers and Tumors	age: age >= 50
C50.611	HCC22	Bladder, Colorectal, and Other Cancers	age: age < 50
C50.611	HCC23	Prostate, Breast, and Other Cancers and Tumors	age: age >= 50
C50.612	HCC22	Bladder, Colorectal, and Other Cancers	age: age < 50
C50.612	HCC23	Prostate, Breast, and Other Cancers and Tumors	age: age >= 50
C50.619	HCC22	Bladder, Colorectal, and Other Cancers	age: age < 50
C50.619	HCC23	Prostate, Breast, and Other Cancers and Tumors	age: age >= 50
C50.621	HCC22	Bladder, Colorectal, and Other Cancers	age: age < 50
C50.621	HCC23	Prostate, Breast, and Other Cancers and Tumors	age: age >= 50
C50.622	HCC22	Bladder, Colorectal, and Other Cancers	age: age < 50
C50.622	HCC23	Prostate, Breast, and Other Cancers and Tumors	age: age >= 50
C50.629	HCC22	Bladder, Colorectal, and Other Cancers	age: age < 50
C50.629	HCC23	Prostate, Breast, and Other Cancers and Tumors	age: age >= 50
C50.811	HCC22	Bladder, Colorectal, and Other Cancers	age: age < 50
C50.811	HCC23	Prostate, Breast, and Other Cancers and Tumors	age: age >= 50
C50.812	HCC22	Bladder, Colorectal, and Other Cancers	age: age < 50
C50.812	HCC23	Prostate, Breast, and Other Cancers and Tumors	age: age >= 50
C50.819	HCC22	Bladder, Colorectal, and Other Cancers	age: age < 50
C50.819	HCC23	Prostate, Breast, and Other Cancers and Tumors	age: age >= 50
C50.821	HCC22	Bladder, Colorectal, and Other Cancers	age: age < 50
C50.821	HCC23	Prostate, Breast, and Other Cancers and Tumors	age: age >= 50
C50.822	HCC22	Bladder, Colorectal, and Other Cancers	age: age < 50
C50.822	HCC23	Prostate, Breast, and Other Cancers and Tumors	age: age >= 50
C50.829	HCC22	Bladder, Colorectal, and Other Cancers	age: age < 50
C50.829	HCC23	Prostate, Breast, and Other Cancers and Tumors	age: age >= 50
C50.911	HCC22	Bladder, Colorectal, and Other Cancers	age: age < 50
C50.911	HCC23	Prostate, Breast, and Other Cancers and Tumors	age: age >= 50
C50.912	HCC22	Bladder, Colorectal, and Other Cancers	age: age < 50
C50.912	HCC23	Prostate, Breast, and Other Cancers and Tumors	age: age >= 50
C50.919	HCC22	Bladder, Colorectal, and Other Cancers	age: age < 50
C50.919	HCC23	Prostate, Breast, and Other Cancers and Tumors	age: age >= 50
C50.921	HCC22	Bladder, Colorectal, and Other Cancers	age: age < 50
C50.921	HCC23	Prostate, Breast, and Other Cancers and Tumors	age: age >= 50
C50.922	HCC22	Bladder, Colorectal, and Other Cancers	age: age < 50
C50.922	HCC23	Prostate, Breast, and Other Cancers and Tumors	age: age >= 50
C50.929	HCC22	Bladder, Colorectal, and Other Cancers	age: age < 50
C50.929	HCC23	Prostate, Breast, and Other Cancers and Tumors	age: age >= 50
C50.A0	HCC22	Bladder, Colorectal, and Other Cancers	age: age < 50
C50.A0	HCC23	Prostate, Breast, and Other Cancers and Tumors	age: age >= 50
C50.A1	HCC22	Bladder, Colorectal, and Other Cancers	age: age < 50
C50.A1	HCC23	Prostate, Breast, and Other Cancers and Tumors	age: age >= 50
C50.A2	HCC22	Bladder, Colorectal, and Other Cancers	age: age < 50
C50.A2	HCC23	Prostate, Breast, and Other Cancers and Tumors	age: age >= 50
C51.0	HCC22	Bladder, Colorectal, and Other Cancers	
C51.1	HCC22	Bladder, Colorectal, and Other Cancers	
C51.2	HCC22	Bladder, Colorectal, and Other Cancers	
C51.8	HCC22	Bladder, Colorectal, and Other Cancers	
C51.9	HCC22	Bladder, Colorectal, and Other Cancers	
C52	HCC22	Bladder, Colorectal, and Other Cancers	
C53.0	HCC22	Bladder, Colorectal, and Other Cancers	
C53.1	HCC22	Bladder, Colorectal, and Other Cancers	
C53.8	HCC22	Bladder, Colorectal, and Other Cancers	
C53.9	HCC22	Bladder, Colorectal, and Other Cancers	
C54.0	HCC23	Prostate, Breast, and Other Cancers and Tumors	
C54.1	HCC23	Prostate, Breast, and Other Cancers and Tumors	
C54.2	HCC23	Prostate, Breast, and Other Cancers and Tumors	
C54.3	HCC23	Prostate, Breast, and Other Cancers and Tumors	
C54.8	HCC23	Prostate, Breast, and Other Cancers and Tumors	
C54.9	HCC23	Prostate, Breast, and Other Cancers and Tumors	
C55	HCC23	Prostate, Breast, and Other Cancers and Tumors	
C56.1	HCC22	Bladder, Colorectal, and Other Cancers	
C56.2	HCC22	Bladder, Colorectal, and Other Cancers	
C56.3	HCC22	Bladder, Colorectal, and Other Cancers	
C56.9	HCC22	Bladder, Colorectal, and Other Cancers	
C57.00	HCC22	Bladder, Colorectal, and Other Cancers	
C57.01	HCC22	Bladder, Colorectal, and Other Cancers	
C57.02	HCC22	Bladder, Colorectal, and Other Cancers	
C57.10	HCC22	Bladder, Colorectal, and Other Cancers	
C57.11	HCC22	Bladder, Colorectal, and Other Cancers	
C57.12	HCC22	Bladder, Colorectal, and Other Cancers	
C57.20	HCC22	Bladder, Colorectal, and Other Cancers	
C57.21	HCC22	Bladder, Colorectal, and Other Cancers	
C57.22	HCC22	Bladder, Colorectal, and Other Cancers	
C57.3	HCC22	Bladder, Colorectal, and Other Cancers	
C57.4	HCC22	Bladder, Colorectal, and Other Cancers	
C57.7	HCC22	Bladder, Colorectal, and Other Cancers	
C57.8	HCC22	Bladder, Colorectal, and Other Cancers	
C57.9	HCC22	Bladder, Colorectal, and Other Cancers	
C58	HCC22	Bladder, Colorectal, and Other Cancers	mce: 9 <= age <= 64
C60.0	HCC23	Prostate, Breast, and Other Cancers and Tumors	
C60.1	HCC23	Prostate, Breast, and Other Cancers and Tumors	
C60.2	HCC23	Prostate, Breast, and Other Cancers and Tumors	
C60.8	HCC23	Prostate, Breast, and Other Cancers and Tumors	
C60.9	HCC23	Prostate, Breast, and Other Cancers and Tumors	
C61	HCC23	Prostate, Breast, and Other Cancers and Tumors	
C62.00	HCC23	Prostate, Breast, and Other Cancers and Tumors	
C62.01	HCC23	Prostate, Breast, and Other Cancers and Tumors	
C62.02	HCC23	Prostate, Breast, and Other Cancers and Tumors	
C62.10	HCC23	Prostate, Breast, and Other Cancers and Tumors	
C62.11	HCC23	Prostate, Breast, and Other Cancers and Tumors	
C62.12	HCC23	Prostate, Breast, and Other Cancers and Tumors	
C62.90	HCC23	Prostate, Breast, and Other Cancers and Tumors	
C62.91	HCC23	Prostate, Breast, and Other Cancers and Tumors	
C62.92	HCC23	Prostate, Breast, and Other Cancers and Tumors	
C63.00	HCC23	Prostate, Breast, and Other Cancers and Tumors	
C63.01	HCC23	Prostate, Breast, and Other Cancers and Tumors	
C63.02	HCC23	Prostate, Breast, and Other Cancers and Tumors	
C63.10	HCC23	Prostate, Breast, and Other Cancers and Tumors	
C63.11	HCC23	Prostate, Breast, and Other Cancers and Tumors	
C63.12	HCC23	Prostate, Breast, and Other Cancers and Tumors	
C63.2	HCC23	Prostate, Breast, and Other Cancers and Tumors	
C63.7	HCC23	Prostate, Breast, and Other Cancers and Tumors	
C63.8	HCC23	Prostate, Breast, and Other Cancers and Tumors	
C63.9	HCC23	Prostate, Breast, and Other Cancers and Tumors	
C64.1	HCC22	Bladder, Colorectal, and Other Cancers	
C64.2	HCC22	Bladder, Colorectal, and Other Cancers	
C64.9	HCC22	Bladder, Colorectal, and Other Cancers	
C65.1	HCC22	Bladder, Colorectal, and Other Cancers	
C65.2	HCC22	Bladder, Colorectal, and Other Cancers	
C65.9	HCC22	Bladder, Colorectal, and Other Cancers	
C66.1	HCC22	Bladder, Colorectal, and Other Cancers	
C66.2	HCC22	Bladder, Colorectal, and Other Cancers	
C66.9	HCC22	Bladder, Colorectal, and Other Cancers	
C67.0	HCC22	Bladder, Colorectal, and Other Cancers	
C67.1	HCC22	Bladder, Colorectal, and Other Cancers	
C67.2	HCC22	Bladder, Colorectal, and Other Cancers	
C67.3	HCC22	Bladder, Colorectal, and Other Cancers	
C67.4	HCC22	Bladder, Colorectal, and Other Cancers	
C67.5	HCC22	Bladder, Colorectal, and Other Cancers	
C67.6	HCC22	Bladder, Colorectal, and Other Cancers	
C67.7	HCC22	Bladder, Colorectal, and Other Cancers	
C67.8	HCC22	Bladder, Colorectal, and Other Cancers	
C67.9	HCC22	Bladder, Colorectal, and Other Cancers	
C68.0	HCC22	Bladder, Colorectal, and Other Cancers	
C68.1	HCC22	Bladder, Colorectal, and Other Cancers	
C68.8	HCC22	Bladder, Colorectal, and Other Cancers	
C68.9	HCC22	Bladder, Colorectal, and Other Cancers	
C69.00	HCC23	Prostate, Breast, and Other Cancers and Tumors	
C69.01	HCC23	Prostate, Breast, and Other Cancers and Tumors	
C69.02	HCC23	Prostate, Breast, and Other Cancers and Tumors	
C69.10	HCC23	Prostate, Breast, and Other Cancers and Tumors	
C69.11	HCC23	Prostate, Breast, and Other Cancers and Tumors	
C69.12	HCC23	Prostate, Breast, and Other Cancers and Tumors	
C69.20	HCC23	Prostate, Breast, and Other Cancers and Tumors	
C69.21	HCC23	Prostate, Breast, and Other Cancers and Tumors	
C69.22	HCC23	Prostate, Breast, and Other Cancers and Tumors	
C69.30	HCC23	Prostate, Breast, and Other Cancers and Tumors	
C69.31	HCC23	Prostate, Breast, and Other Cancers and Tumors	
C69.32	HCC23	Prostate, Breast, and Other Cancers and Tumors	
C69.40	HCC23	Prostate, Breast, and Other Cancers and Tumors	
C69.41	HCC23	Prostate, Breast, and Other Cancers and Tumors	
C69.42	HCC23	Prostate, Breast, and Other Cancers and Tumors	
C69.50	HCC23	Prostate, Breast, and Other Cancers and Tumors	
C69.51	HCC23	Prostate, Breast, and Other Cancers and Tumors	
C69.52	HCC23	Prostate, Breast, and Other Cancers and Tumors	
C69.60	HCC23	Prostate, Breast, and Other Cancers and Tumors	
C69.61	HCC23	Prostate, Breast, and Other Cancers and Tumors	
C69.62	HCC23	Prostate, Breast, and Other Cancers and Tumors	
C69.80	HCC23	Prostate, Breast, and Other Cancers and Tumors	
C69.81	HCC23	Prostate, Breast, and Other Cancers and Tumors	
C69.82	HCC23	Prostate, Breast, and Other Cancers and Tumors	
C69.90	HCC23	Prostate, Breast, and Other Cancers and Tumors	
C69.91	HCC23	Prostate, Breast, and Other Cancers and Tumors	
C69.92	HCC23	Prostate, Breast, and Other Cancers and Tumors	
C70.0	HCC20	Lung and Other Severe Cancers	
C70.1	HCC20	Lung and Other Severe Cancers	
C70.9	HCC20	Lung and Other Severe Cancers	
C71.0	HCC20	Lung and Other Severe Cancers	
C71.1	HCC20	Lung and Other Severe Cancers	
C71.2	HCC20	Lung and Other Severe Cancers	
C71.3	HCC20	Lung and Other Severe Cancers	
C71.4	HCC20	Lung and Other Severe Cancers	
C71.5	HCC20	Lung and Other Severe Cancers	
C71.6	HCC20	Lung and Other Severe Cancers	
C71.7	HCC20	Lung and Other Severe Cancers	
C71.8	HCC20	Lung and Other Severe Cancers	
C71.9	HCC20	Lung and Other Severe Cancers	
C72.0	HCC20	Lung and Other Severe Cancers	
C72.1	HCC20	Lung and Other Severe Cancers	
C72.20	HCC20	Lung and Other Severe Cancers	
C72.21	HCC20	Lung and Other Severe Cancers	
C72.22	HCC20	Lung and Other Severe Cancers	
C72.30	HCC20	Lung and Other Severe Cancers	
C72.31	HCC20	Lung and Other Severe Cancers	
C72.32	HCC20	Lung and Other Severe Cancers	
C72.40	HCC20	Lung and Other Severe Cancers	
C72.41	HCC20	Lung and Other Severe Cancers	
C72.42	HCC20	Lung and Other Severe Cancers	
C72.50	HCC20	Lung and Other Severe Cancers	
C72.59	HCC20	Lung and Other Severe Cancers	
C72.9	HCC20	Lung and Other Severe Cancers	
C73	HCC23	Prostate, Breast, and Other Cancers and Tumors	
C74.00	HCC22	Bladder, Colorectal, and Other Cancers	age: age < 18
C74.00	HCC22	Bladder, Colorectal, and Other Cancers	age: age >= 18
C74.01	HCC22	Bladder, Colorectal, and Other Cancers	age: age < 18
C74.01	HCC22	Bladder, Colorectal, and Other Cancers	age: age >= 18
C74.02	HCC22	Bladder, Colorectal, and Other Cancers	age: age < 18
C74.02	HCC22	Bladder, Colorectal, and Other Cancers	age: age >= 18
C74.10	HCC22	Bladder, Colorectal, and Other Cancers	age: age < 18
C74.10	HCC22	Bladder, Colorectal, and Other Cancers	age: age >= 18
C74.11	HCC22	Bladder, Colorectal, and Other Cancers	age: age < 18
C74.11	HCC22	Bladder, Colorectal, and Other Cancers	age: age >= 18
C74.12	HCC22	Bladder, Colorectal, and Other Cancers	age: age < 18
C74.12	HCC22	Bladder, Colorectal, and Other Cancers	age: age >= 18
C74.90	HCC22	Bladder, Colorectal, and Other Cancers	age: age < 18
C74.90	HCC22	Bladder, Colorectal, and Other Cancers	age: age >= 18
C74.91	HCC22	Bladder, Colorectal, and Other Cancers	age: age < 18
C74.91	HCC22	Bladder, Colorectal, and Other Cancers	age: age >= 18
C74.92	HCC22	Bladder, Colorectal, and Other Cancers	age: age < 18
C74.92	HCC22	Bladder, Colorectal, and Other Cancers	age: age >= 18
C75.0	HCC23	Prostate, Breast, and Other Cancers and Tumors	
C75.1	HCC20	Lung and Other Severe Cancers	
C75.2	HCC20	Lung and Other Severe Cancers	
C75.3	HCC20	Lung and Other Severe Cancers	
C75.4	HCC23	Prostate, Breast, and Other Cancers and Tumors	
C75.5	HCC23	Prostate, Breast, and Other Cancers and Tumors	
C75.8	HCC23	Prostate, Breast, and Other Cancers and Tumors	
C75.9	HCC23	Prostate, Breast, and Other Cancers and Tumors	
C76.0	HCC23	Prostate, Breast, and Other Cancers and Tumors	
C76.1	HCC23	Prostate, Breast, and Other Cancers and Tumors	
C76.2	HCC23	Prostate, Breast, and Other Cancers and Tumors	
C76.3	HCC23	Prostate, Breast, and Other Cancers and Tumors	
C76.40	HCC23	Prostate, Breast, and Other Cancers and Tumors	
C76.41	HCC23	Prostate, Breast, and Other Cancers and Tumors	
C76.42	HCC23	Prostate, Breast, and Other Cancers and Tumors	
C76.50	HCC23	Prostate, Breast, and Other Cancers and Tumors	
C76.51	HCC23	Prostate, Breast, and Other Cancers and Tumors	
C76.52	HCC23	Prostate, Breast, and Other Cancers and Tumors	
C76.8	HCC23	Prostate, Breast, and Other Cancers and Tumors	
C77.0	HCC18	Cancer Metastatic to Bone, Other and Unspecified Metastatic Cancer; Acute Leukemia Except Myeloid	
C77.1	HCC17	Cancer Metastatic to Lung, Liver, Brain, and Other Organs; Acute Myeloid Leukemia Except Promyelocytic	
C77.2	HCC18	Cancer Metastatic to Bone, Other and Unspecified Metastatic Cancer; Acute Leukemia Except Myeloid	
C77.3	HCC20	Lung and Other Severe Cancers	
C77.4	HCC18	Cancer Metastatic to Bone, Other and Unspecified Metastatic Cancer; Acute Leukemia Except Myeloid	
C77.5	HCC18	Cancer Metastatic to Bone, Other and Unspecified Metastatic Cancer; Acute Leukemia Except Myeloid	
C77.8	HCC17	Cancer Metastatic to Lung, Liver, Brain, and Other Organs; Acute Myeloid Leukemia Except Promyelocytic	
C77.9	HCC18	Cancer Metastatic to Bone, Other and Unspecified Metastatic Cancer; Acute Leukemia Except Myeloid	
C78.00	HCC17	Cancer Metastatic to Lung, Liver, Brain, and Other Organs; Acute Myeloid Leukemia Except Promyelocytic	
C78.01	HCC17	Cancer Metastatic to Lung, Liver, Brain, and Other Organs; Acute Myeloid Leukemia Except Promyelocytic	
C78.02	HCC17	Cancer Metastatic to Lung, Liver, Brain, and Other Organs; Acute Myeloid Leukemia Except Promyelocytic	
C78.1	HCC17	Cancer Metastatic to Lung, Liver, Brain, and Other Organs; Acute Myeloid Leukemia Except Promyelocytic	
C78.2	HCC17	Cancer Metastatic to Lung, Liver, Brain, and Other Organs; Acute Myeloid Leukemia Except Promyelocytic	
C78.30	HCC17	Cancer Metastatic to Lung, Liver, Brain, and Other Organs; Acute Myeloid Leukemia Except Promyelocytic	
C78.39	HCC17	Cancer Metastatic to Lung, Liver, Brain, and Other Organs; Acute Myeloid Leukemia Except Promyelocytic	
C78.4	HCC17	Cancer Metastatic to Lung, Liver, Brain, and Other Organs; Acute Myeloid Leukemia Except Promyelocytic	
C78.5	HCC17	Cancer Metastatic to Lung, Liver, Brain, and Other Organs; Acute Myeloid Leukemia Except Promyelocytic	
C78.6	HCC17	Cancer Metastatic to Lung, Liver, Brain, and Other Organs; Acute Myeloid Leukemia Except Promyelocytic	
C78.7	HCC17	Cancer Metastatic to Lung, Liver, Brain, and Other Organs; Acute Myeloid Leukemia Except Promyelocytic	
C78.80	HCC17	Cancer Metastatic to Lung, Liver, Brain, and Other Organs; Acute Myeloid Leukemia Except Promyelocytic	
C78.89	HCC17	Cancer Metastatic to Lung, Liver, Brain, and Other Organs; Acute Myeloid Leukemia Except Promyelocytic	
C79.00	HCC17	Cancer Metastatic to Lung, Liver, Brain, and Other Organs; Acute Myeloid Leukemia Except Promyelocytic	
C79.01	HCC17	Cancer Metastatic to Lung, Liver, Brain, and Other Organs; Acute Myeloid Leukemia Except Promyelocytic	
C79.02	HCC17	Cancer Metastatic to Lung, Liver, Brain, and Other Organs; Acute Myeloid Leukemia Except Promyelocytic	
C79.10	HCC18	Cancer Metastatic to Bone, Other and Unspecified Metastatic Cancer; Acute Leukemia Except Myeloid	
C79.11	HCC18	Cancer Metastatic to Bone, Other and Unspecified Metastatic Cancer; Acute Leukemia Except Myeloid	
C79.19	HCC18	Cancer Metastatic to Bone, Other and Unspecified Metastatic Cancer; Acute Leukemia Except Myeloid	
C79.2	HCC18	Cancer Metastatic to Bone, Other and Unspecified Metastatic Cancer; Acute Leukemia Except Myeloid	
C79.31	HCC17	Cancer Metastatic to Lung, Liver, Brain, and Other Organs; Acute Myeloid Leukemia Except Promyelocytic	
C79.32	HCC17	Cancer Metastatic to Lung, Liver, Brain, and Other Organs; Acute Myeloid Leukemia Except Promyelocytic	
C79.40	HCC17	Cancer Metastatic to Lung, Liver, Brain, and Other Organs; Acute Myeloid Leukemia Except Promyelocytic	
C79.49	HCC17	Cancer Metastatic to Lung, Liver, Brain, and Other Organs; Acute Myeloid Leukemia Except Promyelocytic	
C79.51	HCC18	Cancer Metastatic to Bone, Other and Unspecified Metastatic Cancer; Acute Leukemia Except Myeloid	
C79.52	HCC18	Cancer Metastatic to Bone, Other and Unspecified Metastatic Cancer; Acute Leukemia Except Myeloid	
C79.60	HCC18	Cancer Metastatic to Bone, Other and Unspecified Metastatic Cancer; Acute Leukemia Except Myeloid	
C79.61	HCC18	Cancer Metastatic to Bone, Other and Unspecified Metastatic Cancer; Acute Leukemia Except Myeloid	
C79.62	HCC18	Cancer Metastatic to Bone, Other and Unspecified Metastatic Cancer; Acute Leukemia Except Myeloid	
C79.63	HCC18	Cancer Metastatic to Bone, Other and Unspecified Metastatic Cancer; Acute Leukemia Except Myeloid	
C79.70	HCC17	Cancer Metastatic to Lung, Liver, Brain, and Other Organs; Acute Myeloid Leukemia Except Promyelocytic	
C79.71	HCC17	Cancer Metastatic to Lung, Liver, Brain, and Other Organs; Acute Myeloid Leukemia Except Promyelocytic	
C79.72	HCC17	Cancer Metastatic to Lung, Liver, Brain, and Other Organs; Acute Myeloid Leukemia Except Promyelocytic	
C79.81	HCC18	Cancer Metastatic to Bone, Other and Unspecified Metastatic Cancer; Acute Leukemia Except Myeloid	
C79.82	HCC18	Cancer Metastatic to Bone, Other and Unspecified Metastatic Cancer; Acute Leukemia Except Myeloid	
C79.89	HCC18	Cancer Metastatic to Bone, Other and Unspecified Metastatic Cancer; Acute Leukemia Except Myeloid	
C79.9	HCC18	Cancer Metastatic to Bone, Other and Unspecified Metastatic Cancer; Acute Leukemia Except Myeloid	
C7A.00	HCC21	Lymphoma and Other Cancers	
C7A.010	HCC21	Lymphoma and Other Cancers	
C7A.011	HCC21	Lymphoma and Other Cancers	
C7A.012	HCC21	Lymphoma and Other Cancers	
C7A.019	HCC21	Lymphoma and Other Cancers	
C7A.020	HCC21	Lymphoma and Other Cancers	
C7A.021	HCC21	Lymphoma and Other Cancers	
C7A.022	HCC21	Lymphoma and Other Cancers	
C7A.023	HCC21	Lymphoma and Other Cancers	
C7A.024	HCC21	Lymphoma and Other Cancers	
C7A.025	HCC21	Lymphoma and Other Cancers	
C7A.026	HCC21	Lymphoma and Other Cancers	
C7A.029	HCC21	Lymphoma and Other Cancers	
C7A.090	HCC21	Lymphoma and Other Cancers	
C7A.091	HCC21	Lymphoma and Other Cancers	
C7A.092	HCC21	Lymphoma and Other Cancers	
C7A.093	HCC21	Lymphoma and Other Cancers	
C7A.094	HCC21	Lymphoma and Other Cancers	
C7A.095	HCC21	Lymphoma and Other Cancers	
C7A.096	HCC21	Lymphoma and Other Cancers	
C7A.098	HCC21	Lymphoma and Other Cancers	
C7A.1	HCC21	Lymphoma and Other Cancers	
C7A.8	HCC21	Lymphoma and Other Cancers	
C7B.00	HCC17	Cancer Metastatic to Lung, Liver, Brain, and Other Organs; Acute Myeloid Leukemia Except Promyelocytic	
C7B.01	HCC17	Cancer Metastatic to Lung, Liver, Brain, and Other Organs; Acute Myeloid Leukemia Except Promyelocytic	
C7B.02	HCC17	Cancer Metastatic to Lung, Liver, Brain, and Other Organs; Acute Myeloid Leukemia Except Promyelocytic	
C7B.03	HCC17	Cancer Metastatic to Lung, Liver, Brain, and Other Organs; Acute Myeloid Leukemia Except Promyelocytic	
C7B.04	HCC17	Cancer Metastatic to Lung, Liver, Brain, and Other Organs; Acute Myeloid Leukemia Except Promyelocytic	
C7B.09	HCC17	Cancer Metastatic to Lung, Liver, Brain, and Other Organs; Acute Myeloid Leukemia Except Promyelocytic	
C7B.1	HCC17	Cancer Metastatic to Lung, Liver, Brain, and Other Organs; Acute Myeloid Leukemia Except Promyelocytic	
C7B.8	HCC17	Cancer Metastatic to Lung, Liver, Brain, and Other Organs; Acute Myeloid Leukemia Except Promyelocytic	
C80.0	HCC18	Cancer Metastatic to Bone, Other and Unspecified Metastatic Cancer; Acute Leukemia Except Myeloid	
C80.1	HCC23	Prostate, Breast, and Other Cancers and Tumors	
C80.2	HCC23	Prostate, Breast, and Other Cancers and Tumors	
C81.00	HCC21	Lymphoma and Other Cancers	
C81.01	HCC21	Lymphoma and Other Cancers	
C81.02	HCC21	Lymphoma and Other Cancers	
C81.03	HCC21	Lymphoma and Other Cancers	
C81.04	HCC21	Lymphoma and Other Cancers	
C81.05	HCC21	Lymphoma and Other Cancers	
C81.06	HCC21	Lymphoma and Other Cancers	
C81.07	HCC21	Lymphoma and Other Cancers	
C81.08	HCC21	Lymphoma and Other Cancers	
C81.09	HCC21	Lymphoma and Other Cancers	
C81.0A	HCC21	Lymphoma and Other Cancers	
C81.10	HCC21	Lymphoma and Other Cancers	
C81.11	HCC21	Lymphoma and Other Cancers	
C81.12	HCC21	Lymphoma and Other Cancers	
C81.13	HCC21	Lymphoma and Other Cancers	
C81.14	HCC21	Lymphoma and Other Cancers	
C81.15	HCC21	Lymphoma and Other Cancers	
C81.16	HCC21	Lymphoma and Other Cancers	
C81.17	HCC21	Lymphoma and Other Cancers	
C81.18	HCC21	Lymphoma and Other Cancers	
C81.19	HCC21	Lymphoma and Other Cancers	
C81.1A	HCC21	Lymphoma and Other Cancers	
C81.20	HCC21	Lymphoma and Other Cancers	
C81.21	HCC21	Lymphoma and Other Cancers	
C81.22	HCC21	Lymphoma and Other Cancers	
C81.23	HCC21	Lymphoma and Other Cancers	
C81.24	HCC21	Lymphoma and Other Cancers	
C81.25	HCC21	Lymphoma and Other Cancers	
C81.26	HCC21	Lymphoma and Other Cancers	
C81.27	HCC21	Lymphoma and Other Cancers	
C81.28	HCC21	Lymphoma and Other Cancers	
C81.29	HCC21	Lymphoma and Other Cancers	
C81.2A	HCC21	Lymphoma and Other Cancers	
C81.30	HCC21	Lymphoma and Other Cancers	
C81.31	HCC21	Lymphoma and Other Cancers	
C81.32	HCC21	Lymphoma and Other Cancers	
C81.33	HCC21	Lymphoma and Other Cancers	
C81.34	HCC21	Lymphoma and Other Cancers	
C81.35	HCC21	Lymphoma and Other Cancers	
C81.36	HCC21	Lymphoma and Other Cancers	
C81.37	HCC21	Lymphoma and Other Cancers	
C81.38	HCC21	Lymphoma and Other Cancers	
C81.39	HCC21	Lymphoma and Other Cancers	
C81.3A	HCC21	Lymphoma and Other Cancers	
C81.40	HCC21	Lymphoma and Other Cancers	
C81.41	HCC21	Lymphoma and Other Cancers	
C81.42	HCC21	Lymphoma and Other Cancers	
C81.43	HCC21	Lymphoma and Other Cancers	
C81.44	HCC21	Lymphoma and Other Cancers	
C81.45	HCC21	Lymphoma and Other Cancers	
C81.46	HCC21	Lymphoma and Other Cancers	
C81.47	HCC21	Lymphoma and Other Cancers	
C81.48	HCC21	Lymphoma and Other Cancers	
C81.49	HCC21	Lymphoma and Other Cancers	
C81.4A	HCC21	Lymphoma and Other Cancers	
C81.70	HCC21	Lymphoma and Other Cancers	
C81.71	HCC21	Lymphoma and Other Cancers	
C81.72	HCC21	Lymphoma and Other Cancers	
C81.73	HCC21	Lymphoma and Other Cancers	
C81.74	HCC21	Lymphoma and Other Cancers	
C81.75	HCC21	Lymphoma and Other Cancers	
C81.76	HCC21	Lymphoma and Other Cancers	
C81.77	HCC21	Lymphoma and Other Cancers	
C81.78	HCC21	Lymphoma and Other Cancers	
C81.79	HCC21	Lymphoma and Other Cancers	
C81.7A	HCC21	Lymphoma and Other Cancers	
C81.90	HCC21	Lymphoma and Other Cancers	
C81.91	HCC21	Lymphoma and Other Cancers	
C81.92	HCC21	Lymphoma and Other Cancers	
C81.93	HCC21	Lymphoma and Other Cancers	
C81.94	HCC21	Lymphoma and Other Cancers	
C81.95	HCC21	Lymphoma and Other Cancers	
C81.96	HCC21	Lymphoma and Other Cancers	
C81.97	HCC21	Lymphoma and Other Cancers	
C81.98	HCC21	Lymphoma and Other Cancers	
C81.99	HCC21	Lymphoma and Other Cancers	
C81.9A	HCC21	Lymphoma and Other Cancers	
C82.00	HCC21	Lymphoma and Other Cancers	
C82.01	HCC21	Lymphoma and Other Cancers	
C82.02	HCC21	Lymphoma and Other Cancers	
C82.03	HCC21	Lymphoma and Other Cancers	
C82.04	HCC21	Lymphoma and Other Cancers	
C82.05	HCC21	Lymphoma and Other Cancers	
C82.06	HCC21	Lymphoma and Other Cancers	
C82.07	HCC21	Lymphoma and Other Cancers	
C82.08	HCC21	Lymphoma and Other Cancers	
C82.09	HCC21	Lymphoma and Other Cancers	
C82.0A	HCC21	Lymphoma and Other Cancers	
C82.10	HCC21	Lymphoma and Other Cancers	
C82.11	HCC21	Lymphoma and Other Cancers	
C82.12	HCC21	Lymphoma and Other Cancers	
C82.13	HCC21	Lymphoma and Other Cancers	
C82.14	HCC21	Lymphoma and Other Cancers	
C82.15	HCC21	Lymphoma and Other Cancers	
C82.16	HCC21	Lymphoma and Other Cancers	
C82.17	HCC21	Lymphoma and Other Cancers	
C82.18	HCC21	Lymphoma and Other Cancers	
C82.19	HCC21	Lymphoma and Other Cancers	
C82.1A	HCC21	Lymphoma and Other Cancers	
C82.20	HCC21	Lymphoma and Other Cancers	
C82.21	HCC21	Lymphoma and Other Cancers	
C82.22	HCC21	Lymphoma and Other Cancers	
C82.23	HCC21	Lymphoma and Other Cancers	
C82.24	HCC21	Lymphoma and Other Cancers	
C82.25	HCC21	Lymphoma and Other Cancers	
C82.26	HCC21	Lymphoma and Other Cancers	
C82.27	HCC21	Lymphoma and Other Cancers	
C82.28	HCC21	Lymphoma and Other Cancers	
C82.29	HCC21	Lymphoma and Other Cancers	
C82.2A	HCC21	Lymphoma and Other Cancers	
C82.30	HCC21	Lymphoma and Other Cancers	
C82.31	HCC21	Lymphoma and Other Cancers	
C82.32	HCC21	Lymphoma and Other Cancers	
C82.33	HCC21	Lymphoma and Other Cancers	
C82.34	HCC21	Lymphoma and Other Cancers	
C82.35	HCC21	Lymphoma and Other Cancers	
C82.36	HCC21	Lymphoma and Other Cancers	
C82.37	HCC21	Lymphoma and Other Cancers	
C82.38	HCC21	Lymphoma and Other Cancers	
C82.39	HCC21	Lymphoma and Other Cancers	
C82.3A	HCC21	Lymphoma and Other Cancers	
C82.40	HCC21	Lymphoma and Other Cancers	
C82.41	HCC21	Lymphoma and Other Cancers	
C82.42	HCC21	Lymphoma and Other Cancers	
C82.43	HCC21	Lymphoma and Other Cancers	
C82.44	HCC21	Lymphoma and Other Cancers	
C82.45	HCC21	Lymphoma and Other Cancers	
C82.46	HCC21	Lymphoma and Other Cancers	
C82.47	HCC21	Lymphoma and Other Cancers	
C82.48	HCC21	Lymphoma and Other Cancers	
C82.49	HCC21	Lymphoma and Other Cancers	
C82.4A	HCC21	Lymphoma and Other Cancers	
C82.50	HCC21	Lymphoma and Other Cancers	
C82.51	HCC21	Lymphoma and Other Cancers	
C82.52	HCC21	Lymphoma and Other Cancers	
C82.53	HCC21	Lymphoma and Other Cancers	
C82.54	HCC21	Lymphoma and Other Cancers	
C82.55	HCC21	Lymphoma and Other Cancers	
C82.56	HCC21	Lymphoma and Other Cancers	
C82.57	HCC21	Lymphoma and Other Cancers	
C82.58	HCC21	Lymphoma and Other Cancers	
C82.59	HCC21	Lymphoma and Other Cancers	
C82.5A	HCC21	Lymphoma and Other Cancers	
C82.60	HCC21	Lymphoma and Other Cancers	
C82.61	HCC21	Lymphoma and Other Cancers	
C82.62	HCC21	Lymphoma and Other Cancers	
C82.63	HCC21	Lymphoma and Other Cancers	
C82.64	HCC21	Lymphoma and Other Cancers	
C82.65	HCC21	Lymphoma and Other Cancers	
C82.66	HCC21	Lymphoma and Other Cancers	
C82.67	HCC21	Lymphoma and Other Cancers	
C82.68	HCC21	Lymphoma and Other Cancers	
C82.69	HCC21	Lymphoma and Other Cancers	
C82.6A	HCC21	Lymphoma and Other Cancers	
C82.80	HCC21	Lymphoma and Other Cancers	
C82.81	HCC21	Lymphoma and Other Cancers	
C82.82	HCC21	Lymphoma and Other Cancers	
C82.83	HCC21	Lymphoma and Other Cancers	
C82.84	HCC21	Lymphoma and Other Cancers	
C82.85	HCC21	Lymphoma and Other Cancers	
C82.86	HCC21	Lymphoma and Other Cancers	
C82.87	HCC21	Lymphoma and Other Cancers	
C82.88	HCC21	Lymphoma and Other Cancers	
C82.89	HCC21	Lymphoma and Other Cancers	
C82.8A	HCC21	Lymphoma and Other Cancers	
C82.90	HCC21	Lymphoma and Other Cancers	
C82.91	HCC21	Lymphoma and Other Cancers	
C82.92	HCC21	Lymphoma and Other Cancers	
C82.93	HCC21	Lymphoma and Other Cancers	
C82.94	HCC21	Lymphoma and Other Cancers	
C82.95	HCC21	Lymphoma and Other Cancers	
C82.96	HCC21	Lymphoma and Other Cancers	
C82.97	HCC21	Lymphoma and Other Cancers	
C82.98	HCC21	Lymphoma and Other Cancers	
C82.99	HCC21	Lymphoma and Other Cancers	
C82.9A	HCC21	Lymphoma and Other Cancers	
C83.00	HCC21	Lymphoma and Other Cancers	
C83.01	HCC21	Lymphoma and Other Cancers	
C83.02	HCC21	Lymphoma and Other Cancers	
C83.03	HCC21	Lymphoma and Other Cancers	
C83.04	HCC21	Lymphoma and Other Cancers	
C83.05	HCC21	Lymphoma and Other Cancers	
C83.06	HCC21	Lymphoma and Other Cancers	
C83.07	HCC21	Lymphoma and Other Cancers	
C83.08	HCC21	Lymphoma and Other Cancers	
C83.09	HCC21	Lymphoma and Other Cancers	
C83.0A	HCC21	Lymphoma and Other Cancers	
C83.10	HCC20	Lung and Other Severe Cancers	
C83.11	HCC20	Lung and Other Severe Cancers	
C83.12	HCC20	Lung and Other Severe Cancers	
C83.13	HCC20	Lung and Other Severe Cancers	
C83.14	HCC20	Lung and Other Severe Cancers	
C83.15	HCC20	Lung and Other Severe Cancers	
C83.16	HCC20	Lung and Other Severe Cancers	
C83.17	HCC20	Lung and Other Severe Cancers	
C83.18	HCC20	Lung and Other Severe Cancers	
C83.19	HCC20	Lung and Other Severe Cancers	
C83.1A	HCC20	Lung and Other Severe Cancers	
C83.30	HCC20	Lung and Other Severe Cancers	
C83.31	HCC20	Lung and Other Severe Cancers	
C83.32	HCC20	Lung and Other Severe Cancers	
C83.33	HCC20	Lung and Other Severe Cancers	
C83.34	HCC20	Lung and Other Severe Cancers	
C83.35	HCC20	Lung and Other Severe Cancers	
C83.36	HCC20	Lung and Other Severe Cancers	
C83.37	HCC20	Lung and Other Severe Cancers	
C83.38	HCC20	Lung and Other Severe Cancers	
C83.390	HCC20	Lung and Other Severe Cancers	
C83.398	HCC20	Lung and Other Severe Cancers	
C83.3A	HCC20	Lung and Other Severe Cancers	
C83.50	HCC20	Lung and Other Severe Cancers	
C83.51	HCC20	Lung and Other Severe Cancers	
C83.52	HCC20	Lung and Other Severe Cancers	
C83.53	HCC20	Lung and Other Severe Cancers	
C83.54	HCC20	Lung and Other Severe Cancers	
C83.55	HCC20	Lung and Other Severe Cancers	
C83.56	HCC20	Lung and Other Severe Cancers	
C83.57	HCC20	Lung and Other Severe Cancers	
C83.58	HCC20	Lung and Other Severe Cancers	
C83.59	HCC20	Lung and Other Severe Cancers	
C83.5A	HCC20	Lung and Other Severe Cancers	
C83.70	HCC20	Lung and Other Severe Cancers	
C83.71	HCC20	Lung and Other Severe Cancers	
C83.72	HCC20	Lung and Other Severe Cancers	
C83.73	HCC20	Lung and Other Severe Cancers	
C83.74	HCC20	Lung and Other Severe Cancers	
C83.75	HCC20	Lung and Other Severe Cancers	
C83.76	HCC20	Lung and Other Severe Cancers	
C83.77	HCC20	Lung and Other Severe Cancers	
C83.78	HCC20	Lung and Other Severe Cancers	
C83.79	HCC20	Lung and Other Severe Cancers	
C83.7A	HCC20	Lung and Other Severe Cancers	
C83.80	HCC21	Lymphoma and Other Cancers	
C83.81	HCC21	Lymphoma and Other Cancers	
C83.82	HCC21	Lymphoma and Other Cancers	
C83.83	HCC21	Lymphoma and Other Cancers	
C83.84	HCC21	Lymphoma and Other Cancers	
C83.85	HCC21	Lymphoma and Other Cancers	
C83.86	HCC21	Lymphoma and Other Cancers	
C83.87	HCC21	Lymphoma and Other Cancers	
C83.88	HCC21	Lymphoma and Other Cancers	
C83.89	HCC21	Lymphoma and Other Cancers	
C83.8A	HCC21	Lymphoma and Other Cancers	
C83.90	HCC21	Lymphoma and Other Cancers	
C83.91	HCC21	Lymphoma and Other Cancers	
C83.92	HCC21	Lymphoma and Other Cancers	
C83.93	HCC21	Lymphoma and Other Cancers	
C83.94	HCC21	Lymphoma and Other Cancers	
C83.95	HCC21	Lymphoma and Other Cancers	
C83.96	HCC21	Lymphoma and Other Cancers	
C83.97	HCC21	Lymphoma and Other Cancers	
C83.98	HCC21	Lymphoma and Other Cancers	
C83.99	HCC21	Lymphoma and Other Cancers	
C83.9A	HCC21	Lymphoma and Other Cancers	
C84.00	HCC20	Lung and Other Severe Cancers	
C84.01	HCC20	Lung and Other Severe Cancers	
C84.02	HCC20	Lung and Other Severe Cancers	
C84.03	HCC20	Lung and Other Severe Cancers	
C84.04	HCC20	Lung and Other Severe Cancers	
C84.05	HCC20	Lung and Other Severe Cancers	
C84.06	HCC20	Lung and Other Severe Cancers	
C84.07	HCC20	Lung and Other Severe Cancers	
C84.08	HCC20	Lung and Other Severe Cancers	
C84.09	HCC20	Lung and Other Severe Cancers	
C84.0A	HCC20	Lung and Other Severe Cancers	
C84.10	HCC17	Cancer Metastatic to Lung, Liver, Brain, and Other Organs; Acute Myeloid Leukemia Except Promyelocytic	
C84.11	HCC17	Cancer Metastatic to Lung, Liver, Brain, and Other Organs; Acute Myeloid Leukemia Except Promyelocytic	
C84.12	HCC17	Cancer Metastatic to Lung, Liver, Brain, and Other Organs; Acute Myeloid Leukemia Except Promyelocytic	
C84.13	HCC17	Cancer Metastatic to Lung, Liver, Brain, and Other Organs; Acute Myeloid Leukemia Except Promyelocytic	
C84.14	HCC17	Cancer Metastatic to Lung, Liver, Brain, and Other Organs; Acute Myeloid Leukemia Except Promyelocytic	
C84.15	HCC17	Cancer Metastatic to Lung, Liver, Brain, and Other Organs; Acute Myeloid Leukemia Except Promyelocytic	
C84.16	HCC17	Cancer Metastatic to Lung, Liver, Brain, and Other Organs; Acute Myeloid Leukemia Except Promyelocytic	
C84.17	HCC17	Cancer Metastatic to Lung, Liver, Brain, and Other Organs; Acute Myeloid Leukemia Except Promyelocytic	
C84.18	HCC17	Cancer Metastatic to Lung, Liver, Brain, and Other Organs; Acute Myeloid Leukemia Except Promyelocytic	
C84.19	HCC17	Cancer Metastatic to Lung, Liver, Brain, and Other Organs; Acute Myeloid Leukemia Except Promyelocytic	
C84.1A	HCC17	Cancer Metastatic to Lung, Liver, Brain, and Other Organs; Acute Myeloid Leukemia Except Promyelocytic	
C84.40	HCC19	Myelodysplastic Syndromes, Multiple Myeloma, and Other Cancers	
C84.41	HCC19	Myelodysplastic Syndromes, Multiple Myeloma, and Other Cancers	
C84.42	HCC19	Myelodysplastic Syndromes, Multiple Myeloma, and Other Cancers	
C84.43	HCC19	Myelodysplastic Syndromes, Multiple Myeloma, and Other Cancers	
C84.44	HCC19	Myelodysplastic Syndromes, Multiple Myeloma, and Other Cancers	
C84.45	HCC19	Myelodysplastic Syndromes, Multiple Myeloma, and Other Cancers	
C84.46	HCC19	Myelodysplastic Syndromes, Multiple Myeloma, and Other Cancers	
C84.47	HCC19	Myelodysplastic Syndromes, Multiple Myeloma, and Other Cancers	
C84.48	HCC19	Myelodysplastic Syndromes, Multiple Myeloma, and Other Cancers	
C84.49	HCC19	Myelodysplastic Syndromes, Multiple Myeloma, and Other Cancers	
C84.4A	HCC19	Myelodysplastic Syndromes, Multiple Myeloma, and Other Cancers	
C84.60	HCC20	Lung and Other Severe Cancers	
C84.61	HCC20	Lung and Other Severe Cancers	
C84.62	HCC20	Lung and Other Severe Cancers	
C84.63	HCC20	Lung and Other Severe Cancers	
C84.64	HCC20	Lung and Other Severe Cancers	
C84.65	HCC20	Lung and Other Severe Cancers	
C84.66	HCC20	Lung and Other Severe Cancers	
C84.67	HCC20	Lung and Other Severe Cancers	
C84.68	HCC20	Lung and Other Severe Cancers	
C84.69	HCC20	Lung and Other Severe Cancers	
C84.6A	HCC20	Lung and Other Severe Cancers	
C84.70	HCC19	Myelodysplastic Syndromes, Multiple Myeloma, and Other Cancers	
C84.71	HCC19	Myelodysplastic Syndromes, Multiple Myeloma, and Other Cancers	
C84.72	HCC19	Myelodysplastic Syndromes, Multiple Myeloma, and Other Cancers	
C84.73	HCC19	Myelodysplastic Syndromes, Multiple Myeloma, and Other Cancers	
C84.74	HCC19	Myelodysplastic Syndromes, Multiple Myeloma, and Other Cancers	
C84.75	HCC19	Myelodysplastic Syndromes, Multiple Myeloma, and Other Cancers	
C84.76	HCC19	Myelodysplastic Syndromes, Multiple Myeloma, and Other Cancers	
C84.77	HCC19	Myelodysplastic Syndromes, Multiple Myeloma, and Other Cancers	
C84.78	HCC19	Myelodysplastic Syndromes, Multiple Myeloma, and Other Cancers	
C84.79	HCC19	Myelodysplastic Syndromes, Multiple Myeloma, and Other Cancers	
C84.7A	HCC19	Myelodysplastic Syndromes, Multiple Myeloma, and Other Cancers	
C84.7B	HCC19	Myelodysplastic Syndromes, Multiple Myeloma, and Other Cancers	
C84.90	HCC20	Lung and Other Severe Cancers	
C84.91	HCC20	Lung and Other Severe Cancers	
C84.92	HCC20	Lung and Other Severe Cancers	
C84.93	HCC20	Lung and Other Severe Cancers	
C84.94	HCC20	Lung and Other Severe Cancers	
C84.95	HCC20	Lung and Other Severe Cancers	
C84.96	HCC20	Lung and Other Severe Cancers	
C84.97	HCC20	Lung and Other Severe Cancers	
C84.98	HCC20	Lung and Other Severe Cancers	
C84.99	HCC20	Lung and Other Severe Cancers	
C84.9A	HCC20	Lung and Other Severe Cancers	
C84.A0	HCC20	Lung and Other Severe Cancers	
C84.A1	HCC20	Lung and Other Severe Cancers	
C84.A2	HCC20	Lung and Other Severe Cancers	
C84.A3	HCC20	Lung and Other Severe Cancers	
C84.A4	HCC20	Lung and Other Severe Cancers	
C84.A5	HCC20	Lung and Other Severe Cancers	
C84.A6	HCC20	Lung and Other Severe Cancers	
C84.A7	HCC20	Lung and Other Severe Cancers	
C84.A8	HCC20	Lung and Other Severe Cancers	
C84.A9	HCC20	Lung and Other Severe Cancers	
C84.AA	HCC20	Lung and Other Severe Cancers	
C84.Z0	HCC20	Lung and Other Severe Cancers	
C84.Z1	HCC20	Lung and Other Severe Cancers	
C84.Z2	HCC20	Lung and Other Severe Cancers	
C84.Z3	HCC20	Lung and Other Severe Cancers	
C84.Z4	HCC20	Lung and Other Severe Cancers	
C84.Z5	HCC20	Lung and Other Severe Cancers	
C84.Z6	HCC20	Lung and Other Severe Cancers	
C84.Z7	HCC20	Lung and Other Severe Cancers	
C84.Z8	HCC20	Lung and Other Severe Cancers	
C84.Z9	HCC20	Lung and Other Severe Cancers	
C84.ZA	HCC20	Lung and Other Severe Cancers	
C85.10	HCC21	Lymphoma and Other Cancers	
C85.11	HCC21	Lymphoma and Other Cancers	
C85.12	HCC21	Lymphoma and Other Cancers	
C85.13	HCC21	Lymphoma and Other Cancers	
C85.14	HCC21	Lymphoma and Other Cancers	
C85.15	HCC21	Lymphoma and Other Cancers	
C85.16	HCC21	Lymphoma and Other Cancers	
C85.17	HCC21	Lymphoma and Other Cancers	
C85.18	HCC21	Lymphoma and Other Cancers	
C85.19	HCC21	Lymphoma and Other Cancers	
C85.1A	HCC21	Lymphoma and Other Cancers	
C85.20	HCC21	Lymphoma and Other Cancers	
C85.21	HCC21	Lymphoma and Other Cancers	
C85.22	HCC21	Lymphoma and Other Cancers	
C85.23	HCC21	Lymphoma and Other Cancers	
C85.24	HCC21	Lymphoma and Other Cancers	
C85.25	HCC21	Lymphoma and Other Cancers	
C85.26	HCC21	Lymphoma and Other Cancers	
C85.27	HCC21	Lymphoma and Other Cancers	
C85.28	HCC21	Lymphoma and Other Cancers	
C85.29	HCC21	Lymphoma and Other Cancers	
C85.2A	HCC21	Lymphoma and Other Cancers	
C85.80	HCC21	Lymphoma and Other Cancers	
C85.81	HCC21	Lymphoma and Other Cancers	
C85.82	HCC21	Lymphoma and Other Cancers	
C85.83	HCC21	Lymphoma and Other Cancers	
C85.84	HCC21	Lymphoma and Other Cancers	
C85.85	HCC21	Lymphoma and Other Cancers	
C85.86	HCC21	Lymphoma and Other Cancers	
C85.87	HCC21	Lymphoma and Other Cancers	
C85.88	HCC21	Lymphoma and Other Cancers	
C85.89	HCC21	Lymphoma and Other Cancers	
C85.8A	HCC21	Lymphoma and Other Cancers	
C85.90	HCC21	Lymphoma and Other Cancers	
C85.91	HCC21	Lymphoma and Other Cancers	
C85.92	HCC21	Lymphoma and Other Cancers	
C85.93	HCC21	Lymphoma and Other Cancers	
C85.94	HCC21	Lymphoma and Other Cancers	
C85.95	HCC21	Lymphoma and Other Cancers	
C85.96	HCC21	Lymphoma and Other Cancers	
C85.97	HCC21	Lymphoma and Other Cancers	
C85.98	HCC21	Lymphoma and Other Cancers	
C85.99	HCC21	Lymphoma and Other Cancers	
C85.9A	HCC21	Lymphoma and Other Cancers	
C86.00	HCC20	Lung and Other Severe Cancers	
C86.01	HCC20	Lung and Other Severe Cancers	
C86.10	HCC20	Lung and Other Severe Cancers	
C86.11	HCC20	Lung and Other Severe Cancers	
C86.20	HCC20	Lung and Other Severe Cancers	
C86.21	HCC20	Lung and Other Severe Cancers	
C86.30	HCC19	Myelodysplastic Syndromes, Multiple Myeloma, and Other Cancers	
C86.31	HCC19	Myelodysplastic Syndromes, Multiple Myeloma, and Other Cancers	
C86.40	HCC19	Myelodysplastic Syndromes, Multiple Myeloma, and Other Cancers	
C86.41	HCC19	Myelodysplastic Syndromes, Multiple Myeloma, and Other Cancers	
C86.50	HCC19	Myelodysplastic Syndromes, Multiple Myeloma, and Other Cancers	
C86.51	HCC19	Myelodysplastic Syndromes, Multiple Myeloma, and Other Cancers	
C86.60	HCC20	Lung and Other Severe Cancers	
C86.61	HCC20	Lung and Other Severe Cancers	
C88.00	HCC21	Lymphoma and Other Cancers	
C88.01	HCC21	Lymphoma and Other Cancers	
C88.20	HCC21	Lymphoma and Other Cancers	
C88.21	HCC21	Lymphoma and Other Cancers	
C88.30	HCC21	Lymphoma and Other Cancers	
C88.31	HCC21	Lymphoma and Other Cancers	
C88.40	HCC21	Lymphoma and Other Cancers	
C88.41	HCC21	Lymphoma and Other Cancers	
C88.80	HCC21	Lymphoma and Other Cancers	
C88.81	HCC21	Lymphoma and Other Cancers	
C88.90	HCC21	Lymphoma and Other Cancers	
C88.91	HCC21	Lymphoma and Other Cancers	
C90.00	HCC19	Myelodysplastic Syndromes, Multiple Myeloma, and Other Cancers	
C90.01	HCC19	Myelodysplastic Syndromes, Multiple Myeloma, and Other Cancers	
C90.02	HCC19	Myelodysplastic Syndromes, Multiple Myeloma, and Other Cancers	
C90.10	HCC19	Myelodysplastic Syndromes, Multiple Myeloma, and Other Cancers	
C90.11	HCC19	Myelodysplastic Syndromes, Multiple Myeloma, and Other Cancers	
C90.12	HCC19	Myelodysplastic Syndromes, Multiple Myeloma, and Other Cancers	
C90.20	HCC19	Myelodysplastic Syndromes, Multiple Myeloma, and Other Cancers	
C90.21	HCC19	Myelodysplastic Syndromes, Multiple Myeloma, and Other Cancers	
C90.22	HCC19	Myelodysplastic Syndromes, Multiple Myeloma, and Other Cancers	
C90.30	HCC19	Myelodysplastic Syndromes, Multiple Myeloma, and Other Cancers	
C90.31	HCC19	Myelodysplastic Syndromes, Multiple Myeloma, and Other Cancers	
C90.32	HCC19	Myelodysplastic Syndromes, Multiple Myeloma, and Other Cancers	
C91.00	HCC18	Cancer Metastatic to Bone, Other and Unspecified Metastatic Cancer; Acute Leukemia Except Myeloid	age: age < 18
C91.00	HCC18	Cancer Metastatic to Bone, Other and Unspecified Metastatic Cancer; Acute Leukemia Except Myeloid	age: age >= 18
C91.01	HCC18	Cancer Metastatic to Bone, Other and Unspecified Metastatic Cancer; Acute Leukemia Except Myeloid	age: age < 18
C91.01	HCC18	Cancer Metastatic to Bone, Other and Unspecified Metastatic Cancer; Acute Leukemia Except Myeloid	age: age >= 18
C91.02	HCC18	Cancer Metastatic to Bone, Other and Unspecified Metastatic Cancer; Acute Leukemia Except Myeloid	age: age < 18
C91.02	HCC18	Cancer Metastatic to Bone, Other and Unspecified Metastatic Cancer; Acute Leukemia Except Myeloid	age: age >= 18
C91.10	HCC22	Bladder, Colorectal, and Other Cancers	
C91.11	HCC22	Bladder, Colorectal, and Other Cancers	
C91.12	HCC22	Bladder, Colorectal, and Other Cancers	
C91.30	HCC19	Myelodysplastic Syndromes, Multiple Myeloma, and Other Cancers	
C91.31	HCC19	Myelodysplastic Syndromes, Multiple Myeloma, and Other Cancers	
C91.32	HCC19	Myelodysplastic Syndromes, Multiple Myeloma, and Other Cancers	
C91.40	HCC22	Bladder, Colorectal, and Other Cancers	
C91.41	HCC22	Bladder, Colorectal, and Other Cancers	
C91.42	HCC22	Bladder, Colorectal, and Other Cancers	
C91.50	HCC19	Myelodysplastic Syndromes, Multiple Myeloma, and Other Cancers	mce: age >= 15
C91.51	HCC19	Myelodysplastic Syndromes, Multiple Myeloma, and Other Cancers	mce: age >= 15
C91.52	HCC19	Myelodysplastic Syndromes, Multiple Myeloma, and Other Cancers	mce: age >= 15
C91.60	HCC19	Myelodysplastic Syndromes, Multiple Myeloma, and Other Cancers	
C91.61	HCC19	Myelodysplastic Syndromes, Multiple Myeloma, and Other Cancers	
C91.62	HCC19	Myelodysplastic Syndromes, Multiple Myeloma, and Other Cancers	
C91.90	HCC22	Bladder, Colorectal, and Other Cancers	
C91.91	HCC22	Bladder, Colorectal, and Other Cancers	
C91.92	HCC22	Bladder, Colorectal, and Other Cancers	
C91.A0	HCC20	Lung and Other Severe Cancers	
C91.A1	HCC20	Lung and Other Severe Cancers	
C91.A2	HCC20	Lung and Other Severe Cancers	
C91.Z0	HCC22	Bladder, Colorectal, and Other Cancers	
C91.Z1	HCC22	Bladder, Colorectal, and Other Cancers	
C91.Z2	HCC22	Bladder, Colorectal, and Other Cancers	
C92.00	HCC17	Cancer Metastatic to Lung, Liver, Brain, and Other Organs; Acute Myeloid Leukemia Except Promyelocytic	
C92.01	HCC17	Cancer Metastatic to Lung, Liver, Brain, and Other Organs; Acute Myeloid Leukemia Except Promyelocytic	
C92.02	HCC17	Cancer Metastatic to Lung, Liver, Brain, and Other Organs; Acute Myeloid Leukemia Except Promyelocytic	
C92.10	HCC22	Bladder, Colorectal, and Other Cancers	
C92.11	HCC22	Bladder, Colorectal, and Other Cancers	
C92.12	HCC22	Bladder, Colorectal, and Other Cancers	
C92.20	HCC20	Lung and Other Severe Cancers	
C92.21	HCC20	Lung and Other Severe Cancers	
C92.22	HCC20	Lung and Other Severe Cancers	
C92.30	HCC17	Cancer Metastatic to Lung, Liver, Brain, and Other Organs; Acute Myeloid Leukemia Except Promyelocytic	
C92.31	HCC17	Cancer Metastatic to Lung, Liver, Brain, and Other Organs; Acute Myeloid Leukemia Except Promyelocytic	
C92.32	HCC17	Cancer Metastatic to Lung, Liver, Brain, and Other Organs; Acute Myeloid Leukemia Except Promyelocytic	
C92.40	HCC22	Bladder, Colorectal, and Other Cancers	
C92.41	HCC22	Bladder, Colorectal, and Other Cancers	
C92.42	HCC22	Bladder, Colorectal, and Other Cancers	
C92.50	HCC17	Cancer Metastatic to Lung, Liver, Brain, and Other Organs; Acute Myeloid Leukemia Except Promyelocytic	
C92.51	HCC17	Cancer Metastatic to Lung, Liver, Brain, and Other Organs; Acute Myeloid Leukemia Except Promyelocytic	
C92.52	HCC17	Cancer Metastatic to Lung, Liver, Brain, and Other Organs; Acute Myeloid Leukemia Except Promyelocytic	
C92.60	HCC17	Cancer Metastatic to Lung, Liver, Brain, and Other Organs; Acute Myeloid Leukemia Except Promyelocytic	
C92.61	HCC17	Cancer Metastatic to Lung, Liver, Brain, and Other Organs; Acute Myeloid Leukemia Except Promyelocytic	
C92.62	HCC17	Cancer Metastatic to Lung, Liver, Brain, and Other Organs; Acute Myeloid Leukemia Except Promyelocytic	
C92.90	HCC20	Lung and Other Severe Cancers	
C92.91	HCC20	Lung and Other Severe Cancers	
C92.92	HCC20	Lung and Other Severe Cancers	
C92.A0	HCC17	Cancer Metastatic to Lung, Liver, Brain, and Other Organs; Acute Myeloid Leukemia Except Promyelocytic	
C92.A1	HCC17	Cancer Metastatic to Lung, Liver, Brain, and Other Organs; Acute Myeloid Leukemia Except Promyelocytic	
C92.A2	HCC17	Cancer Metastatic to Lung, Liver, Brain, and Other Organs; Acute Myeloid Leukemia Except Promyelocytic	
C92.Z0	HCC20	Lung and Other Severe Cancers	
C92.Z1	HCC20	Lung and Other Severe Cancers	
C92.Z2	HCC20	Lung and Other Severe Cancers	
C93.00	HCC17	Cancer Metastatic to Lung, Liver, Brain, and Other Organs; Acute Myeloid Leukemia Except Promyelocytic	
C93.01	HCC17	Cancer Metastatic to Lung, Liver, Brain, and Other Organs; Acute Myeloid Leukemia Except Promyelocytic	
C93.02	HCC17	Cancer Metastatic to Lung, Liver, Brain, and Other Organs; Acute Myeloid Leukemia Except Promyelocytic	
C93.10	HCC20	Lung and Other Severe Cancers	
C93.11	HCC20	Lung and Other Severe Cancers	
C93.12	HCC20	Lung and Other Severe Cancers	
C93.30	HCC20	Lung and Other Severe Cancers	mce: 0 <= age <= 17
C93.31	HCC20	Lung and Other Severe Cancers	mce: 0 <= age <= 17
C93.32	HCC20	Lung and Other Severe Cancers	mce: 0 <= age <= 17
C93.90	HCC20	Lung and Other Severe Cancers	
C93.91	HCC20	Lung and Other Severe Cancers	
C93.92	HCC20	Lung and Other Severe Cancers	
C93.Z0	HCC20	Lung and Other Severe Cancers	
C93.Z1	HCC20	Lung and Other Severe Cancers	
C93.Z2	HCC20	Lung and Other Severe Cancers	
C94.00	HCC17	Cancer Metastatic to Lung, Liver, Brain, and Other Organs; Acute Myeloid Leukemia Except Promyelocytic	
C94.01	HCC17	Cancer Metastatic to Lung, Liver, Brain, and Other Organs; Acute Myeloid Leukemia Except Promyelocytic	
C94.02	HCC17	Cancer Metastatic to Lung, Liver, Brain, and Other Organs; Acute Myeloid Leukemia Except Promyelocytic	
C94.20	HCC17	Cancer Metastatic to Lung, Liver, Brain, and Other Organs; Acute Myeloid Leukemia Except Promyelocytic	
C94.21	HCC17	Cancer Metastatic to Lung, Liver, Brain, and Other Organs; Acute Myeloid Leukemia Except Promyelocytic	
C94.22	HCC17	Cancer Metastatic to Lung, Liver, Brain, and Other Organs; Acute Myeloid Leukemia Except Promyelocytic	
C94.30	HCC20	Lung and Other Severe Cancers	
C94.31	HCC20	Lung and Other Severe Cancers	
C94.32	HCC20	Lung and Other Severe Cancers	
C94.40	HCC17	Cancer Metastatic to Lung, Liver, Brain, and Other Organs; Acute Myeloid Leukemia Except Promyelocytic	
C94.41	HCC17	Cancer Metastatic to Lung, Liver, Brain, and Other Organs; Acute Myeloid Leukemia Except Promyelocytic	
C94.42	HCC17	Cancer Metastatic to Lung, Liver, Brain, and Other Organs; Acute Myeloid Leukemia Except Promyelocytic	
C94.6	HCC19	Myelodysplastic Syndromes, Multiple Myeloma, and Other Cancers	
C94.80	HCC20	Lung and Other Severe Cancers	
C94.81	HCC20	Lung and Other Severe Cancers	
C94.82	HCC20	Lung and Other Severe Cancers	
C95.00	HCC18	Cancer Metastatic to Bone, Other and Unspecified Metastatic Cancer; Acute Leukemia Except Myeloid	age: age < 18
C95.00	HCC18	Cancer Metastatic to Bone, Other and Unspecified Metastatic Cancer; Acute Leukemia Except Myeloid	age: age >= 18
C95.01	HCC18	Cancer Metastatic to Bone, Other and Unspecified Metastatic Cancer; Acute Leukemia Except Myeloid	age: age < 18
C95.01	HCC18	Cancer Metastatic to Bone, Other and Unspecified Metastatic Cancer; Acute Leukemia Except Myeloid	age: age >= 18
C95.02	HCC18	Cancer Metastatic to Bone, Other and Unspecified Metastatic Cancer; Acute Leukemia Except Myeloid	age: age < 18
C95.02	HCC18	Cancer Metastatic to Bone, Other and Unspecified Metastatic Cancer; Acute Leukemia Except Myeloid	age: age >= 18
C95.10	HCC22	Bladder, Colorectal, and Other Cancers	
C95.11	HCC22	Bladder, Colorectal, and Other Cancers	
C95.12	HCC22	Bladder, Colorectal, and Other Cancers	
C95.90	HCC22	Bladder, Colorectal, and Other Cancers	
C95.91	HCC22	Bladder, Colorectal, and Other Cancers	
C95.92	HCC22	Bladder, Colorectal, and Other Cancers	
C96.0	HCC21	Lymphoma and Other Cancers	
C96.20	HCC21	Lymphoma and Other Cancers	
C96.21	HCC21	Lymphoma and Other Cancers	
C96.22	HCC21	Lymphoma and Other Cancers	
C96.29	HCC21	Lymphoma and Other Cancers	
C96.4	HCC21	Lymphoma and Other Cancers	
C96.5	HCC21	Lymphoma and Other Cancers	
C96.6	HCC21	Lymphoma and Other Cancers	
C96.9	HCC21	Lymphoma and Other Cancers	
C96.A	HCC21	Lymphoma and Other Cancers	
C96.Z	HCC21	Lymphoma and Other Cancers	
D03.0	HCC23	Prostate, Breast, and Other Cancers and Tumors	
D03.10	HCC23	Prostate, Breast, and Other Cancers and Tumors	
D03.111	HCC23	Prostate, Breast, and Other Cancers and Tumors	
D03.112	HCC23	Prostate, Breast, and Other Cancers and Tumors	
D03.121	HCC23	Prostate, Breast, and Other Cancers and Tumors	
D03.122	HCC23	Prostate, Breast, and Other Cancers and Tumors	
D03.20	HCC23	Prostate, Breast, and Other Cancers and Tumors	
D03.21	HCC23	Prostate, Breast, and Other Cancers and Tumors	
D03.22	HCC23	Prostate, Breast, and Other Cancers and Tumors	
D03.30	HCC23	Prostate, Breast, and Other Cancers and Tumors	
D03.39	HCC23	Prostate, Breast, and Other Cancers and Tumors	
D03.4	HCC23	Prostate, Breast, and Other Cancers and Tumors	
D03.51	HCC23	Prostate, Breast, and Other Cancers and Tumors	
D03.52	HCC23	Prostate, Breast, and Other Cancers and Tumors	
D03.59	HCC23	Prostate, Breast, and Other Cancers and Tumors	
D03.60	HCC23	Prostate, Breast, and Other Cancers and Tumors	
D03.61	HCC23	Prostate, Breast, and Other Cancers and Tumors	
D03.62	HCC23	Prostate, Breast, and Other Cancers and Tumors	
D03.70	HCC23	Prostate, Breast, and Other Cancers and Tumors	
D03.71	HCC23	Prostate, Breast, and Other Cancers and Tumors	
D03.72	HCC23	Prostate, Breast, and Other Cancers and Tumors	
D03.8	HCC23	Prostate, Breast, and Other Cancers and Tumors	
D03.9	HCC23	Prostate, Breast, and Other Cancers and Tumors	
D18.02	HCC23	Prostate, Breast, and Other Cancers and Tumors	
D32.0	HCC23	Prostate, Breast, and Other Cancers and Tumors	
D32.1	HCC23	Prostate, Breast, and Other Cancers and Tumors	
D32.9	HCC23	Prostate, Breast, and Other Cancers and Tumors	
D33.0	HCC23	Prostate, Breast, and Other Cancers and Tumors	
D33.1	HCC23	Prostate, Breast, and Other Cancers and Tumors	
D33.2	HCC23	Prostate, Breast, and Other Cancers and Tumors	
D33.3	HCC23	Prostate, Breast, and Other Cancers and Tumors	
D33.4	HCC23	Prostate, Breast, and Other Cancers and Tumors	
D33.7	HCC23	Prostate, Breast, and Other Cancers and Tumors	
D33.9	HCC23	Prostate, Breast, and Other Cancers and Tumors	
D35.2	HCC23	Prostate, Breast, and Other Cancers and Tumors	
D35.3	HCC23	Prostate, Breast, and Other Cancers and Tumors	
D35.4	HCC23	Prostate, Breast, and Other Cancers and Tumors	
D3A.00	HCC22	Bladder, Colorectal, and Other Cancers	
D3A.010	HCC22	Bladder, Colorectal, and Other Cancers	
D3A.011	HCC22	Bladder, Colorectal, and Other Cancers	
D3A.012	HCC22	Bladder, Colorectal, and Other Cancers	
D3A.019	HCC22	Bladder, Colorectal, and Other Cancers	
D3A.020	HCC22	Bladder, Colorectal, and Other Cancers	
D3A.021	HCC22	Bladder, Colorectal, and Other Cancers	
D3A.022	HCC22	Bladder, Colorectal, and Other Cancers	
D3A.023	HCC22	Bladder, Colorectal, and Other Cancers	
D3A.024	HCC22	Bladder, Colorectal, and Other Cancers	
D3A.025	HCC22	Bladder, Colorectal, and Other Cancers	
D3A.026	HCC22	Bladder, Colorectal, and Other Cancers	
D3A.029	HCC22	Bladder, Colorectal, and Other Cancers	
D3A.090	HCC22	Bladder, Colorectal, and Other Cancers	
D3A.091	HCC22	Bladder, Colorectal, and Other Cancers	
D3A.092	HCC22	Bladder, Colorectal, and Other Cancers	
D3A.093	HCC22	Bladder, Colorectal, and Other Cancers	
D3A.094	HCC22	Bladder, Colorectal, and Other Cancers	
D3A.095	HCC22	Bladder, Colorectal, and Other Cancers	
D3A.096	HCC22	Bladder, Colorectal, and Other Cancers	
D3A.098	HCC22	Bladder, Colorectal, and Other Cancers	
D3A.8	HCC22	Bladder, Colorectal, and Other Cancers	
D42.0	HCC23	Prostate, Breast, and Other Cancers and Tumors	
D42.1	HCC23	Prostate, Breast, and Other Cancers and Tumors	
D42.9	HCC23	Prostate, Breast, and Other Cancers and Tumors	
D43.0	HCC23	Prostate, Breast, and Other Cancers and Tumors	
D43.1	HCC23	Prostate, Breast, and Other Cancers and Tumors	
D43.2	HCC23	Prostate, Breast, and Other Cancers and Tumors	
D43.3	HCC23	Prostate, Breast, and Other Cancers and Tumors	
D43.4	HCC23	Prostate, Breast, and Other Cancers and Tumors	
D43.8	HCC23	Prostate, Breast, and Other Cancers and Tumors	
D43.9	HCC23	Prostate, Breast, and Other Cancers and Tumors	
D44.3	HCC23	Prostate, Breast, and Other Cancers and Tumors	
D44.4	HCC23	Prostate, Breast, and Other Cancers and Tumors	
D44.5	HCC23	Prostate, Breast, and Other Cancers and Tumors	
D44.6	HCC23	Prostate, Breast, and Other Cancers and Tumors	
D44.7	HCC23	Prostate, Breast, and Other Cancers and Tumors	
D45	HCC23	Prostate, Breast, and Other Cancers and Tumors	
D46.0	HCC19	Myelodysplastic Syndromes, Multiple Myeloma, and Other Cancers	
D46.1	HCC19	Myelodysplastic Syndromes, Multiple Myeloma, and Other Cancers	
D46.20	HCC19	Myelodysplastic Syndromes, Multiple Myeloma, and Other Cancers	
D46.21	HCC19	Myelodysplastic Syndromes, Multiple Myeloma, and Other Cancers	
D46.22	HCC17	Cancer Metastatic to Lung, Liver, Brain, and Other Organs; Acute Myeloid Leukemia Except Promyelocytic	
D46.4	HCC19	Myelodysplastic Syndromes, Multiple Myeloma, and Other Cancers	
D46.9	HCC19	Myelodysplastic Syndromes, Multiple Myeloma, and Other Cancers	
D46.A	HCC19	Myelodysplastic Syndromes, Multiple Myeloma, and Other Cancers	
D46.B	HCC19	Myelodysplastic Syndromes, Multiple Myeloma, and Other Cancers	
D46.C	HCC19	Myelodysplastic Syndromes, Multiple Myeloma, and Other Cancers	
D46.Z	HCC19	Myelodysplastic Syndromes, Multiple Myeloma, and Other Cancers	
D47.1	HCC21	Lymphoma and Other Cancers	
D47.3	HCC23	Prostate, Breast, and Other Cancers and Tumors	
D47.4	HCC19	Myelodysplastic Syndromes, Multiple Myeloma, and Other Cancers	
D47.9	HCC21	Lymphoma and Other Cancers	
D47.Z1	HCC21	Lymphoma and Other Cancers	
D47.Z2	HCC21	Lymphoma and Other Cancers	
D47.Z9	HCC21	Lymphoma and Other Cancers	
D49.6	HCC23	Prostate, Breast, and Other Cancers and Tumors	
D56.1	HCC108	Sickle Cell Disorders, Except Sickle Cell Anemia (Hb-SS) and Thalassemia Beta Zero; Beta Thalassemia Major	
D56.2	HCC108	Sickle Cell Disorders, Except Sickle Cell Anemia (Hb-SS) and Thalassemia Beta Zero; Beta Thalassemia Major	
D56.5	HCC108	Sickle Cell Disorders, Except Sickle Cell Anemia (Hb-SS) and Thalassemia Beta Zero; Beta Thalassemia Major	
D57.00	HCC107	Sickle Cell Anemia (Hb-SS) and Thalassemia Beta Zero	
D57.01	HCC107	Sickle Cell Anemia (Hb-SS) and Thalassemia Beta Zero	
D57.02	HCC107	Sickle Cell Anemia (Hb-SS) and Thalassemia Beta Zero	
D57.03	HCC107	Sickle Cell Anemia (Hb-SS) and Thalassemia Beta Zero	
D57.04	HCC107	Sickle Cell Anemia (Hb-SS) and Thalassemia Beta Zero	
D57.09	HCC107	Sickle Cell Anemia (Hb-SS) and Thalassemia Beta Zero	
D57.1	HCC107	Sickle Cell Anemia (Hb-SS) and Thalassemia Beta Zero	
D57.20	HCC108	Sickle Cell Disorders, Except Sickle Cell Anemia (Hb-SS) and Thalassemia Beta Zero; Beta Thalassemia Major	
D57.211	HCC108	Sickle Cell Disorders, Except Sickle Cell Anemia (Hb-SS) and Thalassemia Beta Zero; Beta Thalassemia Major	
D57.212	HCC108	Sickle Cell Disorders, Except Sickle Cell Anemia (Hb-SS) and Thalassemia Beta Zero; Beta Thalassemia Major	
D57.213	HCC108	Sickle Cell Disorders, Except Sickle Cell Anemia (Hb-SS) and Thalassemia Beta Zero; Beta Thalassemia Major	
D57.214	HCC108	Sickle Cell Disorders, Except Sickle Cell Anemia (Hb-SS) and Thalassemia Beta Zero; Beta Thalassemia Major	
D57.218	HCC108	Sickle Cell Disorders, Except Sickle Cell Anemia (Hb-SS) and Thalassemia Beta Zero; Beta Thalassemia Major	
D57.219	HCC108	Sickle Cell Disorders, Except Sickle Cell Anemia (Hb-SS) and Thalassemia Beta Zero; Beta Thalassemia Major	
D57.40	HCC108	Sickle Cell Disorders, Except Sickle Cell Anemia (Hb-SS) and Thalassemia Beta Zero; Beta Thalassemia Major	
D57.411	HCC108	Sickle Cell Disorders, Except Sickle Cell Anemia (Hb-SS) and Thalassemia Beta Zero; Beta Thalassemia Major	
D57.412	HCC108	Sickle Cell Disorders, Except Sickle Cell Anemia (Hb-SS) and Thalassemia Beta Zero; Beta Thalassemia Major	
D57.413	HCC108	Sickle Cell Disorders, Except Sickle Cell Anemia (Hb-SS) and Thalassemia Beta Zero; Beta Thalassemia Major	
D57.414	HCC108	Sickle Cell Disorders, Except Sickle Cell Anemia (Hb-SS) and Thalassemia Beta Zero; Beta Thalassemia Major	
D57.418	HCC108	Sickle Cell Disorders, Except Sickle Cell Anemia (Hb-SS) and Thalassemia Beta Zero; Beta Thalassemia Major	
D57.419	HCC108	Sickle Cell Disorders, Except Sickle Cell Anemia (Hb-SS) and Thalassemia Beta Zero; Beta Thalassemia Major	
D57.42	HCC107	Sickle Cell Anemia (Hb-SS) and Thalassemia Beta Zero	
D57.431	HCC107	Sickle Cell Anemia (Hb-SS) and Thalassemia Beta Zero	
D57.432	HCC107	Sickle Cell Anemia (Hb-SS) and Thalassemia Beta Zero	
D57.433	HCC107	Sickle Cell Anemia (Hb-SS) and Thalassemia Beta Zero	
D57.434	HCC107	Sickle Cell Anemia (Hb-SS) and Thalassemia Beta Zero	
D57.438	HCC107	Sickle Cell Anemia (Hb-SS) and Thalassemia Beta Zero	
D57.439	HCC107	Sickle Cell Anemia (Hb-SS) and Thalassemia Beta Zero	
D57.44	HCC108	Sickle Cell Disorders, Except Sickle Cell Anemia (Hb-SS) and Thalassemia Beta Zero; Beta Thalassemia Major	
D57.451	HCC108	Sickle Cell Disorders, Except Sickle Cell Anemia (Hb-SS) and Thalassemia Beta Zero; Beta Thalassemia Major	
D57.452	HCC108	Sickle Cell Disorders, Except Sickle Cell Anemia (Hb-SS) and Thalassemia Beta Zero; Beta Thalassemia Major	
D57.453	HCC108	Sickle Cell Disorders, Except Sickle Cell Anemia (Hb-SS) and Thalassemia Beta Zero; Beta Thalassemia Major	
D57.454	HCC108	Sickle Cell Disorders, Except Sickle Cell Anemia (Hb-SS) and Thalassemia Beta Zero; Beta Thalassemia Major	
D57.458	HCC108	Sickle Cell Disorders, Except Sickle Cell Anemia (Hb-SS) and Thalassemia Beta Zero; Beta Thalassemia Major	
D57.459	HCC108	Sickle Cell Disorders, Except Sickle Cell Anemia (Hb-SS) and Thalassemia Beta Zero; Beta Thalassemia Major	
D57.80	HCC108	Sickle Cell Disorders, Except Sickle Cell Anemia (Hb-SS) and Thalassemia Beta Zero; Beta Thalassemia Major	
D57.811	HCC108	Sickle Cell Disorders, Except Sickle Cell Anemia (Hb-SS) and Thalassemia Beta Zero; Beta Thalassemia Major	
D57.812	HCC108	Sickle Cell Disorders, Except Sickle Cell Anemia (Hb-SS) and Thalassemia Beta Zero; Beta Thalassemia Major	
D57.813	HCC108	Sickle Cell Disorders, Except Sickle Cell Anemia (Hb-SS) and Thalassemia Beta Zero; Beta Thalassemia Major	
D57.814	HCC108	Sickle Cell Disorders, Except Sickle Cell Anemia (Hb-SS) and Thalassemia Beta Zero; Beta Thalassemia Major	
D57.818	HCC108	Sickle Cell Disorders, Except Sickle Cell Anemia (Hb-SS) and Thalassemia Beta Zero; Beta Thalassemia Major	
D57.819	HCC108	Sickle Cell Disorders, Except Sickle Cell Anemia (Hb-SS) and Thalassemia Beta Zero; Beta Thalassemia Major	
D59.10	HCC109	Acquired Hemolytic, Aplastic, and Sideroblastic Anemias	
D59.11	HCC109	Acquired Hemolytic, Aplastic, and Sideroblastic Anemias	
D59.12	HCC109	Acquired Hemolytic, Aplastic, and Sideroblastic Anemias	
D59.13	HCC109	Acquired Hemolytic, Aplastic, and Sideroblastic Anemias	
D59.19	HCC109	Acquired Hemolytic, Aplastic, and Sideroblastic Anemias	
D59.30	HCC109	Acquired Hemolytic, Aplastic, and Sideroblastic Anemias	
D59.31	HCC109	Acquired Hemolytic, Aplastic, and Sideroblastic Anemias	
D59.32	HCC109	Acquired Hemolytic, Aplastic, and Sideroblastic Anemias	
D59.39	HCC109	Acquired Hemolytic, Aplastic, and Sideroblastic Anemias	
D59.4	HCC109	Acquired Hemolytic, Aplastic, and Sideroblastic Anemias	
D59.5	HCC109	Acquired Hemolytic, Aplastic, and Sideroblastic Anemias	
D59.6	HCC109	Acquired Hemolytic, Aplastic, and Sideroblastic Anemias	
D59.8	HCC109	Acquired Hemolytic, Aplastic, and Sideroblastic Anemias	
D59.9	HCC109	Acquired Hemolytic, Aplastic, and Sideroblastic Anemias	
D60.0	HCC109	Acquired Hemolytic, Aplastic, and Sideroblastic Anemias	
D60.8	HCC109	Acquired Hemolytic, Aplastic, and Sideroblastic Anemias	
D60.9	HCC109	Acquired Hemolytic, Aplastic, and Sideroblastic Anemias	
D61.01	HCC109	Acquired Hemolytic, Aplastic, and Sideroblastic Anemias	
D61.02	HCC109	Acquired Hemolytic, Aplastic, and Sideroblastic Anemias	
D61.03	HCC109	Acquired Hemolytic, Aplastic, and Sideroblastic Anemias	
D61.09	HCC109	Acquired Hemolytic, Aplastic, and Sideroblastic Anemias	
D61.2	HCC109	Acquired Hemolytic, Aplastic, and Sideroblastic Anemias	
D61.3	HCC109	Acquired Hemolytic, Aplastic, and Sideroblastic Anemias	
D61.818	HCC109	Acquired Hemolytic, Aplastic, and Sideroblastic Anemias	
D61.82	HCC109	Acquired Hemolytic, Aplastic, and Sideroblastic Anemias	
D61.89	HCC109	Acquired Hemolytic, Aplastic, and Sideroblastic Anemias	
D64.0	HCC109	Acquired Hemolytic, Aplastic, and Sideroblastic Anemias	
D64.1	HCC109	Acquired Hemolytic, Aplastic, and Sideroblastic Anemias	
D64.3	HCC109	Acquired Hemolytic, Aplastic, and Sideroblastic Anemias	
D64.4	HCC109	Acquired Hemolytic, Aplastic, and Sideroblastic Anemias	
D66	HCC111	Hemophilia, Male	age: age < 65; sex: 1.0
D66	HCC111	Hemophilia, Male	age: age >= 65; sex: 1.0
D66	HCC112	Immune Thrombocytopenia and Specified Coagulation Defects and Hemorrhagic Conditions	sex: 2.0
D67	HCC111	Hemophilia, Male	age: age < 65; sex: 1.0
D67	HCC111	Hemophilia, Male	age: age >= 65; sex: 1.0
D67	HCC112	Immune Thrombocytopenia and Specified Coagulation Defects and Hemorrhagic Conditions	sex: 2.0
D68.00	HCC112	Immune Thrombocytopenia and Specified Coagulation Defects and Hemorrhagic Conditions	
D68.01	HCC112	Immune Thrombocytopenia and Specified Coagulation Defects and Hemorrhagic Conditions	
D68.020	HCC112	Immune Thrombocytopenia and Specified Coagulation Defects and Hemorrhagic Conditions	
D68.021	HCC112	Immune Thrombocytopenia and Specified Coagulation Defects and Hemorrhagic Conditions	
D68.022	HCC112	Immune Thrombocytopenia and Specified Coagulation Defects and Hemorrhagic Conditions	
D68.023	HCC112	Immune Thrombocytopenia and Specified Coagulation Defects and Hemorrhagic Conditions	
D68.029	HCC112	Immune Thrombocytopenia and Specified Coagulation Defects and Hemorrhagic Conditions	
D68.03	HCC112	Immune Thrombocytopenia and Specified Coagulation Defects and Hemorrhagic Conditions	
D68.04	HCC112	Immune Thrombocytopenia and Specified Coagulation Defects and Hemorrhagic Conditions	
D68.09	HCC112	Immune Thrombocytopenia and Specified Coagulation Defects and Hemorrhagic Conditions	
D68.1	HCC112	Immune Thrombocytopenia and Specified Coagulation Defects and Hemorrhagic Conditions	
D68.2	HCC112	Immune Thrombocytopenia and Specified Coagulation Defects and Hemorrhagic Conditions	
D68.311	HCC112	Immune Thrombocytopenia and Specified Coagulation Defects and Hemorrhagic Conditions	
D69.1	HCC112	Immune Thrombocytopenia and Specified Coagulation Defects and Hemorrhagic Conditions	
D69.3	HCC112	Immune Thrombocytopenia and Specified Coagulation Defects and Hemorrhagic Conditions	
D69.41	HCC112	Immune Thrombocytopenia and Specified Coagulation Defects and Hemorrhagic Conditions	
D69.42	HCC112	Immune Thrombocytopenia and Specified Coagulation Defects and Hemorrhagic Conditions	
D69.49	HCC112	Immune Thrombocytopenia and Specified Coagulation Defects and Hemorrhagic Conditions	
D70.0	HCC115	Specified Immunodeficiencies and White Blood Cell Disorders	
D70.4	HCC115	Specified Immunodeficiencies and White Blood Cell Disorders	
D71	HCC115	Specified Immunodeficiencies and White Blood Cell Disorders	
D71.1	HCC115	Specified Immunodeficiencies and White Blood Cell Disorders	
D71.8	HCC115	Specified Immunodeficiencies and White Blood Cell Disorders	
D71.9	HCC115	Specified Immunodeficiencies and White Blood Cell Disorders	
D72.0	HCC115	Specified Immunodeficiencies and White Blood Cell Disorders	
D75.81	HCC19	Myelodysplastic Syndromes, Multiple Myeloma, and Other Cancers	
D75.84	HCC112	Immune Thrombocytopenia and Specified Coagulation Defects and Hemorrhagic Conditions	
D76.1	HCC115	Specified Immunodeficiencies and White Blood Cell Disorders	
D76.3	HCC115	Specified Immunodeficiencies and White Blood Cell Disorders	
D80.0	HCC115	Specified Immunodeficiencies and White Blood Cell Disorders	
D80.2	HCC115	Specified Immunodeficiencies and White Blood Cell Disorders	
D80.3	HCC115	Specified Immunodeficiencies and White Blood Cell Disorders	
D80.4	HCC115	Specified Immunodeficiencies and White Blood Cell Disorders	
D80.5	HCC115	Specified Immunodeficiencies and White Blood Cell Disorders	
D81.0	HCC114	Common Variable and Combined Immunodeficiencies	
D81.1	HCC114	Common Variable and Combined Immunodeficiencies	
D81.2	HCC114	Common Variable and Combined Immunodeficiencies	
D81.30	HCC114	Common Variable and Combined Immunodeficiencies	
D81.31	HCC114	Common Variable and Combined Immunodeficiencies	
D81.32	HCC114	Common Variable and Combined Immunodeficiencies	
D81.39	HCC114	Common Variable and Combined Immunodeficiencies	
D81.4	HCC115	Specified Immunodeficiencies and White Blood Cell Disorders	
D81.5	HCC114	Common Variable and Combined Immunodeficiencies	
D81.6	HCC114	Common Variable and Combined Immunodeficiencies	
D81.7	HCC114	Common Variable and Combined Immunodeficiencies	
D81.82	HCC114	Common Variable and Combined Immunodeficiencies	
D81.89	HCC114	Common Variable and Combined Immunodeficiencies	
D81.9	HCC114	Common Variable and Combined Immunodeficiencies	
D82.0	HCC115	Specified Immunodeficiencies and White Blood Cell Disorders	
D82.1	HCC115	Specified Immunodeficiencies and White Blood Cell Disorders	
D83.0	HCC114	Common Variable and Combined Immunodeficiencies	
D83.1	HCC114	Common Variable and Combined Immunodeficiencies	
D83.2	HCC114	Common Variable and Combined Immunodeficiencies	
D83.8	HCC114	Common Variable and Combined Immunodeficiencies	
D83.9	HCC114	Common Variable and Combined Immunodeficiencies	
D84.1	HCC115	Specified Immunodeficiencies and White Blood Cell Disorders	
D86.3	HCC387	Pemphigus, Pemphigoid, and Other Specified Autoimmune Skin Disorders	
D86.86	HCC93	Rheumatoid Arthritis and Other Specified Inflammatory Rheumatic Disorders	
D86.87	HCC93	Rheumatoid Arthritis and Other Specified Inflammatory Rheumatic Disorders	
D89.810	HCC454	Stem Cell, Including Bone Marrow, Transplant Status/Complications	
D89.811	HCC454	Stem Cell, Including Bone Marrow, Transplant Status/Complications	
D89.812	HCC454	Stem Cell, Including Bone Marrow, Transplant Status/Complications	
D89.813	HCC454	Stem Cell, Including Bone Marrow, Transplant Status/Complications	
D89.84	HCC115	Specified Immunodeficiencies and White Blood Cell Disorders	
E03.5	HCC202	Coma, Brain Compression/Anoxic Damage	
E08.00	HCC36	Diabetes with Severe Acute Complications	
E08.01	HCC36	Diabetes with Severe Acute Complications	
E08.10	HCC36	Diabetes with Severe Acute Complications	
E08.11	HCC36	Diabetes with Severe Acute Complications	
E08.21	HCC37	Diabetes with Chronic Complications	
E08.22	HCC37	Diabetes with Chronic Complications	
E08.29	HCC37	Diabetes with Chronic Complications	
E08.311	HCC298	Severe Diabetic Eye Disease, Retinal Vein Occlusion, and Vitreous Hemorrhage	
E08.311	HCC37	Diabetes with Chronic Complications	
E08.319	HCC37	Diabetes with Chronic Complications	
E08.3211	HCC298	Severe Diabetic Eye Disease, Retinal Vein Occlusion, and Vitreous Hemorrhage	
E08.3211	HCC37	Diabetes with Chronic Complications	
E08.3212	HCC298	Severe Diabetic Eye Disease, Retinal Vein Occlusion, and Vitreous Hemorrhage	
E08.3212	HCC37	Diabetes with Chronic Complications	
E08.3213	HCC298	Severe Diabetic Eye Disease, Retinal Vein Occlusion, and Vitreous Hemorrhage	
E08.3213	HCC37	Diabetes with Chronic Complications	
E08.3219	HCC298	Severe Diabetic Eye Disease, Retinal Vein Occlusion, and Vitreous Hemorrhage	
E08.3219	HCC37	Diabetes with Chronic Complications	
E08.3291	HCC37	Diabetes with Chronic Complications	
E08.3292	HCC37	Diabetes with Chronic Complications	
E08.3293	HCC37	Diabetes with Chronic Complications	
E08.3299	HCC37	Diabetes with Chronic Complications	
E08.3311	HCC298	Severe Diabetic Eye Disease, Retinal Vein Occlusion, and Vitreous Hemorrhage	
E08.3311	HCC37	Diabetes with Chronic Complications	
E08.3312	HCC298	Severe Diabetic Eye Disease, Retinal Vein Occlusion, and Vitreous Hemorrhage	
E08.3312	HCC37	Diabetes with Chronic Complications	
E08.3313	HCC298	Severe Diabetic Eye Disease, Retinal Vein Occlusion, and Vitreous Hemorrhage	
E08.3313	HCC37	Diabetes with Chronic Complications	
E08.3319	HCC298	Severe Diabetic Eye Disease, Retinal Vein Occlusion, and Vitreous Hemorrhage	
E08.3319	HCC37	Diabetes with Chronic Complications	
E08.3391	HCC37	Diabetes with Chronic Complications	
E08.3392	HCC37	Diabetes with Chronic Complications	
E08.3393	HCC37	Diabetes with Chronic Complications	
E08.3399	HCC37	Diabetes with Chronic Complications	
E08.3411	HCC298	Severe Diabetic Eye Disease, Retinal Vein Occlusion, and Vitreous Hemorrhage	
E08.3411	HCC37	Diabetes with Chronic Complications	
E08.3412	HCC298	Severe Diabetic Eye Disease, Retinal Vein Occlusion, and Vitreous Hemorrhage	
E08.3412	HCC37	Diabetes with Chronic Complications	
E08.3413	HCC298	Severe Diabetic Eye Disease, Retinal Vein Occlusion, and Vitreous Hemorrhage	
E08.3413	HCC37	Diabetes with Chronic Complications	
E08.3419	HCC298	Severe Diabetic Eye Disease, Retinal Vein Occlusion, and Vitreous Hemorrhage	
E08.3419	HCC37	Diabetes with Chronic Complications	
E08.3491	HCC37	Diabetes with Chronic Complications	
E08.3492	HCC37	Diabetes with Chronic Complications	
E08.3493	HCC37	Diabetes with Chronic Complications	
E08.3499	HCC37	Diabetes with Chronic Complications	
E08.3511	HCC298	Severe Diabetic Eye Disease, Retinal Vein Occlusion, and Vitreous Hemorrhage	
E08.3511	HCC37	Diabetes with Chronic Complications	
E08.3512	HCC298	Severe Diabetic Eye Disease, Retinal Vein Occlusion, and Vitreous Hemorrhage	
E08.3512	HCC37	Diabetes with Chronic Complications	
E08.3513	HCC298	Severe Diabetic Eye Disease, Retinal Vein Occlusion, and Vitreous Hemorrhage	
E08.3513	HCC37	Diabetes with Chronic Complications	
E08.3519	HCC298	Severe Diabetic Eye Disease, Retinal Vein Occlusion, and Vitreous Hemorrhage	
E08.3519	HCC37	Diabetes with Chronic Complications	
E08.3521	HCC298	Severe Diabetic Eye Disease, Retinal Vein Occlusion, and Vitreous Hemorrhage	
E08.3521	HCC37	Diabetes with Chronic Complications	
E08.3522	HCC298	Severe Diabetic Eye Disease, Retinal Vein Occlusion, and Vitreous Hemorrhage	
E08.3522	HCC37	Diabetes with Chronic Complications	
E08.3523	HCC298	Severe Diabetic Eye Disease, Retinal Vein Occlusion, and Vitreous Hemorrhage	
E08.3523	HCC37	Diabetes with Chronic Complications	
E08.3529	HCC298	Severe Diabetic Eye Disease, Retinal Vein Occlusion, and Vitreous Hemorrhage	
E08.3529	HCC37	Diabetes with Chronic Complications	
E08.3531	HCC298	Severe Diabetic Eye Disease, Retinal Vein Occlusion, and Vitreous Hemorrhage	
E08.3531	HCC37	Diabetes with Chronic Complications	
E08.3532	HCC298	Severe Diabetic Eye Disease, Retinal Vein Occlusion, and Vitreous Hemorrhage	
E08.3532	HCC37	Diabetes with Chronic Complications	
E08.3533	HCC298	Severe Diabetic Eye Disease, Retinal Vein Occlusion, and Vitreous Hemorrhage	
E08.3533	HCC37	Diabetes with Chronic Complications	
E08.3539	HCC298	Severe Diabetic Eye Disease, Retinal Vein Occlusion, and Vitreous Hemorrhage	
E08.3539	HCC37	Diabetes with Chronic Complications	
E08.3541	HCC298	Severe Diabetic Eye Disease, Retinal Vein Occlusion, and Vitreous Hemorrhage	
E08.3541	HCC37	Diabetes with Chronic Complications	
E08.3542	HCC298	Severe Diabetic Eye Disease, Retinal Vein Occlusion, and Vitreous Hemorrhage	
E08.3542	HCC37	Diabetes with Chronic Complications	
E08.3543	HCC298	Severe Diabetic Eye Disease, Retinal Vein Occlusion, and Vitreous Hemorrhage	
E08.3543	HCC37	Diabetes with Chronic Complications	
E08.3549	HCC298	Severe Diabetic Eye Disease, Retinal Vein Occlusion, and Vitreous Hemorrhage	
E08.3549	HCC37	Diabetes with Chronic Complications	
E08.3551	HCC298	Severe Diabetic Eye Disease, Retinal Vein Occlusion, and Vitreous Hemorrhage	
E08.3551	HCC37	Diabetes with Chronic Complications	
E08.3552	HCC298	Severe Diabetic Eye Disease, Retinal Vein Occlusion, and Vitreous Hemorrhage	
E08.3552	HCC37	Diabetes with Chronic Complications	
E08.3553	HCC298	Severe Diabetic Eye Disease, Retinal Vein Occlusion, and Vitreous Hemorrhage	
E08.3553	HCC37	Diabetes with Chronic Complications	
E08.3559	HCC298	Severe Diabetic Eye Disease, Retinal Vein Occlusion, and Vitreous Hemorrhage	
E08.3559	HCC37	Diabetes with Chronic Complications	
E08.3591	HCC298	Severe Diabetic Eye Disease, Retinal Vein Occlusion, and Vitreous Hemorrhage	
E08.3591	HCC37	Diabetes with Chronic Complications	
E08.3592	HCC298	Severe Diabetic Eye Disease, Retinal Vein Occlusion, and Vitreous Hemorrhage	
E08.3592	HCC37	Diabetes with Chronic Complications	
E08.3593	HCC298	Severe Diabetic Eye Disease, Retinal Vein Occlusion, and Vitreous Hemorrhage	
E08.3593	HCC37	Diabetes with Chronic Complications	
E08.3599	HCC298	Severe Diabetic Eye Disease, Retinal Vein Occlusion, and Vitreous Hemorrhage	
E08.3599	HCC37	Diabetes with Chronic Complications	
E08.36	HCC37	Diabetes with Chronic Complications	
E08.37X1	HCC37	Diabetes with Chronic Complications	
E08.37X2	HCC37	Diabetes with Chronic Complications	
E08.37X3	HCC37	Diabetes with Chronic Complications	
E08.37X9	HCC37	Diabetes with Chronic Complications	
E08.39	HCC37	Diabetes with Chronic Complications	
E08.40	HCC37	Diabetes with Chronic Complications	
E08.41	HCC37	Diabetes with Chronic Complications	
E08.42	HCC37	Diabetes with Chronic Complications	
E08.43	HCC37	Diabetes with Chronic Complications	
E08.44	HCC37	Diabetes with Chronic Complications	
E08.49	HCC37	Diabetes with Chronic Complications	
E08.51	HCC37	Diabetes with Chronic Complications	
E08.52	HCC263	Atherosclerosis of Arteries of the Extremities with Ulceration or Gangrene	
E08.52	HCC37	Diabetes with Chronic Complications	
E08.59	HCC37	Diabetes with Chronic Complications	
E08.610	HCC37	Diabetes with Chronic Complications	
E08.618	HCC37	Diabetes with Chronic Complications	
E08.620	HCC37	Diabetes with Chronic Complications	
E08.621	HCC37	Diabetes with Chronic Complications	
E08.621	HCC383	Chronic Ulcer of Skin, Except Pressure, Not Specified as Through to Bone or Muscle	
E08.622	HCC37	Diabetes with Chronic Complications	
E08.622	HCC383	Chronic Ulcer of Skin, Except Pressure, Not Specified as Through to Bone or Muscle	
E08.628	HCC37	Diabetes with Chronic Complications	
E08.630	HCC37	Diabetes with Chronic Complications	
E08.638	HCC37	Diabetes with Chronic Complications	
E08.641	HCC36	Diabetes with Severe Acute Complications	
E08.649	HCC38	Diabetes with No, Glycemic, or Unspecified Complications	
E08.65	HCC38	Diabetes with No, Glycemic, or Unspecified Complications	
E08.69	HCC37	Diabetes with Chronic Complications	
E08.8	HCC38	Diabetes with No, Glycemic, or Unspecified Complications	
E08.9	HCC38	Diabetes with No, Glycemic, or Unspecified Complications	
E10.10	HCC36	Diabetes with Severe Acute Complications	age: age < 21
E10.10	HCC36	Diabetes with Severe Acute Complications	age: age >= 21
E10.11	HCC36	Diabetes with Severe Acute Complications	age: age < 21
E10.11	HCC36	Diabetes with Severe Acute Complications	age: age >= 21
E10.21	HCC37	Diabetes with Chronic Complications	age: age < 21
E10.21	HCC37	Diabetes with Chronic Complications	age: age >= 21
E10.22	HCC37	Diabetes with Chronic Complications	age: age < 21
E10.22	HCC37	Diabetes with Chronic Complications	age: age >= 21
E10.29	HCC37	Diabetes with Chronic Complications	age: age < 21
E10.29	HCC37	Diabetes with Chronic Complications	age: age >= 21
E10.311	HCC298	Severe Diabetic Eye Disease, Retinal Vein Occlusion, and Vitreous Hemorrhage	
E10.311	HCC37	Diabetes with Chronic Complications	age: age < 21
E10.311	HCC37	Diabetes with Chronic Complications	age: age >= 21
E10.319	HCC37	Diabetes with Chronic Complications	age: age < 21
E10.319	HCC37	Diabetes with Chronic Complications	age: age >= 21
E10.3211	HCC298	Severe Diabetic Eye Disease, Retinal Vein Occlusion, and Vitreous Hemorrhage	
E10.3211	HCC37	Diabetes with Chronic Complications	age: age < 21
E10.3211	HCC37	Diabetes with Chronic Complications	age: age >= 21
E10.3212	HCC298	Severe Diabetic Eye Disease, Retinal Vein Occlusion, and Vitreous Hemorrhage	
E10.3212	HCC37	Diabetes with Chronic Complications	age: age < 21
E10.3212	HCC37	Diabetes with Chronic Complications	age: age >= 21
E10.3213	HCC298	Severe Diabetic Eye Disease, Retinal Vein Occlusion, and Vitreous Hemorrhage	
E10.3213	HCC37	Diabetes with Chronic Complications	age: age < 21
E10.3213	HCC37	Diabetes with Chronic Complications	age: age >= 21
E10.3219	HCC298	Severe Diabetic Eye Disease, Retinal Vein Occlusion, and Vitreous Hemorrhage	
E10.3219	HCC37	Diabetes with Chronic Complications	age: age < 21
E10.3219	HCC37	Diabetes with Chronic Complications	age: age >= 21
E10.3291	HCC37	Diabetes with Chronic Complications	age: age < 21
E10.3291	HCC37	Diabetes with Chronic Complications	age: age >= 21
E10.3292	HCC37	Diabetes with Chronic Complications	age: age < 21
E10.3292	HCC37	Diabetes with Chronic Complications	age: age >= 21
E10.3293	HCC37	Diabetes with Chronic Complications	age: age < 21
E10.3293	HCC37	Diabetes with Chronic Complications	age: age >= 21
E10.3299	HCC37	Diabetes with Chronic Complications	age: age < 21
E10.3299	HCC37	Diabetes with Chronic Complications	age: age >= 21
E10.3311	HCC298	Severe Diabetic Eye Disease, Retinal Vein Occlusion, and Vitreous Hemorrhage	
E10.3311	HCC37	Diabetes with Chronic Complications	age: age < 21
E10.3311	HCC37	Diabetes with Chronic Complications	age: age >= 21
E10.3312	HCC298	Severe Diabetic Eye Disease, Retinal Vein Occlusion, and Vitreous Hemorrhage	
E10.3312	HCC37	Diabetes with Chronic Complications	age: age < 21
E10.3312	HCC37	Diabetes with Chronic Complications	age: age >= 21
E10.3313	HCC298	Severe Diabetic Eye Disease, Retinal Vein Occlusion, and Vitreous Hemorrhage	
E10.3313	HCC37	Diabetes with Chronic Complications	age: age < 21
E10.3313	HCC37	Diabetes with Chronic Complications	age: age >= 21
E10.3319	HCC298	Severe Diabetic Eye Disease, Retinal Vein Occlusion, and Vitreous Hemorrhage	
E10.3319	HCC37	Diabetes with Chronic Complications	age: age < 21
E10.3319	HCC37	Diabetes with Chronic Complications	age: age >= 21
E10.3391	HCC37	Diabetes with Chronic Complications	age: age < 21
E10.3391	HCC37	Diabetes with Chronic Complications	age: age >= 21
E10.3392	HCC37	Diabetes with Chronic Complications	age: age < 21
E10.3392	HCC37	Diabetes with Chronic Complications	age: age >= 21
E10.3393	HCC37	Diabetes with Chronic Complications	age: age < 21
E10.3393	HCC37	Diabetes with Chronic Complications	age: age >= 21
E10.3399	HCC37	Diabetes with Chronic Complications	age: age < 21
E10.3399	HCC37	Diabetes with Chronic Complications	age: age >= 21
E10.3411	HCC298	Severe Diabetic Eye Disease, Retinal Vein Occlusion, and Vitreous Hemorrhage	
E10.3411	HCC37	Diabetes with Chronic Complications	age: age < 21
E10.3411	HCC37	Diabetes with Chronic Complications	age: age >= 21
E10.3412	HCC298	Severe Diabetic Eye Disease, Retinal Vein Occlusion, and Vitreous Hemorrhage	
E10.3412	HCC37	Diabetes with Chronic Complications	age: age < 21
E10.3412	HCC37	Diabetes with Chronic Complications	age: age >= 21
E10.3413	HCC298	Severe Diabetic Eye Disease, Retinal Vein Occlusion, and Vitreous Hemorrhage	
E10.3413	HCC37	Diabetes with Chronic Complications	age: age < 21
E10.3413	HCC37	Diabetes with Chronic Complications	age: age >= 21
E10.3419	HCC298	Severe Diabetic Eye Disease, Retinal Vein Occlusion, and Vitreous Hemorrhage	
E10.3419	HCC37	Diabetes with Chronic Complications	age: age < 21
E10.3419	HCC37	Diabetes with Chronic Complications	age: age >= 21
E10.3491	HCC37	Diabetes with Chronic Complications	age: age < 21
E10.3491	HCC37	Diabetes with Chronic Complications	age: age >= 21
E10.3492	HCC37	Diabetes with Chronic Complications	age: age < 21
E10.3492	HCC37	Diabetes with Chronic Complications	age: age >= 21
E10.3493	HCC37	Diabetes with Chronic Complications	age: age < 21
E10.3493	HCC37	Diabetes with Chronic Complications	age: age >= 21
E10.3499	HCC37	Diabetes with Chronic Complications	age: age < 21
E10.3499	HCC37	Diabetes with Chronic Complications	age: age >= 21
E10.3511	HCC298	Severe Diabetic Eye Disease, Retinal Vein Occlusion, and Vitreous Hemorrhage	
E10.3511	HCC37	Diabetes with Chronic Complications	age: age < 21
E10.3511	HCC37	Diabetes with Chronic Complications	age: age >= 21
E10.3512	HCC298	Severe Diabetic Eye Disease, Retinal Vein Occlusion, and Vitreous Hemorrhage	
E10.3512	HCC37	Diabetes with Chronic Complications	age: age < 21
E10.3512	HCC37	Diabetes with Chronic Complications	age: age >= 21
E10.3513	HCC298	Severe Diabetic Eye Disease, Retinal Vein Occlusion, and Vitreous Hemorrhage	
E10.3513	HCC37	Diabetes with Chronic Complications	age: age < 21
E10.3513	HCC37	Diabetes with Chronic Complications	age: age >= 21
E10.3519	HCC298	Severe Diabetic Eye Disease, Retinal Vein Occlusion, and Vitreous Hemorrhage	
E10.3519	HCC37	Diabetes with Chronic Complications	age: age < 21
E10.3519	HCC37	Diabetes with Chronic Complications	age: age >= 21
E10.3521	HCC298	Severe Diabetic Eye Disease, Retinal Vein Occlusion, and Vitreous Hemorrhage	
E10.3521	HCC37	Diabetes with Chronic Complications	age: age < 21
E10.3521	HCC37	Diabetes with Chronic Complications	age: age >= 21
E10.3522	HCC298	Severe Diabetic Eye Disease, Retinal Vein Occlusion, and Vitreous Hemorrhage	
E10.3522	HCC37	Diabetes with Chronic Complications	age: age < 21
E10.3522	HCC37	Diabetes with Chronic Complications	age: age >= 21
E10.3523	HCC298	Severe Diabetic Eye Disease, Retinal Vein Occlusion, and Vitreous Hemorrhage	
E10.3523	HCC37	Diabetes with Chronic Complications	age: age < 21
E10.3523	HCC37	Diabetes with Chronic Complications	age: age >= 21
E10.3529	HCC298	Severe Diabetic Eye Disease, Retinal Vein Occlusion, and Vitreous Hemorrhage	
E10.3529	HCC37	Diabetes with Chronic Complications	age: age < 21
E10.3529	HCC37	Diabetes with Chronic Complications	age: age >= 21
E10.3531	HCC298	Severe Diabetic Eye Disease, Retinal Vein Occlusion, and Vitreous Hemorrhage	
E10.3531	HCC37	Diabetes with Chronic Complications	age: age < 21
E10.3531	HCC37	Diabetes with Chronic Complications	age: age >= 21
E10.3532	HCC298	Severe Diabetic Eye Disease, Retinal Vein Occlusion, and Vitreous Hemorrhage	
E10.3532	HCC37	Diabetes with Chronic Complications	age: age < 21
E10.3532	HCC37	Diabetes with Chronic Complications	age: age >= 21
E10.3533	HCC298	Severe Diabetic Eye Disease, Retinal Vein Occlusion, and Vitreous Hemorrhage	
E10.3533	HCC37	Diabetes with Chronic Complications	age: age < 21
E10.3533	HCC37	Diabetes with Chronic Complications	age: age >= 21
E10.3539	HCC298	Severe Diabetic Eye Disease, Retinal Vein Occlusion, and Vitreous Hemorrhage	
E10.3539	HCC37	Diabetes with Chronic Complications	age: age < 21
E10.3539	HCC37	Diabetes with Chronic Complications	age: age >= 21
E10.3541	HCC298	Severe Diabetic Eye Disease, Retinal Vein Occlusion, and Vitreous Hemorrhage	
E10.3541	HCC37	Diabetes with Chronic Complications	age: age < 21
E10.3541	HCC37	Diabetes with Chronic Complications	age: age >= 21
E10.3542	HCC298	Severe Diabetic Eye Disease, Retinal Vein Occlusion, and Vitreous Hemorrhage	
E10.3542	HCC37	Diabetes with Chronic Complications	age: age < 21
E10.3542	HCC37	Diabetes with Chronic Complications	age: age >= 21
E10.3543	HCC298	Severe Diabetic Eye Disease, Retinal Vein Occlusion, and Vitreous Hemorrhage	
E10.3543	HCC37	Diabetes with Chronic Complications	age: age < 21
E10.3543	HCC37	Diabetes with Chronic Complications	age: age >= 21
E10.3549	HCC298	Severe Diabetic Eye Disease, Retinal Vein Occlusion, and Vitreous Hemorrhage	
E10.3549	HCC37	Diabetes with Chronic Complications	age: age < 21
E10.3549	HCC37	Diabetes with Chronic Complications	age: age >= 21
E10.3551	HCC298	Severe Diabetic Eye Disease, Retinal Vein Occlusion, and Vitreous Hemorrhage	
E10.3551	HCC37	Diabetes with Chronic Complications	age: age < 21
E10.3551	HCC37	Diabetes with Chronic Complications	age: age >= 21
E10.3552	HCC298	Severe Diabetic Eye Disease, Retinal Vein Occlusion, and Vitreous Hemorrhage	
E10.3552	HCC37	Diabetes with Chronic Complications	age: age < 21
E10.3552	HCC37	Diabetes with Chronic Complications	age: age >= 21
E10.3553	HCC298	Severe Diabetic Eye Disease, Retinal Vein Occlusion, and Vitreous Hemorrhage	
E10.3553	HCC37	Diabetes with Chronic Complications	age: age < 21
E10.3553	HCC37	Diabetes with Chronic Complications	age: age >= 21
E10.3559	HCC298	Severe Diabetic Eye Disease, Retinal Vein Occlusion, and Vitreous Hemorrhage	
E10.3559	HCC37	Diabetes with Chronic Complications	age: age < 21
E10.3559	HCC37	Diabetes with Chronic Complications	age: age >= 21
E10.3591	HCC298	Severe Diabetic Eye Disease, Retinal Vein Occlusion, and Vitreous Hemorrhage	
E10.3591	HCC37	Diabetes with Chronic Complications	age: age < 21
E10.3591	HCC37	Diabetes with Chronic Complications	age: age >= 21
E10.3592	HCC298	Severe Diabetic Eye Disease, Retinal Vein Occlusion, and Vitreous Hemorrhage	
E10.3592	HCC37	Diabetes with Chronic Complications	age: age < 21
E10.3592	HCC37	Diabetes with Chronic Complications	age: age >= 21
E10.3593	HCC298	Severe Diabetic Eye Disease, Retinal Vein Occlusion, and Vitreous Hemorrhage	
E10.3593	HCC37	Diabetes with Chronic Complications	age: age < 21
E10.3593	HCC37	Diabetes with Chronic Complications	age: age >= 21
E10.3599	HCC298	Severe Diabetic Eye Disease, Retinal Vein Occlusion, and Vitreous Hemorrhage	
E10.3599	HCC37	Diabetes with Chronic Complications	age: age < 21
E10.3599	HCC37	Diabetes with Chronic Complications	age: age >= 21
E10.36	HCC37	Diabetes with Chronic Complications	age: age < 21
E10.36	HCC37	Diabetes with Chronic Complications	age: age >= 21
E10.37X1	HCC37	Diabetes with Chronic Complications	age: age < 21
E10.37X1	HCC37	Diabetes with Chronic Complications	age: age >= 21
E10.37X2	HCC37	Diabetes with Chronic Complications	age: age < 21
E10.37X2	HCC37	Diabetes with Chronic Complications	age: age >= 21
E10.37X3	HCC37	Diabetes with Chronic Complications	age: age < 21
E10.37X3	HCC37	Diabetes with Chronic Complications	age: age >= 21
E10.37X9	HCC37	Diabetes with Chronic Complications	age: age < 21
E10.37X9	HCC37	Diabetes with Chronic Complications	age: age >= 21
E10.39	HCC37	Diabetes with Chronic Complications	age: age < 21
E10.39	HCC37	Diabetes with Chronic Complications	age: age >= 21
E10.40	HCC37	Diabetes with Chronic Complications	age: age < 21
E10.40	HCC37	Diabetes with Chronic Complications	age: age >= 21
E10.41	HCC37	Diabetes with Chronic Complications	age: age < 21
E10.41	HCC37	Diabetes with Chronic Complications	age: age >= 21
E10.42	HCC37	Diabetes with Chronic Complications	age: age < 21
E10.42	HCC37	Diabetes with Chronic Complications	age: age >= 21
E10.43	HCC37	Diabetes with Chronic Complications	age: age < 21
E10.43	HCC37	Diabetes with Chronic Complications	age: age >= 21
E10.44	HCC37	Diabetes with Chronic Complications	age: age < 21
E10.44	HCC37	Diabetes with Chronic Complications	age: age >= 21
E10.49	HCC37	Diabetes with Chronic Complications	age: age < 21
E10.49	HCC37	Diabetes with Chronic Complications	age: age >= 21
E10.51	HCC37	Diabetes with Chronic Complications	age: age < 21
E10.51	HCC37	Diabetes with Chronic Complications	age: age >= 21
E10.52	HCC263	Atherosclerosis of Arteries of the Extremities with Ulceration or Gangrene	
E10.52	HCC37	Diabetes with Chronic Complications	age: age < 21
E10.52	HCC37	Diabetes with Chronic Complications	age: age >= 21
E10.59	HCC37	Diabetes with Chronic Complications	age: age < 21
E10.59	HCC37	Diabetes with Chronic Complications	age: age >= 21
E10.610	HCC37	Diabetes with Chronic Complications	age: age < 21
E10.610	HCC37	Diabetes with Chronic Complications	age: age >= 21
E10.618	HCC37	Diabetes with Chronic Complications	age: age < 21
E10.618	HCC37	Diabetes with Chronic Complications	age: age >= 21
E10.620	HCC37	Diabetes with Chronic Complications	age: age < 21
E10.620	HCC37	Diabetes with Chronic Complications	age: age >= 21
E10.621	HCC37	Diabetes with Chronic Complications	age: age < 21
E10.621	HCC37	Diabetes with Chronic Complications	age: age >= 21
E10.621	HCC383	Chronic Ulcer of Skin, Except Pressure, Not Specified as Through to Bone or Muscle	
E10.622	HCC37	Diabetes with Chronic Complications	age: age < 21
E10.622	HCC37	Diabetes with Chronic Complications	age: age >= 21
E10.622	HCC383	Chronic Ulcer of Skin, Except Pressure, Not Specified as Through to Bone or Muscle	
E10.628	HCC37	Diabetes with Chronic Complications	age: age < 21
E10.628	HCC37	Diabetes with Chronic Complications	age: age >= 21
E10.630	HCC37	Diabetes with Chronic Complications	age: age < 21
E10.630	HCC37	Diabetes with Chronic Complications	age: age >= 21
E10.638	HCC37	Diabetes with Chronic Complications	age: age < 21
E10.638	HCC37	Diabetes with Chronic Complications	age: age >= 21
E10.641	HCC36	Diabetes with Severe Acute Complications	age: age < 21
E10.641	HCC36	Diabetes with Severe Acute Complications	age: age >= 21
E10.649	HCC38	Diabetes with No, Glycemic, or Unspecified Complications	age: age < 21
E10.649	HCC38	Diabetes with No, Glycemic, or Unspecified Complications	age: age >= 21
E10.65	HCC38	Diabetes with No, Glycemic, or Unspecified Complications	age: age < 21
E10.65	HCC38	Diabetes with No, Glycemic, or Unspecified Complications	age: age >= 21
E10.69	HCC37	Diabetes with Chronic Complications	age: age < 21
E10.69	HCC37	Diabetes with Chronic Complications	age: age >= 21
E10.8	HCC38	Diabetes with No, Glycemic, or Unspecified Complications	age: age < 21
E10.8	HCC38	Diabetes with No, Glycemic, or Unspecified Complications	age: age >= 21
E10.9	HCC38	Diabetes with No, Glycemic, or Unspecified Complications	age: age < 21
E10.9	HCC38	Diabetes with No, Glycemic, or Unspecified Complications	age: age >= 21
E11.00	HCC36	Diabetes with Severe Acute Complications	
E11.01	HCC36	Diabetes with Severe Acute Complications	
E11.10	HCC36	Diabetes with Severe Acute Complications	
E11.11	HCC36	Diabetes with Severe Acute Complications	
E11.21	HCC37	Diabetes with Chronic Complications	
E11.22	HCC37	Diabetes with Chronic Complications	
E11.29	HCC37	Diabetes with Chronic Complications	
E11.311	HCC298	Severe Diabetic Eye Disease, Retinal Vein Occlusion, and Vitreous Hemorrhage	
E11.311	HCC37	Diabetes with Chronic Complications	
E11.319	HCC37	Diabetes with Chronic Complications	
E11.3211	HCC298	Severe Diabetic Eye Disease, Retinal Vein Occlusion, and Vitreous Hemorrhage	
E11.3211	HCC37	Diabetes with Chronic Complications	
E11.3212	HCC298	Severe Diabetic Eye Disease, Retinal Vein Occlusion, and Vitreous Hemorrhage	
E11.3212	HCC37	Diabetes with Chronic Complications	
E11.3213	HCC298	Severe Diabetic Eye Disease, Retinal Vein Occlusion, and Vitreous Hemorrhage	
E11.3213	HCC37	Diabetes with Chronic Complications	
E11.3219	HCC298	Severe Diabetic Eye Disease, Retinal Vein Occlusion, and Vitreous Hemorrhage	
E11.3219	HCC37	Diabetes with Chronic Complications	
E11.3291	HCC37	Diabetes with Chronic Complications	
E11.3292	HCC37	Diabetes with Chronic Complications	
E11.3293	HCC37	Diabetes with Chronic Complications	
E11.3299	HCC37	Diabetes with Chronic Complications	
E11.3311	HCC298	Severe Diabetic Eye Disease, Retinal Vein Occlusion, and Vitreous Hemorrhage	
E11.3311	HCC37	Diabetes with Chronic Complications	
E11.3312	HCC298	Severe Diabetic Eye Disease, Retinal Vein Occlusion, and Vitreous Hemorrhage	
E11.3312	HCC37	Diabetes with Chronic Complications	
E11.3313	HCC298	Severe Diabetic Eye Disease, Retinal Vein Occlusion, and Vitreous Hemorrhage	
E11.3313	HCC37	Diabetes with Chronic Complications	
E11.3319	HCC298	Severe Diabetic Eye Disease, Retinal Vein Occlusion, and Vitreous Hemorrhage	
E11.3319	HCC37	Diabetes with Chronic Complications	
E11.3391	HCC37	Diabetes with Chronic Complications	
E11.3392	HCC37	Diabetes with Chronic Complications	
E11.3393	HCC37	Diabetes with Chronic Complications	
E11.3399	HCC37	Diabetes with Chronic Complications	
E11.3411	HCC298	Severe Diabetic Eye Disease, Retinal Vein Occlusion, and Vitreous Hemorrhage	
E11.3411	HCC37	Diabetes with Chronic Complications	
E11.3412	HCC298	Severe Diabetic Eye Disease, Retinal Vein Occlusion, and Vitreous Hemorrhage	
E11.3412	HCC37	Diabetes with Chronic Complications	
E11.3413	HCC298	Severe Diabetic Eye Disease, Retinal Vein Occlusion, and Vitreous Hemorrhage	
E11.3413	HCC37	Diabetes with Chronic Complications	
E11.3419	HCC298	Severe Diabetic Eye Disease, Retinal Vein Occlusion, and Vitreous Hemorrhage	
E11.3419	HCC37	Diabetes with Chronic Complications	
E11.3491	HCC37	Diabetes with Chronic Complications	
E11.3492	HCC37	Diabetes with Chronic Complications	
E11.3493	HCC37	Diabetes with Chronic Complications	
E11.3499	HCC37	Diabetes with Chronic Complications	
E11.3511	HCC298	Severe Diabetic Eye Disease, Retinal Vein Occlusion, and Vitreous Hemorrhage	
E11.3511	HCC37	Diabetes with Chronic Complications	
E11.3512	HCC298	Severe Diabetic Eye Disease, Retinal Vein Occlusion, and Vitreous Hemorrhage	
E11.3512	HCC37	Diabetes with Chronic Complications	
E11.3513	HCC298	Severe Diabetic Eye Disease, Retinal Vein Occlusion, and Vitreous Hemorrhage	
E11.3513	HCC37	Diabetes with Chronic Complications	
E11.3519	HCC298	Severe Diabetic Eye Disease, Retinal Vein Occlusion, and Vitreous Hemorrhage	
E11.3519	HCC37	Diabetes with Chronic Complications	
E11.3521	HCC298	Severe Diabetic Eye Disease, Retinal Vein Occlusion, and Vitreous Hemorrhage	
E11.3521	HCC37	Diabetes with Chronic Complications	
E11.3522	HCC298	Severe Diabetic Eye Disease, Retinal Vein Occlusion, and Vitreous Hemorrhage	
E11.3522	HCC37	Diabetes with Chronic Complications	
E11.3523	HCC298	Severe Diabetic Eye Disease, Retinal Vein Occlusion, and Vitreous Hemorrhage	
E11.3523	HCC37	Diabetes with Chronic Complications	
E11.3529	HCC298	Severe Diabetic Eye Disease, Retinal Vein Occlusion, and Vitreous Hemorrhage	
E11.3529	HCC37	Diabetes with Chronic Complications	
E11.3531	HCC298	Severe Diabetic Eye Disease, Retinal Vein Occlusion, and Vitreous Hemorrhage	
E11.3531	HCC37	Diabetes with Chronic Complications	
E11.3532	HCC298	Severe Diabetic Eye Disease, Retinal Vein Occlusion, and Vitreous Hemorrhage	
E11.3532	HCC37	Diabetes with Chronic Complications	
E11.3533	HCC298	Severe Diabetic Eye Disease, Retinal Vein Occlusion, and Vitreous Hemorrhage	
E11.3533	HCC37	Diabetes with Chronic Complications	
E11.3539	HCC298	Severe Diabetic Eye Disease, Retinal Vein Occlusion, and Vitreous Hemorrhage	
E11.3539	HCC37	Diabetes with Chronic Complications	
E11.3541	HCC298	Severe Diabetic Eye Disease, Retinal Vein Occlusion, and Vitreous Hemorrhage	
E11.3541	HCC37	Diabetes with Chronic Complications	
E11.3542	HCC298	Severe Diabetic Eye Disease, Retinal Vein Occlusion, and Vitreous Hemorrhage	
E11.3542	HCC37	Diabetes with Chronic Complications	
E11.3543	HCC298	Severe Diabetic Eye Disease, Retinal Vein Occlusion, and Vitreous Hemorrhage	
E11.3543	HCC37	Diabetes with Chronic Complications	
E11.3549	HCC298	Severe Diabetic Eye Disease, Retinal Vein Occlusion, and Vitreous Hemorrhage	
E11.3549	HCC37	Diabetes with Chronic Complications	
E11.3551	HCC298	Severe Diabetic Eye Disease, Retinal Vein Occlusion, and Vitreous Hemorrhage	
E11.3551	HCC37	Diabetes with Chronic Complications	
E11.3552	HCC298	Severe Diabetic Eye Disease, Retinal Vein Occlusion, and Vitreous Hemorrhage	
E11.3552	HCC37	Diabetes with Chronic Complications	
E11.3553	HCC298	Severe Diabetic Eye Disease, Retinal Vein Occlusion, and Vitreous Hemorrhage	
E11.3553	HCC37	Diabetes with Chronic Complications	
E11.3559	HCC298	Severe Diabetic Eye Disease, Retinal Vein Occlusion, and Vitreous Hemorrhage	
E11.3559	HCC37	Diabetes with Chronic Complications	
E11.3591	HCC298	Severe Diabetic Eye Disease, Retinal Vein Occlusion, and Vitreous Hemorrhage	
E11.3591	HCC37	Diabetes with Chronic Complications	
E11.3592	HCC298	Severe Diabetic Eye Disease, Retinal Vein Occlusion, and Vitreous Hemorrhage	
E11.3592	HCC37	Diabetes with Chronic Complications	
E11.3593	HCC298	Severe Diabetic Eye Disease, Retinal Vein Occlusion, and Vitreous Hemorrhage	
E11.3593	HCC37	Diabetes with Chronic Complications	
E11.3599	HCC298	Severe Diabetic Eye Disease, Retinal Vein Occlusion, and Vitreous Hemorrhage	
E11.3599	HCC37	Diabetes with Chronic Complications	
E11.36	HCC37	Diabetes with Chronic Complications	
E11.37X1	HCC37	Diabetes with Chronic Complications	
E11.37X2	HCC37	Diabetes with Chronic Complications	
E11.37X3	HCC37	Diabetes with Chronic Complications	
E11.37X9	HCC37	Diabetes with Chronic Complications	
E11.39	HCC37	Diabetes with Chronic Complications	
E11.40	HCC37	Diabetes with Chronic Complications	
E11.41	HCC37	Diabetes with Chronic Complications	
E11.42	HCC37	Diabetes with Chronic Complications	
E11.43	HCC37	Diabetes with Chronic Complications	
E11.44	HCC37	Diabetes with Chronic Complications	
E11.49	HCC37	Diabetes with Chronic Complications	
E11.51	HCC37	Diabetes with Chronic Complications	
E11.52	HCC263	Atherosclerosis of Arteries of the Extremities with Ulceration or Gangrene	
E11.52	HCC37	Diabetes with Chronic Complications	
E11.59	HCC37	Diabetes with Chronic Complications	
E11.610	HCC37	Diabetes with Chronic Complications	
E11.618	HCC37	Diabetes with Chronic Complications	
E11.620	HCC37	Diabetes with Chronic Complications	
E11.621	HCC37	Diabetes with Chronic Complications	
E11.621	HCC383	Chronic Ulcer of Skin, Except Pressure, Not Specified as Through to Bone or Muscle	
E11.622	HCC37	Diabetes with Chronic Complications	
E11.622	HCC383	Chronic Ulcer of Skin, Except Pressure, Not Specified as Through to Bone or Muscle	
E11.628	HCC37	Diabetes with Chronic Complications	
E11.630	HCC37	Diabetes with Chronic Complications	
E11.638	HCC37	Diabetes with Chronic Complications	
E11.641	HCC36	Diabetes with Severe Acute Complications	
E11.649	HCC38	Diabetes with No, Glycemic, or Unspecified Complications	
E11.65	HCC38	Diabetes with No, Glycemic, or Unspecified Complications	
E11.69	HCC37	Diabetes with Chronic Complications	
E11.8	HCC38	Diabetes with No, Glycemic, or Unspecified Complications	
E11.9	HCC38	Diabetes with No, Glycemic, or Unspecified Complications	
E13.00	HCC36	Diabetes with Severe Acute Complications	
E13.01	HCC36	Diabetes with Severe Acute Complications	
E13.10	HCC36	Diabetes with Severe Acute Complications	
E13.11	HCC36	Diabetes with Severe Acute Complications	
E13.21	HCC37	Diabetes with Chronic Complications	
E13.22	HCC37	Diabetes with Chronic Complications	
E13.29	HCC37	Diabetes with Chronic Complications	
E13.311	HCC298	Severe Diabetic Eye Disease, Retinal Vein Occlusion, and Vitreous Hemorrhage	
E13.311	HCC37	Diabetes with Chronic Complications	
E13.319	HCC37	Diabetes with Chronic Complications	
E13.3211	HCC298	Severe Diabetic Eye Disease, Retinal Vein Occlusion, and Vitreous Hemorrhage	
E13.3211	HCC37	Diabetes with Chronic Complications	
E13.3212	HCC298	Severe Diabetic Eye Disease, Retinal Vein Occlusion, and Vitreous Hemorrhage	
E13.3212	HCC37	Diabetes with Chronic Complications	
E13.3213	HCC298	Severe Diabetic Eye Disease, Retinal Vein Occlusion, and Vitreous Hemorrhage	
E13.3213	HCC37	Diabetes with Chronic Complications	
E13.3219	HCC298	Severe Diabetic Eye Disease, Retinal Vein Occlusion, and Vitreous Hemorrhage	
E13.3219	HCC37	Diabetes with Chronic Complications	
E13.3291	HCC37	Diabetes with Chronic Complications	
E13.3292	HCC37	Diabetes with Chronic Complications	
E13.3293	HCC37	Diabetes with Chronic Complications	
E13.3299	HCC37	Diabetes with Chronic Complications	
E13.3311	HCC298	Severe Diabetic Eye Disease, Retinal Vein Occlusion, and Vitreous Hemorrhage	
E13.3311	HCC37	Diabetes with Chronic Complications	
E13.3312	HCC298	Severe Diabetic Eye Disease, Retinal Vein Occlusion, and Vitreous Hemorrhage	
E13.3312	HCC37	Diabetes with Chronic Complications	
E13.3313	HCC298	Severe Diabetic Eye Disease, Retinal Vein Occlusion, and Vitreous Hemorrhage	
E13.3313	HCC37	Diabetes with Chronic Complications	
E13.3319	HCC298	Severe Diabetic Eye Disease, Retinal Vein Occlusion, and Vitreous Hemorrhage	
E13.3319	HCC37	Diabetes with Chronic Complications	
E13.3391	HCC37	Diabetes with Chronic Complications	
E13.3392	HCC37	Diabetes with Chronic Complications	
E13.3393	HCC37	Diabetes with Chronic Complications	
E13.3399	HCC37	Diabetes with Chronic Complications	
E13.3411	HCC298	Severe Diabetic Eye Disease, Retinal Vein Occlusion, and Vitreous Hemorrhage	
E13.3411	HCC37	Diabetes with Chronic Complications	
E13.3412	HCC298	Severe Diabetic Eye Disease, Retinal Vein Occlusion, and Vitreous Hemorrhage	
E13.3412	HCC37	Diabetes with Chronic Complications	
E13.3413	HCC298	Severe Diabetic Eye Disease, Retinal Vein Occlusion, and Vitreous Hemorrhage	
E13.3413	HCC37	Diabetes with Chronic Complications	
E13.3419	HCC298	Severe Diabetic Eye Disease, Retinal Vein Occlusion, and Vitreous Hemorrhage	
E13.3419	HCC37	Diabetes with Chronic Complications	
E13.3491	HCC37	Diabetes with Chronic Complications	
E13.3492	HCC37	Diabetes with Chronic Complications	
E13.3493	HCC37	Diabetes with Chronic Complications	
E13.3499	HCC37	Diabetes with Chronic Complications	
E13.3511	HCC298	Severe Diabetic Eye Disease, Retinal Vein Occlusion, and Vitreous Hemorrhage	
E13.3511	HCC37	Diabetes with Chronic Complications	
E13.3512	HCC298	Severe Diabetic Eye Disease, Retinal Vein Occlusion, and Vitreous Hemorrhage	
E13.3512	HCC37	Diabetes with Chronic Complications	
E13.3513	HCC298	Severe Diabetic Eye Disease, Retinal Vein Occlusion, and Vitreous Hemorrhage	
E13.3513	HCC37	Diabetes with Chronic Complications	
E13.3519	HCC298	Severe Diabetic Eye Disease, Retinal Vein Occlusion, and Vitreous Hemorrhage	
E13.3519	HCC37	Diabetes with Chronic Complications	
E13.3521	HCC298	Severe Diabetic Eye Disease, Retinal Vein Occlusion, and Vitreous Hemorrhage	
E13.3521	HCC37	Diabetes with Chronic Complications	
E13.3522	HCC298	Severe Diabetic Eye Disease, Retinal Vein Occlusion, and Vitreous Hemorrhage	
E13.3522	HCC37	Diabetes with Chronic Complications	
E13.3523	HCC298	Severe Diabetic Eye Disease, Retinal Vein Occlusion, and Vitreous Hemorrhage	
E13.3523	HCC37	Diabetes with Chronic Complications	
E13.3529	HCC298	Severe Diabetic Eye Disease, Retinal Vein Occlusion, and Vitreous Hemorrhage	
E13.3529	HCC37	Diabetes with Chronic Complications	
E13.3531	HCC298	Severe Diabetic Eye Disease, Retinal Vein Occlusion, and Vitreous Hemorrhage	
E13.3531	HCC37	Diabetes with Chronic Complications	
E13.3532	HCC298	Severe Diabetic Eye Disease, Retinal Vein Occlusion, and Vitreous Hemorrhage	
E13.3532	HCC37	Diabetes with Chronic Complications	
E13.3533	HCC298	Severe Diabetic Eye Disease, Retinal Vein Occlusion, and Vitreous Hemorrhage	
E13.3533	HCC37	Diabetes with Chronic Complications	
E13.3539	HCC298	Severe Diabetic Eye Disease, Retinal Vein Occlusion, and Vitreous Hemorrhage	
E13.3539	HCC37	Diabetes with Chronic Complications	
E13.3541	HCC298	Severe Diabetic Eye Disease, Retinal Vein Occlusion, and Vitreous Hemorrhage	
E13.3541	HCC37	Diabetes with Chronic Complications	
E13.3542	HCC298	Severe Diabetic Eye Disease, Retinal Vein Occlusion, and Vitreous Hemorrhage	
E13.3542	HCC37	Diabetes with Chronic Complications	
E13.3543	HCC298	Severe Diabetic Eye Disease, Retinal Vein Occlusion, and Vitreous Hemorrhage	
E13.3543	HCC37	Diabetes with Chronic Complications	
E13.3549	HCC298	Severe Diabetic Eye Disease, Retinal Vein Occlusion, and Vitreous Hemorrhage	
E13.3549	HCC37	Diabetes with Chronic Complications	
E13.3551	HCC298	Severe Diabetic Eye Disease, Retinal Vein Occlusion, and Vitreous Hemorrhage	
E13.3551	HCC37	Diabetes with Chronic Complications	
E13.3552	HCC298	Severe Diabetic Eye Disease, Retinal Vein Occlusion, and Vitreous Hemorrhage	
E13.3552	HCC37	Diabetes with Chronic Complications	
E13.3553	HCC298	Severe Diabetic Eye Disease, Retinal Vein Occlusion, and Vitreous Hemorrhage	
E13.3553	HCC37	Diabetes with Chronic Complications	
E13.3559	HCC298	Severe Diabetic Eye Disease, Retinal Vein Occlusion, and Vitreous Hemorrhage	
E13.3559	HCC37	Diabetes with Chronic Complications	
E13.3591	HCC298	Severe Diabetic Eye Disease, Retinal Vein Occlusion, and Vitreous Hemorrhage	
E13.3591	HCC37	Diabetes with Chronic Complications	
E13.3592	HCC298	Severe Diabetic Eye Disease, Retinal Vein Occlusion, and Vitreous Hemorrhage	
E13.3592	HCC37	Diabetes with Chronic Complications	
E13.3593	HCC298	Severe Diabetic Eye Disease, Retinal Vein Occlusion, and Vitreous Hemorrhage	
E13.3593	HCC37	Diabetes with Chronic Complications	
E13.3599	HCC298	Severe Diabetic Eye Disease, Retinal Vein Occlusion, and Vitreous Hemorrhage	
E13.3599	HCC37	Diabetes with Chronic Complications	
E13.36	HCC37	Diabetes with Chronic Complications	
E13.37X1	HCC37	Diabetes with Chronic Complications	
E13.37X2	HCC37	Diabetes with Chronic Complications	
E13.37X3	HCC37	Diabetes with Chronic Complications	
E13.37X9	HCC37	Diabetes with Chronic Complications	
E13.39	HCC37	Diabetes with Chronic Complications	
E13.40	HCC37	Diabetes with Chronic Complications	
E13.41	HCC37	Diabetes with Chronic Complications	
E13.42	HCC37	Diabetes with Chronic Complications	
E13.43	HCC37	Diabetes with Chronic Complications	
E13.44	HCC37	Diabetes with Chronic Complications	
E13.49	HCC37	Diabetes with Chronic Complications	
E13.51	HCC37	Diabetes with Chronic Complications	
E13.52	HCC263	Atherosclerosis of Arteries of the Extremities with Ulceration or Gangrene	
E13.52	HCC37	Diabetes with Chronic Complications	
E13.59	HCC37	Diabetes with Chronic Complications	
E13.610	HCC37	Diabetes with Chronic Complications	
E13.618	HCC37	Diabetes with Chronic Complications	
E13.620	HCC37	Diabetes with Chronic Complications	
E13.621	HCC37	Diabetes with Chronic Complications	
E13.621	HCC383	Chronic Ulcer of Skin, Except Pressure, Not Specified as Through to Bone or Muscle	
E13.622	HCC37	Diabetes with Chronic Complications	
E13.622	HCC383	Chronic Ulcer of Skin, Except Pressure, Not Specified as Through to Bone or Muscle	
E13.628	HCC37	Diabetes with Chronic Complications	
E13.630	HCC37	Diabetes with Chronic Complications	
E13.638	HCC37	Diabetes with Chronic Complications	
E13.641	HCC36	Diabetes with Severe Acute Complications	
E13.649	HCC38	Diabetes with No, Glycemic, or Unspecified Complications	
E13.65	HCC38	Diabetes with No, Glycemic, or Unspecified Complications	
E13.69	HCC37	Diabetes with Chronic Complications	
E13.8	HCC38	Diabetes with No, Glycemic, or Unspecified Complications	
E13.9	HCC38	Diabetes with No, Glycemic, or Unspecified Complications	
E22.0	HCC51	Addison's and Cushing's Diseases, Acromegaly, and Other Specified Endocrine Disorders	
E24.0	HCC51	Addison's and Cushing's Diseases, Acromegaly, and Other Specified Endocrine Disorders	
E27.1	HCC51	Addison's and Cushing's Diseases, Acromegaly, and Other Specified Endocrine Disorders	
E31.0	HCC51	Addison's and Cushing's Diseases, Acromegaly, and Other Specified Endocrine Disorders	
E31.1	HCC51	Addison's and Cushing's Diseases, Acromegaly, and Other Specified Endocrine Disorders	
E31.20	HCC51	Addison's and Cushing's Diseases, Acromegaly, and Other Specified Endocrine Disorders	
E31.21	HCC51	Addison's and Cushing's Diseases, Acromegaly, and Other Specified Endocrine Disorders	
E31.22	HCC51	Addison's and Cushing's Diseases, Acromegaly, and Other Specified Endocrine Disorders	
E31.23	HCC51	Addison's and Cushing's Diseases, Acromegaly, and Other Specified Endocrine Disorders	
E31.8	HCC51	Addison's and Cushing's Diseases, Acromegaly, and Other Specified Endocrine Disorders	
E31.9	HCC51	Addison's and Cushing's Diseases, Acromegaly, and Other Specified Endocrine Disorders	
E34.00	HCC17	Cancer Metastatic to Lung, Liver, Brain, and Other Organs; Acute Myeloid Leukemia Except Promyelocytic	
E34.01	HCC17	Cancer Metastatic to Lung, Liver, Brain, and Other Organs; Acute Myeloid Leukemia Except Promyelocytic	
E34.09	HCC17	Cancer Metastatic to Lung, Liver, Brain, and Other Organs; Acute Myeloid Leukemia Except Promyelocytic	
E66.01	HCC48	Morbid Obesity	
E66.2	HCC48	Morbid Obesity	
E66.813	HCC48	Morbid Obesity	
E72.53	HCC50	Amyloidosis, Porphyria, and Other Specified Metabolic Disorders	age: age < 21
E72.53	HCC50	Amyloidosis, Porphyria, and Other Specified Metabolic Disorders	age: age >= 21
E72.530	HCC50	Amyloidosis, Porphyria, and Other Specified Metabolic Disorders	age: age < 21
E72.530	HCC50	Amyloidosis, Porphyria, and Other Specified Metabolic Disorders	age: age >= 21
E72.538	HCC50	Amyloidosis, Porphyria, and Other Specified Metabolic Disorders	age: age < 21
E72.538	HCC50	Amyloidosis, Porphyria, and Other Specified Metabolic Disorders	age: age >= 21
E72.539	HCC50	Amyloidosis, Porphyria, and Other Specified Metabolic Disorders	age: age < 21
E72.539	HCC50	Amyloidosis, Porphyria, and Other Specified Metabolic Disorders	age: age >= 21
E74.00	HCC50	Amyloidosis, Porphyria, and Other Specified Metabolic Disorders	
E74.01	HCC50	Amyloidosis, Porphyria, and Other Specified Metabolic Disorders	
E74.02	HCC49	Specified Lysosomal Storage Disorders	
E74.03	HCC50	Amyloidosis, Porphyria, and Other Specified Metabolic Disorders	
E74.04	HCC50	Amyloidosis, Porphyria, and Other Specified Metabolic Disorders	
E74.05	HCC50	Amyloidosis, Porphyria, and Other Specified Metabolic Disorders	
E74.09	HCC50	Amyloidosis, Porphyria, and Other Specified Metabolic Disorders	
E75.21	HCC49	Specified Lysosomal Storage Disorders	
E75.22	HCC49	Specified Lysosomal Storage Disorders	
E76.01	HCC49	Specified Lysosomal Storage Disorders	
E76.02	HCC49	Specified Lysosomal Storage Disorders	
E76.03	HCC49	Specified Lysosomal Storage Disorders	
E76.1	HCC49	Specified Lysosomal Storage Disorders	
E76.210	HCC49	Specified Lysosomal Storage Disorders	
E76.211	HCC49	Specified Lysosomal Storage Disorders	
E76.219	HCC49	Specified Lysosomal Storage Disorders	
E76.22	HCC49	Specified Lysosomal Storage Disorders	
E76.29	HCC49	Specified Lysosomal Storage Disorders	
E76.3	HCC49	Specified Lysosomal Storage Disorders	
E79.1	HCC50	Amyloidosis, Porphyria, and Other Specified Metabolic Disorders	
E80.0	HCC50	Amyloidosis, Porphyria, and Other Specified Metabolic Disorders	
E80.1	HCC50	Amyloidosis, Porphyria, and Other Specified Metabolic Disorders	
E80.20	HCC50	Amyloidosis, Porphyria, and Other Specified Metabolic Disorders	
E80.21	HCC50	Amyloidosis, Porphyria, and Other Specified Metabolic Disorders	
E80.29	HCC50	Amyloidosis, Porphyria, and Other Specified Metabolic Disorders	
E80.3	HCC50	Amyloidosis, Porphyria, and Other Specified Metabolic Disorders	
E83.00	HCC50	Amyloidosis, Porphyria, and Other Specified Metabolic Disorders	
E83.01	HCC50	Amyloidosis, Porphyria, and Other Specified Metabolic Disorders	
E83.09	HCC50	Amyloidosis, Porphyria, and Other Specified Metabolic Disorders	
E83.31	HCC50	Amyloidosis, Porphyria, and Other Specified Metabolic Disorders	
E84.0	HCC277	Cystic Fibrosis	
E84.11	HCC277	Cystic Fibrosis	mce: age = 0
E84.19	HCC277	Cystic Fibrosis	
E84.8	HCC277	Cystic Fibrosis	
E84.9	HCC277	Cystic Fibrosis	
E85.0	HCC50	Amyloidosis, Porphyria, and Other Specified Metabolic Disorders	
E85.1	HCC50	Amyloidosis, Porphyria, and Other Specified Metabolic Disorders	
E85.2	HCC50	Amyloidosis, Porphyria, and Other Specified Metabolic Disorders	
E85.3	HCC50	Amyloidosis, Porphyria, and Other Specified Metabolic Disorders	
E85.4	HCC50	Amyloidosis, Porphyria, and Other Specified Metabolic Disorders	
E85.81	HCC50	Amyloidosis, Porphyria, and Other Specified Metabolic Disorders	
E85.82	HCC50	Amyloidosis, Porphyria, and Other Specified Metabolic Disorders	
E85.89	HCC50	Amyloidosis, Porphyria, and Other Specified Metabolic Disorders	
E85.9	HCC50	Amyloidosis, Porphyria, and Other Specified Metabolic Disorders	
E88.01	HCC50	Amyloidosis, Porphyria, and Other Specified Metabolic Disorders	
E88.89	HCC50	Amyloidosis, Porphyria, and Other Specified Metabolic Disorders	
F01.50	HCC127	Dementia, Mild or Unspecified	mce: age >= 15
F01.511	HCC127	Dementia, Mild or Unspecified	mce: age >= 15
F01.518	HCC127	Dementia, Mild or Unspecified	mce: age >= 15
F01.52	HCC127	Dementia, Mild or Unspecified	mce: age >= 15
F01.53	HCC127	Dementia, Mild or Unspecified	mce: age >= 15
F01.54	HCC127	Dementia, Mild or Unspecified	mce: age >= 15
F01.A0	HCC127	Dementia, Mild or Unspecified	mce: age >= 15
F01.A11	HCC127	Dementia, Mild or Unspecified	mce: age >= 15
F01.A18	HCC127	Dementia, Mild or Unspecified	mce: age >= 15
F01.A2	HCC127	Dementia, Mild or Unspecified	mce: age >= 15
F01.A3	HCC127	Dementia, Mild or Unspecified	mce: age >= 15
F01.A4	HCC127	Dementia, Mild or Unspecified	mce: age >= 15
F01.B0	HCC126	Dementia, Moderate	mce: age >= 15
F01.B11	HCC126	Dementia, Moderate	mce: age >= 15
F01.B18	HCC126	Dementia, Moderate	mce: age >= 15
F01.B2	HCC126	Dementia, Moderate	mce: age >= 15
F01.B3	HCC126	Dementia, Moderate	mce: age >= 15
F01.B4	HCC126	Dementia, Moderate	mce: age >= 15
F01.C0	HCC125	Dementia, Severe	mce: age >= 15
F01.C11	HCC125	Dementia, Severe	mce: age >= 15
F01.C18	HCC125	Dementia, Severe	mce: age >= 15
F01.C2	HCC125	Dementia, Severe	mce: age >= 15
F01.C3	HCC125	Dementia, Severe	mce: age >= 15
F01.C4	HCC125	Dementia, Severe	mce: age >= 15
F02.80	HCC127	Dementia, Mild or Unspecified	
F02.811	HCC127	Dementia, Mild or Unspecified	
F02.818	HCC127	Dementia, Mild or Unspecified	
F02.82	HCC127	Dementia, Mild or Unspecified	
F02.83	HCC127	Dementia, Mild or Unspecified	
F02.84	HCC127	Dementia, Mild or Unspecified	
F02.A0	HCC127	Dementia, Mild or Unspecified	
F02.A11	HCC127	Dementia, Mild or Unspecified	
F02.A18	HCC127	Dementia, Mild or Unspecified	
F02.A2	HCC127	Dementia, Mild or Unspecified	
F02.A3	HCC127	Dementia, Mild or Unspecified	
F02.A4	HCC127	Dementia, Mild or Unspecified	
F02.B0	HCC126	Dementia, Moderate	
F02.B11	HCC126	Dementia, Moderate	
F02.B18	HCC126	Dementia, Moderate	
F02.B2	HCC126	Dementia, Moderate	
F02.B3	HCC126	Dementia, Moderate	
F02.B4	HCC126	Dementia, Moderate	
F02.C0	HCC125	Dementia, Severe	
F02.C11	HCC125	Dementia, Severe	
F02.C18	HCC125	Dementia, Severe	
F02.C2	HCC125	Dementia, Severe	
F02.C3	HCC125	Dementia, Severe	
F02.C4	HCC125	Dementia, Severe	
F03.90	HCC127	Dementia, Mild or Unspecified	mce: age >= 15
F03.911	HCC127	Dementia, Mild or Unspecified	mce: age >= 15
F03.918	HCC127	Dementia, Mild or Unspecified	mce: age >= 15
F03.92	HCC127	Dementia, Mild or Unspecified	mce: age >= 15
F03.93	HCC127	Dementia, Mild or Unspecified	mce: age >= 15
F03.94	HCC127	Dementia, Mild or Unspecified	mce: age >= 15
F03.A0	HCC127	Dementia, Mild or Unspecified	mce: age >= 15
F03.A11	HCC127	Dementia, Mild or Unspecified	mce: age >= 15
F03.A18	HCC127	Dementia, Mild or Unspecified	mce: age >= 15
F03.A2	HCC127	Dementia, Mild or Unspecified	mce: age >= 15
F03.A3	HCC127	Dementia, Mild or Unspecified	mce: age >= 15
F03.A4	HCC127	Dementia, Mild or Unspecified	mce: age >= 15
F03.B0	HCC126	Dementia, Moderate	mce: age >= 15
F03.B11	HCC126	Dementia, Moderate	mce: age >= 15
F03.B18	HCC126	Dementia, Moderate	mce: age >= 15
F03.B2	HCC126	Dementia, Moderate	mce: age >= 15
F03.B3	HCC126	Dementia, Moderate	mce: age >= 15
F03.B4	HCC126	Dementia, Moderate	mce: age >= 15
F03.C0	HCC125	Dementia, Severe	mce: age >= 15
F03.C11	HCC125	Dementia, Severe	mce: age >= 15
F03.C18	HCC125	Dementia, Severe	mce: age >= 15
F03.C2	HCC125	Dementia, Severe	mce: age >= 15
F03.C3	HCC125	Dementia, Severe	mce: age >= 15
F03.C4	HCC125	Dementia, Severe	mce: age >= 15
F10.130	HCC139	Alcohol Use Disorder, Moderate/Severe, or Alcohol Use with Specified Non-Psychotic Complications	
F10.131	HCC136	Alcohol Use with Psychotic Complications	
F10.132	HCC136	Alcohol Use with Psychotic Complications	
F10.139	HCC139	Alcohol Use Disorder, Moderate/Severe, or Alcohol Use with Specified Non-Psychotic Complications	
F10.14	HCC139	Alcohol Use Disorder, Moderate/Severe, or Alcohol Use with Specified Non-Psychotic Complications	
F10.150	HCC136	Alcohol Use with Psychotic Complications	
F10.151	HCC136	Alcohol Use with Psychotic Complications	
F10.159	HCC136	Alcohol Use with Psychotic Complications	
F10.180	HCC139	Alcohol Use Disorder, Moderate/Severe, or Alcohol Use with Specified Non-Psychotic Complications	
F10.181	HCC139	Alcohol Use Disorder, Moderate/Severe, or Alcohol Use with Specified Non-Psychotic Complications	
F10.182	HCC139	Alcohol Use Disorder, Moderate/Severe, or Alcohol Use with Specified Non-Psychotic Complications	
F10.188	HCC139	Alcohol Use Disorder, Moderate/Severe, or Alcohol Use with Specified Non-Psychotic Complications	
F10.20	HCC139	Alcohol Use Disorder, Moderate/Severe, or Alcohol Use with Specified Non-Psychotic Complications	
F10.21	HCC139	Alcohol Use Disorder, Moderate/Severe, or Alcohol Use with Specified Non-Psychotic Complications	
F10.220	HCC139	Alcohol Use Disorder, Moderate/Severe, or Alcohol Use with Specified Non-Psychotic Complications	
F10.221	HCC139	Alcohol Use Disorder, Moderate/Severe, or Alcohol Use with Specified Non-Psychotic Complications	
F10.229	HCC139	Alcohol Use Disorder, Moderate/Severe, or Alcohol Use with Specified Non-Psychotic Complications	
F10.230	HCC139	Alcohol Use Disorder, Moderate/Severe, or Alcohol Use with Specified Non-Psychotic Complications	
F10.231	HCC136	Alcohol Use with Psychotic Complications	
F10.232	HCC136	Alcohol Use with Psychotic Complications	
F10.239	HCC139	Alcohol Use Disorder, Moderate/Severe, or Alcohol Use with Specified Non-Psychotic Complications	
F10.24	HCC139	Alcohol Use Disorder, Moderate/Severe, or Alcohol Use with Specified Non-Psychotic Complications	
F10.250	HCC136	Alcohol Use with Psychotic Complications	
F10.251	HCC136	Alcohol Use with Psychotic Complications	
F10.259	HCC136	Alcohol Use with Psychotic Complications	
F10.26	HCC136	Alcohol Use with Psychotic Complications	
F10.27	HCC136	Alcohol Use with Psychotic Complications	
F10.280	HCC139	Alcohol Use Disorder, Moderate/Severe, or Alcohol Use with Specified Non-Psychotic Complications	
F10.281	HCC139	Alcohol Use Disorder, Moderate/Severe, or Alcohol Use with Specified Non-Psychotic Complications	
F10.282	HCC139	Alcohol Use Disorder, Moderate/Severe, or Alcohol Use with Specified Non-Psychotic Complications	
F10.288	HCC139	Alcohol Use Disorder, Moderate/Severe, or Alcohol Use with Specified Non-Psychotic Complications	
F10.29	HCC139	Alcohol Use Disorder, Moderate/Severe, or Alcohol Use with Specified Non-Psychotic Complications	
F10.930	HCC139	Alcohol Use Disorder, Moderate/Severe, or Alcohol Use with Specified Non-Psychotic Complications	
F10.931	HCC136	Alcohol Use with Psychotic Complications	
F10.932	HCC136	Alcohol Use with Psychotic Complications	
F10.939	HCC139	Alcohol Use Disorder, Moderate/Severe, or Alcohol Use with Specified Non-Psychotic Complications	
F10.94	HCC139	Alcohol Use Disorder, Moderate/Severe, or Alcohol Use with Specified Non-Psychotic Complications	
F10.950	HCC136	Alcohol Use with Psychotic Complications	
F10.951	HCC136	Alcohol Use with Psychotic Complications	
F10.959	HCC136	Alcohol Use with Psychotic Complications	
F10.96	HCC136	Alcohol Use with Psychotic Complications	
F10.97	HCC136	Alcohol Use with Psychotic Complications	
F10.980	HCC139	Alcohol Use Disorder, Moderate/Severe, or Alcohol Use with Specified Non-Psychotic Complications	
F10.981	HCC139	Alcohol Use Disorder, Moderate/Severe, or Alcohol Use with Specified Non-Psychotic Complications	
F10.982	HCC139	Alcohol Use Disorder, Moderate/Severe, or Alcohol Use with Specified Non-Psychotic Complications	
F10.988	HCC139	Alcohol Use Disorder, Moderate/Severe, or Alcohol Use with Specified Non-Psychotic Complications	
F11.10	HCC138	Drug Use Disorder, Mild, Uncomplicated, Except Cannabis	
F11.11	HCC138	Drug Use Disorder, Mild, Uncomplicated, Except Cannabis	
F11.120	HCC137	Drug Use Disorder, Moderate/Severe, or Drug Use with Non-Psychotic Complications	
F11.121	HCC137	Drug Use Disorder, Moderate/Severe, or Drug Use with Non-Psychotic Complications	
F11.122	HCC137	Drug Use Disorder, Moderate/Severe, or Drug Use with Non-Psychotic Complications	
F11.129	HCC137	Drug Use Disorder, Moderate/Severe, or Drug Use with Non-Psychotic Complications	
F11.13	HCC137	Drug Use Disorder, Moderate/Severe, or Drug Use with Non-Psychotic Complications	
F11.14	HCC137	Drug Use Disorder, Moderate/Severe, or Drug Use with Non-Psychotic Complications	
F11.150	HCC135	Drug Use with Psychotic Complications	
F11.151	HCC135	Drug Use with Psychotic Complications	
F11.159	HCC135	Drug Use with Psychotic Complications	
F11.181	HCC137	Drug Use Disorder, Moderate/Severe, or Drug Use with Non-Psychotic Complications	
F11.182	HCC137	Drug Use Disorder, Moderate/Severe, or Drug Use with Non-Psychotic Complications	
F11.188	HCC137	Drug Use Disorder, Moderate/Severe, or Drug Use with Non-Psychotic Complications	
F11.19	HCC137	Drug Use Disorder, Moderate/Severe, or Drug Use with Non-Psychotic Complications	
F11.20	HCC137	Drug Use Disorder, Moderate/Severe, or Drug Use with Non-Psychotic Complications	
F11.21	HCC137	Drug Use Disorder, Moderate/Severe, or Drug Use with Non-Psychotic Complications	
F11.220	HCC137	Drug Use Disorder, Moderate/Severe, or Drug Use with Non-Psychotic Complications	
F11.221	HCC137	Drug Use Disorder, Moderate/Severe, or Drug Use with Non-Psychotic Complications	
F11.222	HCC137	Drug Use Disorder, Moderate/Severe, or Drug Use with Non-Psychotic Complications	
F11.229	HCC137	Drug Use Disorder, Moderate/Severe, or Drug Use with Non-Psychotic Complications	
F11.23	HCC137	Drug Use Disorder, Moderate/Severe, or Drug Use with Non-Psychotic Complications	
F11.24	HCC137	Drug Use Disorder, Moderate/Severe, or Drug Use with Non-Psychotic Complications	
F11.250	HCC135	Drug Use with Psychotic Complications	
F11.251	HCC135	Drug Use with Psychotic Complications	
F11.259	HCC135	Drug Use with Psychotic Complications	
F11.281	HCC137	Drug Use Disorder, Moderate/Severe, or Drug Use with Non-Psychotic Complications	
F11.282	HCC137	Drug Use Disorder, Moderate/Severe, or Drug Use with Non-Psychotic Complications	
F11.288	HCC137	Drug Use Disorder, Moderate/Severe, or Drug Use with Non-Psychotic Complications	
F11.29	HCC137	Drug Use Disorder, Moderate/Severe, or Drug Use with Non-Psychotic Complications	
F11.920	HCC137	Drug Use Disorder, Moderate/Severe, or Drug Use with Non-Psychotic Complications	
F11.921	HCC137	Drug Use Disorder, Moderate/Severe, or Drug Use with Non-Psychotic Complications	
F11.922	HCC137	Drug Use Disorder, Moderate/Severe, or Drug Use with Non-Psychotic Complications	
F11.929	HCC137	Drug Use Disorder, Moderate/Severe, or Drug Use with Non-Psychotic Complications	
F11.93	HCC137	Drug Use Disorder, Moderate/Severe, or Drug Use with Non-Psychotic Complications	
F11.94	HCC137	Drug Use Disorder, Moderate/Severe, or Drug Use with Non-Psychotic Complications	
F11.950	HCC135	Drug Use with Psychotic Complications	
F11.951	HCC135	Drug Use with Psychotic Complications	
F11.959	HCC135	Drug Use with Psychotic Complications	
F11.981	HCC137	Drug Use Disorder, Moderate/Severe, or Drug Use with Non-Psychotic Complications	
F11.982	HCC137	Drug Use Disorder, Moderate/Severe, or Drug Use with Non-Psychotic Complications	
F11.988	HCC137	Drug Use Disorder, Moderate/Severe, or Drug Use with Non-Psychotic Complications	
F11.99	HCC137	Drug Use Disorder, Moderate/Severe, or Drug Use with Non-Psychotic Complications	
F12.13	HCC137	Drug Use Disorder, Moderate/Severe, or Drug Use with Non-Psychotic Complications	
F12.150	HCC135	Drug Use with Psychotic Complications	
F12.151	HCC135	Drug Use with Psychotic Complications	
F12.159	HCC135	Drug Use with Psychotic Complications	
F12.180	HCC137	Drug Use Disorder, Moderate/Severe, or Drug Use with Non-Psychotic Complications	
F12.188	HCC137	Drug Use Disorder, Moderate/Severe, or Drug Use with Non-Psychotic Complications	
F12.20	HCC137	Drug Use Disorder, Moderate/Severe, or Drug Use with Non-Psychotic Complications	
F12.21	HCC137	Drug Use Disorder, Moderate/Severe, or Drug Use with Non-Psychotic Complications	
F12.220	HCC137	Drug Use Disorder, Moderate/Severe, or Drug Use with Non-Psychotic Complications	
F12.221	HCC137	Drug Use Disorder, Moderate/Severe, or Drug Use with Non-Psychotic Complications	
F12.222	HCC137	Drug Use Disorder, Moderate/Severe, or Drug Use with Non-Psychotic Complications	
F12.229	HCC137	Drug Use Disorder, Moderate/Severe, or Drug Use with Non-Psychotic Complications	
F12.23	HCC137	Drug Use Disorder, Moderate/Severe, or Drug Use with Non-Psychotic Complications	
F12.250	HCC135	Drug Use with Psychotic Complications	
F12.251	HCC135	Drug Use with Psychotic Complications	
F12.259	HCC135	Drug Use with Psychotic Complications	
F12.280	HCC137	Drug Use Disorder, Moderate/Severe, or Drug Use with Non-Psychotic Complications	
F12.288	HCC137	Drug Use Disorder, Moderate/Severe, or Drug Use with Non-Psychotic Complications	
F12.29	HCC137	Drug Use Disorder, Moderate/Severe, or Drug Use with Non-Psychotic Complications	
F12.93	HCC137	Drug Use Disorder, Moderate/Severe, or Drug Use with Non-Psychotic Complications	
F12.950	HCC135	Drug Use with Psychotic Complications	
F12.951	HCC135	Drug Use with Psychotic Complications	
F12.959	HCC135	Drug Use with Psychotic Complications	
F12.980	HCC137	Drug Use Disorder, Moderate/Severe, or Drug Use with Non-Psychotic Complications	
F12.988	HCC137	Drug Use Disorder, Moderate/Severe, or Drug Use with Non-Psychotic Complications	
F13.10	HCC138	Drug Use Disorder, Mild, Uncomplicated, Except Cannabis	
F13.11	HCC138	Drug Use Disorder, Mild, Uncomplicated, Except Cannabis	
F13.120	HCC137	Drug Use Disorder, Moderate/Severe, or Drug Use with Non-Psychotic Complications	
F13.121	HCC137	Drug Use Disorder, Moderate/Severe, or Drug Use with Non-Psychotic Complications	
F13.129	HCC137	Drug Use Disorder, Moderate/Severe, or Drug Use with Non-Psychotic Complications	
F13.130	HCC137	Drug Use Disorder, Moderate/Severe, or Drug Use with Non-Psychotic Complications	
F13.131	HCC135	Drug Use with Psychotic Complications	
F13.132	HCC135	Drug Use with Psychotic Complications	
F13.139	HCC137	Drug Use Disorder, Moderate/Severe, or Drug Use with Non-Psychotic Complications	
F13.14	HCC137	Drug Use Disorder, Moderate/Severe, or Drug Use with Non-Psychotic Complications	
F13.150	HCC135	Drug Use with Psychotic Complications	
F13.151	HCC135	Drug Use with Psychotic Complications	
F13.159	HCC135	Drug Use with Psychotic Complications	
F13.180	HCC137	Drug Use Disorder, Moderate/Severe, or Drug Use with Non-Psychotic Complications	
F13.181	HCC137	Drug Use Disorder, Moderate/Severe, or Drug Use with Non-Psychotic Complications	
F13.182	HCC137	Drug Use Disorder, Moderate/Severe, or Drug Use with Non-Psychotic Complications	
F13.188	HCC137	Drug Use Disorder, Moderate/Severe, or Drug Use with Non-Psychotic Complications	
F13.19	HCC137	Drug Use Disorder, Moderate/Severe, or Drug Use with Non-Psychotic Complications	
F13.20	HCC137	Drug Use Disorder, Moderate/Severe, or Drug Use with Non-Psychotic Complications	
F13.21	HCC137	Drug Use Disorder, Moderate/Severe, or Drug Use with Non-Psychotic Complications	
F13.220	HCC137	Drug Use Disorder, Moderate/Severe, or Drug Use with Non-Psychotic Complications	
F13.221	HCC137	Drug Use Disorder, Moderate/Severe, or Drug Use with Non-Psychotic Complications	
F13.229	HCC137	Drug Use Disorder, Moderate/Severe, or Drug Use with Non-Psychotic Complications	
F13.230	HCC137	Drug Use Disorder, Moderate/Severe, or Drug Use with Non-Psychotic Complications	
F13.231	HCC135	Drug Use with Psychotic Complications	
F13.232	HCC135	Drug Use with Psychotic Complications	
F13.239	HCC137	Drug Use Disorder, Moderate/Severe, or Drug Use with Non-Psychotic Complications	
F13.24	HCC137	Drug Use Disorder, Moderate/Severe, or Drug Use with Non-Psychotic Complications	
F13.250	HCC135	Drug Use with Psychotic Complications	
F13.251	HCC135	Drug Use with Psychotic Complications	
F13.259	HCC135	Drug Use with Psychotic Complications	
F13.26	HCC135	Drug Use with Psychotic Complications	
F13.27	HCC135	Drug Use with Psychotic Complications	
F13.280	HCC137	Drug Use Disorder, Moderate/Severe, or Drug Use with Non-Psychotic Complications	
F13.281	HCC137	Drug Use Disorder, Moderate/Severe, or Drug Use with Non-Psychotic Complications	
F13.282	HCC137	Drug Use Disorder, Moderate/Severe, or Drug Use with Non-Psychotic Complications	
F13.288	HCC137	Drug Use Disorder, Moderate/Severe, or Drug Use with Non-Psychotic Complications	
F13.29	HCC137	Drug Use Disorder, Moderate/Severe, or Drug Use with Non-Psychotic Complications	
F13.920	HCC137	Drug Use Disorder, Moderate/Severe, or Drug Use with Non-Psychotic Complications	
F13.921	HCC137	Drug Use Disorder, Moderate/Severe, or Drug Use with Non-Psychotic Complications	
F13.929	HCC137	Drug Use Disorder, Moderate/Severe, or Drug Use with Non-Psychotic Complications	
F13.930	HCC137	Drug Use Disorder, Moderate/Severe, or Drug Use with Non-Psychotic Complications	
F13.931	HCC135	Drug Use with Psychotic Complications	
F13.932	HCC135	Drug Use with Psychotic Complications	
F13.939	HCC137	Drug Use Disorder, Moderate/Severe, or Drug Use with Non-Psychotic Complications	
F13.94	HCC137	Drug Use Disorder, Moderate/Severe, or Drug Use with Non-Psychotic Complications	
F13.950	HCC135	Drug Use with Psychotic Complications	
F13.951	HCC135	Drug Use with Psychotic Complications	
F13.959	HCC135	Drug Use with Psychotic Complications	
F13.96	HCC135	Drug Use with Psychotic Complications	
F13.97	HCC135	Drug Use with Psychotic Complications	
F13.980	HCC137	Drug Use Disorder, Moderate/Severe, or Drug Use with Non-Psychotic Complications	
F13.981	HCC137	Drug Use Disorder, Moderate/Severe, or Drug Use with Non-Psychotic Complications	
F13.982	HCC137	Drug Use Disorder, Moderate/Severe, or Drug Use with Non-Psychotic Complications	
F13.988	HCC137	Drug Use Disorder, Moderate/Severe, or Drug Use with Non-Psychotic Complications	
F13.99	HCC137	Drug Use Disorder, Moderate/Severe, or Drug Use with Non-Psychotic Complications	
F14.10	HCC138	Drug Use Disorder, Mild, Uncomplicated, Except Cannabis	
F14.11	HCC138	Drug Use Disorder, Mild, Uncomplicated, Except Cannabis	
F14.120	HCC137	Drug Use Disorder, Moderate/Severe, or Drug Use with Non-Psychotic Complications	
F14.121	HCC137	Drug Use Disorder, Moderate/Severe, or Drug Use with Non-Psychotic Complications	
F14.122	HCC137	Drug Use Disorder, Moderate/Severe, or Drug Use with Non-Psychotic Complications	
F14.129	HCC137	Drug Use Disorder, Moderate/Severe, or Drug Use with Non-Psychotic Complications	
F14.13	HCC137	Drug Use Disorder, Moderate/Severe, or Drug Use with Non-Psychotic Complications	
F14.14	HCC137	Drug Use Disorder, Moderate/Severe, or Drug Use with Non-Psychotic Complications	
F14.150	HCC135	Drug Use with Psychotic Complications	
F14.151	HCC135	Drug Use with Psychotic Complications	
F14.159	HCC135	Drug Use with Psychotic Complications	
F14.180	HCC137	Drug Use Disorder, Moderate/Severe, or Drug Use with Non-Psychotic Complications	
F14.181	HCC137	Drug Use Disorder, Moderate/Severe, or Drug Use with Non-Psychotic Complications	
F14.182	HCC137	Drug Use Disorder, Moderate/Severe, or Drug Use with Non-Psychotic Complications	
F14.188	HCC137	Drug Use Disorder, Moderate/Severe, or Drug Use with Non-Psychotic Complications	
F14.19	HCC137	Drug Use Disorder, Moderate/Severe, or Drug Use with Non-Psychotic Complications	
F14.20	HCC137	Drug Use Disorder, Moderate/Severe, or Drug Use with Non-Psychotic Complications	
F14.21	HCC137	Drug Use Disorder, Moderate/Severe, or Drug Use with Non-Psychotic Complications	
F14.220	HCC137	Drug Use Disorder, Moderate/Severe, or Drug Use with Non-Psychotic Complications	
F14.221	HCC137	Drug Use Disorder, Moderate/Severe, or Drug Use with Non-Psychotic Complications	
F14.222	HCC137	Drug Use Disorder, Moderate/Severe, or Drug Use with Non-Psychotic Complications	
F14.229	HCC137	Drug Use Disorder, Moderate/Severe, or Drug Use with Non-Psychotic Complications	
F14.23	HCC137	Drug Use Disorder, Moderate/Severe, or Drug Use with Non-Psychotic Complications	
F14.24	HCC137	Drug Use Disorder, Moderate/Severe, or Drug Use with Non-Psychotic Complications	
F14.250	HCC135	Drug Use with Psychotic Complications	
F14.251	HCC135	Drug Use with Psychotic Complications	
F14.259	HCC135	Drug Use with Psychotic Complications	
F14.280	HCC137	Drug Use Disorder, Moderate/Severe, or Drug Use with Non-Psychotic Complications	
F14.281	HCC137	Drug Use Disorder, Moderate/Severe, or Drug Use with Non-Psychotic Complications	
F14.282	HCC137	Drug Use Disorder, Moderate/Severe, or Drug Use with Non-Psychotic Complications	
F14.288	HCC137	Drug Use Disorder, Moderate/Severe, or Drug Use with Non-Psychotic Complications	
F14.29	HCC137	Drug Use Disorder, Moderate/Severe, or Drug Use with Non-Psychotic Complications	
F14.920	HCC137	Drug Use Disorder, Moderate/Severe, or Drug Use with Non-Psychotic Complications	
F14.921	HCC137	Drug Use Disorder, Moderate/Severe, or Drug Use with Non-Psychotic Complications	
F14.922	HCC137	Drug Use Disorder, Moderate/Severe, or Drug Use with Non-Psychotic Complications	
F14.929	HCC137	Drug Use Disorder, Moderate/Severe, or Drug Use with Non-Psychotic Complications	
F14.93	HCC137	Drug Use Disorder, Moderate/Severe, or Drug Use with Non-Psychotic Complications	
F14.94	HCC137	Drug Use Disorder, Moderate/Severe, or Drug Use with Non-Psychotic Complications	
F14.950	HCC135	Drug Use with Psychotic Complications	
F14.951	HCC135	Drug Use with Psychotic Complications	
F14.959	HCC135	Drug Use with Psychotic Complications	
F14.980	HCC137	Drug Use Disorder, Moderate/Severe, or Drug Use with Non-Psychotic Complications	
F14.981	HCC137	Drug Use Disorder, Moderate/Severe, or Drug Use with Non-Psychotic Complications	
F14.982	HCC137	Drug Use Disorder, Moderate/Severe, or Drug Use with Non-Psychotic Complications	
F14.988	HCC137	Drug Use Disorder, Moderate/Severe, or Drug Use with Non-Psychotic Complications	
F14.99	HCC137	Drug Use Disorder, Moderate/Severe, or Drug Use with Non-Psychotic Complications	
F15.10	HCC138	Drug Use Disorder, Mild, Uncomplicated, Except Cannabis	
F15.11	HCC138	Drug Use Disorder, Mild, Uncomplicated, Except Cannabis	
F15.120	HCC137	Drug Use Disorder, Moderate/Severe, or Drug Use with Non-Psychotic Complications	
F15.121	HCC137	Drug Use Disorder, Moderate/Severe, or Drug Use with Non-Psychotic Complications	
F15.122	HCC137	Drug Use Disorder, Moderate/Severe, or Drug Use with Non-Psychotic Complications	
F15.129	HCC137	Drug Use Disorder, Moderate/Severe, or Drug Use with Non-Psychotic Complications	
F15.13	HCC137	Drug Use Disorder, Moderate/Severe, or Drug Use with Non-Psychotic Complications	
F15.14	HCC137	Drug Use Disorder, Moderate/Severe, or Drug Use with Non-Psychotic Complications	
F15.150	HCC135	Drug Use with Psychotic Complications	
F15.151	HCC135	Drug Use with Psychotic Complications	
F15.159	HCC135	Drug Use with Psychotic Complications	
F15.180	HCC137	Drug Use Disorder, Moderate/Severe, or Drug Use with Non-Psychotic Complications	
F15.181	HCC137	Drug Use Disorder, Moderate/Severe, or Drug Use with Non-Psychotic Complications	
F15.182	HCC137	Drug Use Disorder, Moderate/Severe, or Drug Use with Non-Psychotic Complications	
F15.188	HCC137	Drug Use Disorder, Moderate/Severe, or Drug Use with Non-Psychotic Complications	
F15.19	HCC137	Drug Use Disorder, Moderate/Severe, or Drug Use with Non-Psychotic Complications	
F15.20	HCC137	Drug Use Disorder, Moderate/Severe, or Drug Use with Non-Psychotic Complications	
F15.21	HCC137	Drug Use Disorder, Moderate/Severe, or Drug Use with Non-Psychotic Complications	
F15.220	HCC137	Drug Use Disorder, Moderate/Severe, or Drug Use with Non-Psychotic Complications	
F15.221	HCC137	Drug Use Disorder, Moderate/Severe, or Drug Use with Non-Psychotic Complications	
F15.222	HCC137	Drug Use Disorder, Moderate/Severe, or Drug Use with Non-Psychotic Complications	
F15.229	HCC137	Drug Use Disorder, Moderate/Severe, or Drug Use with Non-Psychotic Complications	
F15.23	HCC137	Drug Use Disorder, Moderate/Severe, or Drug Use with Non-Psychotic Complications	
F15.24	HCC137	Drug Use Disorder, Moderate/Severe, or Drug Use with Non-Psychotic Complications	
F15.250	HCC135	Drug Use with Psychotic Complications	
F15.251	HCC135	Drug Use with Psychotic Complications	
F15.259	HCC135	Drug Use with Psychotic Complications	
F15.280	HCC137	Drug Use Disorder, Moderate/Severe, or Drug Use with Non-Psychotic Complications	
F15.281	HCC137	Drug Use Disorder, Moderate/Severe, or Drug Use with Non-Psychotic Complications	
F15.282	HCC137	Drug Use Disorder, Moderate/Severe, or Drug Use with Non-Psychotic Complications	
F15.288	HCC137	Drug Use Disorder, Moderate/Severe, or Drug Use with Non-Psychotic Complications	
F15.29	HCC137	Drug Use Disorder, Moderate/Severe, or Drug Use with Non-Psychotic Complications	
F15.920	HCC137	Drug Use Disorder, Moderate/Severe, or Drug Use with Non-Psychotic Complications	
F15.921	HCC137	Drug Use Disorder, Moderate/Severe, or Drug Use with Non-Psychotic Complications	
F15.922	HCC137	Drug Use Disorder, Moderate/Severe, or Drug Use with Non-Psychotic Complications	
F15.929	HCC137	Drug Use Disorder, Moderate/Severe, or Drug Use with Non-Psychotic Complications	
F15.93	HCC137	Drug Use Disorder, Moderate/Severe, or Drug Use with Non-Psychotic Complications	
F15.94	HCC137	Drug Use Disorder, Moderate/Severe, or Drug Use with Non-Psychotic Complications	
F15.950	HCC135	Drug Use with Psychotic Complications	
F15.951	HCC135	Drug Use with Psychotic Complications	
F15.959	HCC135	Drug Use with Psychotic Complications	
F15.980	HCC137	Drug Use Disorder, Moderate/Severe, or Drug Use with Non-Psychotic Complications	
F15.981	HCC137	Drug Use Disorder, Moderate/Severe, or Drug Use with Non-Psychotic Complications	
F15.982	HCC137	Drug Use Disorder, Moderate/Severe, or Drug Use with Non-Psychotic Complications	
F15.988	HCC137	Drug Use Disorder, Moderate/Severe, or Drug Use with Non-Psychotic Complications	
F15.99	HCC137	Drug Use Disorder, Moderate/Severe, or Drug Use with Non-Psychotic Complications	
F16.10	HCC138	Drug Use Disorder, Mild, Uncomplicated, Except Cannabis	
F16.11	HCC138	Drug Use Disorder, Mild, Uncomplicated, Except Cannabis	
F16.120	HCC137	Drug Use Disorder, Moderate/Severe, or Drug Use with Non-Psychotic Complications	
F16.121	HCC137	Drug Use Disorder, Moderate/Severe, or Drug Use with Non-Psychotic Complications	
F16.122	HCC137	Drug Use Disorder, Moderate/Severe, or Drug Use with Non-Psychotic Complications	
F16.129	HCC137	Drug Use Disorder, Moderate/Severe, or Drug Use with Non-Psychotic Complications	
F16.14	HCC137	Drug Use Disorder, Moderate/Severe, or Drug Use with Non-Psychotic Complications	
F16.150	HCC135	Drug Use with Psychotic Complications	
F16.151	HCC135	Drug Use with Psychotic Complications	
F16.159	HCC135	Drug Use with Psychotic Complications	
F16.180	HCC137	Drug Use Disorder, Moderate/Severe, or Drug Use with Non-Psychotic Complications	
F16.183	HCC137	Drug Use Disorder, Moderate/Severe, or Drug Use with Non-Psychotic Complications	
F16.188	HCC137	Drug Use Disorder, Moderate/Severe, or Drug Use with Non-Psychotic Complications	
F16.19	HCC137	Drug Use Disorder, Moderate/Severe, or Drug Use with Non-Psychotic Complications	
F16.20	HCC137	Drug Use Disorder, Moderate/Severe, or Drug Use with Non-Psychotic Complications	
F16.21	HCC137	Drug Use Disorder, Moderate/Severe, or Drug Use with Non-Psychotic Complications	
F16.220	HCC137	Drug Use Disorder, Moderate/Severe, or Drug Use with Non-Psychotic Complications	
F16.221	HCC137	Drug Use Disorder, Moderate/Severe, or Drug Use with Non-Psychotic Complications	
F16.229	HCC137	Drug Use Disorder, Moderate/Severe, or Drug Use with Non-Psychotic Complications	
F16.24	HCC137	Drug Use Disorder, Moderate/Severe, or Drug Use with Non-Psychotic Complications	
F16.250	HCC135	Drug Use with Psychotic Complications	
F16.251	HCC135	Drug Use with Psychotic Complications	
F16.259	HCC135	Drug Use with Psychotic Complications	
F16.280	HCC137	Drug Use Disorder, Moderate/Severe, or Drug Use with Non-Psychotic Complications	
F16.283	HCC137	Drug Use Disorder, Moderate/Severe, or Drug Use with Non-Psychotic Complications	
F16.288	HCC137	Drug Use Disorder, Moderate/Severe, or Drug Use with Non-Psychotic Complications	
F16.29	HCC137	Drug Use Disorder, Moderate/Severe, or Drug Use with Non-Psychotic Complications	
F16.920	HCC137	Drug Use Disorder, Moderate/Severe, or Drug Use with Non-Psychotic Complications	
F16.921	HCC137	Drug Use Disorder, Moderate/Severe, or Drug Use with Non-Psychotic Complications	
F16.929	HCC137	Drug Use Disorder, Moderate/Severe, or Drug Use with Non-Psychotic Complications	
F16.94	HCC137	Drug Use Disorder, Moderate/Severe, or Drug Use with Non-Psychotic Complications	
F16.950	HCC135	Drug Use with Psychotic Complications	
F16.951	HCC135	Drug Use with Psychotic Complications	
F16.959	HCC135	Drug Use with Psychotic Complications	
F16.980	HCC137	Drug Use Disorder, Moderate/Severe, or Drug Use with Non-Psychotic Complications	
F16.983	HCC137	Drug Use Disorder, Moderate/Severe, or Drug Use with Non-Psychotic Complications	
F16.988	HCC137	Drug Use Disorder, Moderate/Severe, or Drug Use with Non-Psychotic Complications	
F16.99	HCC137	Drug Use Disorder, Moderate/Severe, or Drug Use with Non-Psychotic Complications	
F18.10	HCC138	Drug Use Disorder, Mild, Uncomplicated, Except Cannabis	
F18.11	HCC138	Drug Use Disorder, Mild, Uncomplicated, Except Cannabis	
F18.120	HCC137	Drug Use Disorder, Moderate/Severe, or Drug Use with Non-Psychotic Complications	
F18.121	HCC137	Drug Use Disorder, Moderate/Severe, or Drug Use with Non-Psychotic Complications	
F18.129	HCC137	Drug Use Disorder, Moderate/Severe, or Drug Use with Non-Psychotic Complications	
F18.14	HCC137	Drug Use Disorder, Moderate/Severe, or Drug Use with Non-Psychotic Complications	
F18.150	HCC135	Drug Use with Psychotic Complications	
F18.151	HCC135	Drug Use with Psychotic Complications	
F18.159	HCC135	Drug Use with Psychotic Complications	
F18.17	HCC135	Drug Use with Psychotic Complications	
F18.180	HCC137	Drug Use Disorder, Moderate/Severe, or Drug Use with Non-Psychotic Complications	
F18.188	HCC137	Drug Use Disorder, Moderate/Severe, or Drug Use with Non-Psychotic Complications	
F18.19	HCC137	Drug Use Disorder, Moderate/Severe, or Drug Use with Non-Psychotic Complications	
F18.20	HCC137	Drug Use Disorder, Moderate/Severe, or Drug Use with Non-Psychotic Complications	
F18.21	HCC137	Drug Use Disorder, Moderate/Severe, or Drug Use with Non-Psychotic Complications	
F18.220	HCC137	Drug Use Disorder, Moderate/Severe, or Drug Use with Non-Psychotic Complications	
F18.221	HCC137	Drug Use Disorder, Moderate/Severe, or Drug Use with Non-Psychotic Complications	
F18.229	HCC137	Drug Use Disorder, Moderate/Severe, or Drug Use with Non-Psychotic Complications	
F18.24	HCC137	Drug Use Disorder, Moderate/Severe, or Drug Use with Non-Psychotic Complications	
F18.250	HCC135	Drug Use with Psychotic Complications	
F18.251	HCC135	Drug Use with Psychotic Complications	
F18.259	HCC135	Drug Use with Psychotic Complications	
F18.27	HCC135	Drug Use with Psychotic Complications	
F18.280	HCC137	Drug Use Disorder, Moderate/Severe, or Drug Use with Non-Psychotic Complications	
F18.288	HCC137	Drug Use Disorder, Moderate/Severe, or Drug Use with Non-Psychotic Complications	
F18.29	HCC137	Drug Use Disorder, Moderate/Severe, or Drug Use with Non-Psychotic Complications	
F18.920	HCC137	Drug Use Disorder, Moderate/Severe, or Drug Use with Non-Psychotic Complications	
F18.921	HCC137	Drug Use Disorder, Moderate/Severe, or Drug Use with Non-Psychotic Complications	
F18.929	HCC137	Drug Use Disorder, Moderate/Severe, or Drug Use with Non-Psychotic Complications	
F18.94	HCC137	Drug Use Disorder, Moderate/Severe, or Drug Use with Non-Psychotic Complications	
F18.950	HCC135	Drug Use with Psychotic Complications	
F18.951	HCC135	Drug Use with Psychotic Complications	
F18.959	HCC135	Drug Use with Psychotic Complications	
F18.97	HCC135	Drug Use with Psychotic Complications	
F18.980	HCC137	Drug Use Disorder, Moderate/Severe, or Drug Use with Non-Psychotic Complications	
F18.988	HCC137	Drug Use Disorder, Moderate/Severe, or Drug Use with Non-Psychotic Complications	
F18.99	HCC137	Drug Use Disorder, Moderate/Severe, or Drug Use with Non-Psychotic Complications	
F19.10	HCC138	Drug Use Disorder, Mild, Uncomplicated, Except Cannabis	
F19.11	HCC138	Drug Use Disorder, Mild, Uncomplicated, Except Cannabis	
F19.120	HCC137	Drug Use Disorder, Moderate/Severe, or Drug Use with Non-Psychotic Complications	
F19.121	HCC137	Drug Use Disorder, Moderate/Severe, or Drug Use with Non-Psychotic Complications	
F19.122	HCC137	Drug Use Disorder, Moderate/Severe, or Drug Use with Non-Psychotic Complications	
F19.129	HCC137	Drug Use Disorder, Moderate/Severe, or Drug Use with Non-Psychotic Complications	
F19.130	HCC137	Drug Use Disorder, Moderate/Severe, or Drug Use with Non-Psychotic Complications	
F19.131	HCC135	Drug Use with Psychotic Complications	
F19.132	HCC135	Drug Use with Psychotic Complications	
F19.139	HCC137	Drug Use Disorder, Moderate/Severe, or Drug Use with Non-Psychotic Complications	
F19.14	HCC137	Drug Use Disorder, Moderate/Severe, or Drug Use with Non-Psychotic Complications	
F19.150	HCC135	Drug Use with Psychotic Complications	
F19.151	HCC135	Drug Use with Psychotic Complications	
F19.159	HCC135	Drug Use with Psychotic Complications	
F19.16	HCC135	Drug Use with Psychotic Complications	
F19.17	HCC135	Drug Use with Psychotic Complications	
F19.180	HCC137	Drug Use Disorder, Moderate/Severe, or Drug Use with Non-Psychotic Complications	
F19.181	HCC137	Drug Use Disorder, Moderate/Severe, or Drug Use with Non-Psychotic Complications	
F19.182	HCC137	Drug Use Disorder, Moderate/Severe, or Drug Use with Non-Psychotic Complications	
F19.188	HCC137	Drug Use Disorder, Moderate/Severe, or Drug Use with Non-Psychotic Complications	
F19.19	HCC137	Drug Use Disorder, Moderate/Severe, or Drug Use with Non-Psychotic Complications	
F19.20	HCC137	Drug Use Disorder, Moderate/Severe, or Drug Use with Non-Psychotic Complications	
F19.21	HCC137	Drug Use Disorder, Moderate/Severe, or Drug Use with Non-Psychotic Complications	
F19.220	HCC137	Drug Use Disorder, Moderate/Severe, or Drug Use with Non-Psychotic Complications	
F19.221	HCC137	Drug Use Disorder, Moderate/Severe, or Drug Use with Non-Psychotic Complications	
F19.222	HCC137	Drug Use Disorder, Moderate/Severe, or Drug Use with Non-Psychotic Complications	
F19.229	HCC137	Drug Use Disorder, Moderate/Severe, or Drug Use with Non-Psychotic Complications	
F19.230	HCC137	Drug Use Disorder, Moderate/Severe, or Drug Use with Non-Psychotic Complications	
F19.231	HCC135	Drug Use with Psychotic Complications	
F19.232	HCC135	Drug Use with Psychotic Complications	
F19.239	HCC137	Drug Use Disorder, Moderate/Severe, or Drug Use with Non-Psychotic Complications	
F19.24	HCC137	Drug Use Disorder, Moderate/Severe, or Drug Use with Non-Psychotic Complications	
F19.250	HCC135	Drug Use with Psychotic Complications	
F19.251	HCC135	Drug Use with Psychotic Complications	
F19.259	HCC135	Drug Use with Psychotic Complications	
F19.26	HCC135	Drug Use with Psychotic Complications	
F19.27	HCC135	Drug Use with Psychotic Complications	
F19.280	HCC137	Drug Use Disorder, Moderate/Severe, or Drug Use with Non-Psychotic Complications	
F19.281	HCC137	Drug Use Disorder, Moderate/Severe, or Drug Use with Non-Psychotic Complications	
F19.282	HCC137	Drug Use Disorder, Moderate/Severe, or Drug Use with Non-Psychotic Complications	
F19.288	HCC137	Drug Use Disorder, Moderate/Severe, or Drug Use with Non-Psychotic Complications	
F19.29	HCC137	Drug Use Disorder, Moderate/Severe, or Drug Use with Non-Psychotic Complications	
F19.920	HCC137	Drug Use Disorder, Moderate/Severe, or Drug Use with Non-Psychotic Complications	
F19.921	HCC137	Drug Use Disorder, Moderate/Severe, or Drug Use with Non-Psychotic Complications	
F19.922	HCC137	Drug Use Disorder, Moderate/Severe, or Drug Use with Non-Psychotic Complications	
F19.929	HCC137	Drug Use Disorder, Moderate/Severe, or Drug Use with Non-Psychotic Complications	
F19.930	HCC137	Drug Use Disorder, Moderate/Severe, or Drug Use with Non-Psychotic Complications	
F19.931	HCC135	Drug Use with Psychotic Complications	
F19.932	HCC135	Drug Use with Psychotic Complications	
F19.939	HCC137	Drug Use Disorder, Moderate/Severe, or Drug Use with Non-Psychotic Complications	
F19.94	HCC137	Drug Use Disorder, Moderate/Severe, or Drug Use with Non-Psychotic Complications	
F19.950	HCC135	Drug Use with Psychotic Complications	
F19.951	HCC135	Drug Use with Psychotic Complications	
F19.959	HCC135	Drug Use with Psychotic Complications	
F19.96	HCC135	Drug Use with Psychotic Complications	
F19.97	HCC135	Drug Use with Psychotic Complications	
F19.980	HCC137	Drug Use Disorder, Moderate/Severe, or Drug Use with Non-Psychotic Complications	
F19.981	HCC137	Drug Use Disorder, Moderate/Severe, or Drug Use with Non-Psychotic Complications	
F19.982	HCC137	Drug Use Disorder, Moderate/Severe, or Drug Use with Non-Psychotic Complications	
F19.988	HCC137	Drug Use Disorder, Moderate/Severe, or Drug Use with Non-Psychotic Complications	
F19.99	HCC137	Drug Use Disorder, Moderate/Severe, or Drug Use with Non-Psychotic Complications	
F20.0	HCC151	Schizophrenia	age: age < 2
F20.0	HCC151	Schizophrenia	age: age >= 2
F20.1	HCC151	Schizophrenia	age: age < 2
F20.1	HCC151	Schizophrenia	age: age >= 2
F20.2	HCC151	Schizophrenia	age: age < 2
F20.2	HCC151	Schizophrenia	age: age >= 2
F20.3	HCC151	Schizophrenia	age: age < 2
F20.3	HCC151	Schizophrenia	age: age >= 2
F20.5	HCC151	Schizophrenia	age: age < 2
F20.5	HCC151	Schizophrenia	age: age >= 2
F20.81	HCC151	Schizophrenia	age: age < 2
F20.81	HCC151	Schizophrenia	age: age >= 2
F20.89	HCC151	Schizophrenia	age: age < 2
F20.89	HCC151	Schizophrenia	age: age >= 2
F20.9	HCC151	Schizophrenia	age: age < 2
F20.9	HCC151	Schizophrenia	age: age >= 2
F21	HCC153	Personality Disorders; Anorexia/Bulimia Nervosa	age: age < 2
F21	HCC153	Personality Disorders; Anorexia/Bulimia Nervosa	age: age >= 2
F22	HCC152	Psychosis, Except Schizophrenia	age: age < 2
F22	HCC152	Psychosis, Except Schizophrenia	age: age >= 2
F23	HCC152	Psychosis, Except Schizophrenia	age: age < 2
F23	HCC152	Psychosis, Except Schizophrenia	age: age >= 2
F24	HCC152	Psychosis, Except Schizophrenia	age: age < 2
F24	HCC152	Psychosis, Except Schizophrenia	age: age >= 2
F25.0	HCC151	Schizophrenia	age: age < 2
F25.0	HCC151	Schizophrenia	age: age >= 2
F25.1	HCC151	Schizophrenia	age: age < 2
F25.1	HCC151	Schizophrenia	age: age >= 2
F25.8	HCC151	Schizophrenia	age: age < 2
F25.8	HCC151	Schizophrenia	age: age >= 2
F25.9	HCC151	Schizophrenia	age: age < 2
F25.9	HCC151	Schizophrenia	age: age >= 2
F28	HCC152	Psychosis, Except Schizophrenia	age: age < 2
F28	HCC152	Psychosis, Except Schizophrenia	age: age >= 2
F29	HCC152	Psychosis, Except Schizophrenia	age: age < 2
F29	HCC152	Psychosis, Except Schizophrenia	age: age >= 2
F30.10	HCC154	Bipolar Disorders without Psychosis	age: age < 2
F30.10	HCC154	Bipolar Disorders without Psychosis	age: age >= 2
F30.11	HCC154	Bipolar Disorders without Psychosis	age: age < 2
F30.11	HCC154	Bipolar Disorders without Psychosis	age: age >= 2
F30.12	HCC154	Bipolar Disorders without Psychosis	age: age < 2
F30.12	HCC154	Bipolar Disorders without Psychosis	age: age >= 2
F30.13	HCC154	Bipolar Disorders without Psychosis	age: age < 2
F30.13	HCC154	Bipolar Disorders without Psychosis	age: age >= 2
F30.2	HCC152	Psychosis, Except Schizophrenia	age: age < 2
F30.2	HCC152	Psychosis, Except Schizophrenia	age: age >= 2
F30.3	HCC154	Bipolar Disorders without Psychosis	age: age < 2
F30.3	HCC154	Bipolar Disorders without Psychosis	age: age >= 2
F30.8	HCC154	Bipolar Disorders without Psychosis	age: age < 2
F30.8	HCC154	Bipolar Disorders without Psychosis	age: age >= 2
F30.9	HCC154	Bipolar Disorders without Psychosis	age: age < 2
F30.9	HCC154	Bipolar Disorders without Psychosis	age: age >= 2
F31.0	HCC154	Bipolar Disorders without Psychosis	age: age < 2
F31.0	HCC154	Bipolar Disorders without Psychosis	age: age >= 2
F31.10	HCC154	Bipolar Disorders without Psychosis	age: age < 2
F31.10	HCC154	Bipolar Disorders without Psychosis	age: age >= 2
F31.11	HCC154	Bipolar Disorders without Psychosis	age: age < 2
F31.11	HCC154	Bipolar Disorders without Psychosis	age: age >= 2
F31.12	HCC154	Bipolar Disorders without Psychosis	age: age < 2
F31.12	HCC154	Bipolar Disorders without Psychosis	age: age >= 2
F31.13	HCC154	Bipolar Disorders without Psychosis	age: age < 2
F31.13	HCC154	Bipolar Disorders without Psychosis	age: age >= 2
F31.2	HCC152	Psychosis, Except Schizophrenia	age: age < 2
F31.2	HCC152	Psychosis, Except Schizophrenia	age: age >= 2
F31.30	HCC154	Bipolar Disorders without Psychosis	age: age < 2
F31.30	HCC154	Bipolar Disorders without Psychosis	age: age >= 2
F31.31	HCC154	Bipolar Disorders without Psychosis	age: age < 2
F31.31	HCC154	Bipolar Disorders without Psychosis	age: age >= 2
F31.32	HCC154	Bipolar Disorders without Psychosis	age: age < 2
F31.32	HCC154	Bipolar Disorders without Psychosis	age: age >= 2
F31.4	HCC154	Bipolar Disorders without Psychosis	age: age < 2
F31.4	HCC154	Bipolar Disorders without Psychosis	age: age >= 2
F31.5	HCC152	Psychosis, Except Schizophrenia	age: age < 2
F31.5	HCC152	Psychosis, Except Schizophrenia	age: age >= 2
F31.60	HCC154	Bipolar Disorders without Psychosis	age: age < 2
F31.60	HCC154	Bipolar Disorders without Psychosis	age: age >= 2
F31.61	HCC154	Bipolar Disorders without Psychosis	age: age < 2
F31.61	HCC154	Bipolar Disorders without Psychosis	age: age >= 2
F31.62	HCC154	Bipolar Disorders without Psychosis	age: age < 2
F31.62	HCC154	Bipolar Disorders without Psychosis	age: age >= 2
F31.63	HCC154	Bipolar Disorders without Psychosis	age: age < 2
F31.63	HCC154	Bipolar Disorders without Psychosis	age: age >= 2
F31.64	HCC152	Psychosis, Except Schizophrenia	age: age < 2
F31.64	HCC152	Psychosis, Except Schizophrenia	age: age >= 2
F31.71	HCC154	Bipolar Disorders without Psychosis	age: age < 2
F31.71	HCC154	Bipolar Disorders without Psychosis	age: age >= 2
F31.73	HCC154	Bipolar Disorders without Psychosis	age: age < 2
F31.73	HCC154	Bipolar Disorders without Psychosis	age: age >= 2
F31.75	HCC154	Bipolar Disorders without Psychosis	age: age < 2
F31.75	HCC154	Bipolar Disorders without Psychosis	age: age >= 2
F31.77	HCC154	Bipolar Disorders without Psychosis	age: age < 2
F31.77	HCC154	Bipolar Disorders without Psychosis	age: age >= 2
F31.81	HCC154	Bipolar Disorders without Psychosis	age: age < 2
F31.81	HCC154	Bipolar Disorders without Psychosis	age: age >= 2
F31.89	HCC154	Bipolar Disorders without Psychosis	age: age < 2
F31.89	HCC154	Bipolar Disorders without Psychosis	age: age >= 2
F31.9	HCC154	Bipolar Disorders without Psychosis	age: age < 2
F31.9	HCC154	Bipolar Disorders without Psychosis	age: age >= 2
F32.1	HCC155	Major Depression, Moderate or Severe, without Psychosis	
F32.2	HCC155	Major Depression, Moderate or Severe, without Psychosis	age: age < 2
F32.2	HCC155	Major Depression, Moderate or Severe, without Psychosis	age: age >= 2
F32.3	HCC152	Psychosis, Except Schizophrenia	age: age < 2
F32.3	HCC152	Psychosis, Except Schizophrenia	age: age >= 2
F33.1	HCC155	Major Depression, Moderate or Severe, without Psychosis	
F33.2	HCC155	Major Depression, Moderate or Severe, without Psychosis	age: age < 2
F33.2	HCC155	Major Depression, Moderate or Severe, without Psychosis	age: age >= 2
F33.3	HCC152	Psychosis, Except Schizophrenia	age: age < 2
F33.3	HCC152	Psychosis, Except Schizophrenia	age: age >= 2
F44.0	HCC153	Personality Disorders; Anorexia/Bulimia Nervosa	age: age < 2
F44.0	HCC153	Personality Disorders; Anorexia/Bulimia Nervosa	age: age >= 2
F44.1	HCC153	Personality Disorders; Anorexia/Bulimia Nervosa	age: age < 2
F44.1	HCC153	Personality Disorders; Anorexia/Bulimia Nervosa	age: age >= 2
F44.81	HCC153	Personality Disorders; Anorexia/Bulimia Nervosa	age: age < 2
F44.81	HCC153	Personality Disorders; Anorexia/Bulimia Nervosa	age: age >= 2
F48.1	HCC153	Personality Disorders; Anorexia/Bulimia Nervosa	age: age < 2
F48.1	HCC153	Personality Disorders; Anorexia/Bulimia Nervosa	age: age >= 2
F50.00	HCC153	Personality Disorders; Anorexia/Bulimia Nervosa	age: age < 2
F50.00	HCC153	Personality Disorders; Anorexia/Bulimia Nervosa	age: age >= 2
F50.010	HCC153	Personality Disorders; Anorexia/Bulimia Nervosa	age: age < 2
F50.010	HCC153	Personality Disorders; Anorexia/Bulimia Nervosa	age: age >= 2
F50.011	HCC153	Personality Disorders; Anorexia/Bulimia Nervosa	age: age < 2
F50.011	HCC153	Personality Disorders; Anorexia/Bulimia Nervosa	age: age >= 2
F50.012	HCC153	Personality Disorders; Anorexia/Bulimia Nervosa	age: age < 2
F50.012	HCC153	Personality Disorders; Anorexia/Bulimia Nervosa	age: age >= 2
F50.013	HCC153	Personality Disorders; Anorexia/Bulimia Nervosa	age: age < 2
F50.013	HCC153	Personality Disorders; Anorexia/Bulimia Nervosa	age: age >= 2
F50.014	HCC153	Personality Disorders; Anorexia/Bulimia Nervosa	age: age < 2
F50.014	HCC153	Personality Disorders; Anorexia/Bulimia Nervosa	age: age >= 2
F50.019	HCC153	Personality Disorders; Anorexia/Bulimia Nervosa	age: age < 2
F50.019	HCC153	Personality Disorders; Anorexia/Bulimia Nervosa	age: age >= 2
F50.020	HCC153	Personality Disorders; Anorexia/Bulimia Nervosa	age: age < 2
F50.020	HCC153	Personality Disorders; Anorexia/Bulimia Nervosa	age: age >= 2
F50.021	HCC153	Personality Disorders; Anorexia/Bulimia Nervosa	age: age < 2
F50.021	HCC153	Personality Disorders; Anorexia/Bulimia Nervosa	age: age >= 2
F50.022	HCC153	Personality Disorders; Anorexia/Bulimia Nervosa	age: age < 2
F50.022	HCC153	Personality Disorders; Anorexia/Bulimia Nervosa	age: age >= 2
F50.023	HCC153	Personality Disorders; Anorexia/Bulimia Nervosa	age: age < 2
F50.023	HCC153	Personality Disorders; Anorexia/Bulimia Nervosa	age: age >= 2
F50.024	HCC153	Personality Disorders; Anorexia/Bulimia Nervosa	age: age < 2
F50.024	HCC153	Personality Disorders; Anorexia/Bulimia Nervosa	age: age >= 2
F50.029	HCC153	Personality Disorders; Anorexia/Bulimia Nervosa	age: age < 2
F50.029	HCC153	Personality Disorders; Anorexia/Bulimia Nervosa	age: age >= 2
F50.20	HCC153	Personality Disorders; Anorexia/Bulimia Nervosa	age: age < 2
F50.20	HCC153	Personality Disorders; Anorexia/Bulimia Nervosa	age: age >= 2
F50.21	HCC153	Personality Disorders; Anorexia/Bulimia Nervosa	age: age < 2
F50.21	HCC153	Personality Disorders; Anorexia/Bulimia Nervosa	age: age >= 2
F50.22	HCC153	Personality Disorders; Anorexia/Bulimia Nervosa	age: age < 2
F50.22	HCC153	Personality Disorders; Anorexia/Bulimia Nervosa	age: age >= 2
F50.23	HCC153	Personality Disorders; Anorexia/Bulimia Nervosa	age: age < 2
F50.23	HCC153	Personality Disorders; Anorexia/Bulimia Nervosa	age: age >= 2
F50.24	HCC153	Personality Disorders; Anorexia/Bulimia Nervosa	age: age < 2
F50.24	HCC153	Personality Disorders; Anorexia/Bulimia Nervosa	age: age >= 2
F50.25	HCC153	Personality Disorders; Anorexia/Bulimia Nervosa	age: age < 2
F50.25	HCC153	Personality Disorders; Anorexia/Bulimia Nervosa	age: age >= 2
F53.1	HCC152	Psychosis, Except Schizophrenia	mce: 9 <= age <= 64
F60.0	HCC153	Personality Disorders; Anorexia/Bulimia Nervosa	age: age < 2
F60.0	HCC153	Personality Disorders; Anorexia/Bulimia Nervosa	age: age >= 2
F60.1	HCC153	Personality Disorders; Anorexia/Bulimia Nervosa	age: age < 2
F60.1	HCC153	Personality Disorders; Anorexia/Bulimia Nervosa	age: age >= 2
F60.2	HCC153	Personality Disorders; Anorexia/Bulimia Nervosa	age: age < 2
F60.2	HCC153	Personality Disorders; Anorexia/Bulimia Nervosa	age: age >= 2
F60.3	HCC153	Personality Disorders; Anorexia/Bulimia Nervosa	age: age < 2
F60.3	HCC153	Personality Disorders; Anorexia/Bulimia Nervosa	age: age >= 2
F60.4	HCC153	Personality Disorders; Anorexia/Bulimia Nervosa	age: age < 2
F60.4	HCC153	Personality Disorders; Anorexia/Bulimia Nervosa	age: age >= 2
F60.5	HCC153	Personality Disorders; Anorexia/Bulimia Nervosa	age: age < 2
F60.5	HCC153	Personality Disorders; Anorexia/Bulimia Nervosa	age: age >= 2
F60.6	HCC153	Personality Disorders; Anorexia/Bulimia Nervosa	age: age < 2
F60.6	HCC153	Personality Disorders; Anorexia/Bulimia Nervosa	age: age >= 2
F60.7	HCC153	Personality Disorders; Anorexia/Bulimia Nervosa	age: age < 2
F60.7	HCC153	Personality Disorders; Anorexia/Bulimia Nervosa	age: age >= 2
F60.81	HCC153	Personality Disorders; Anorexia/Bulimia Nervosa	age: age < 2
F60.81	HCC153	Personality Disorders; Anorexia/Bulimia Nervosa	age: age >= 2
F60.89	HCC153	Personality Disorders; Anorexia/Bulimia Nervosa	age: age < 2
F60.89	HCC153	Personality Disorders; Anorexia/Bulimia Nervosa	age: age >= 2
F60.9	HCC153	Personality Disorders; Anorexia/Bulimia Nervosa	age: age < 2
F60.9	HCC153	Personality Disorders; Anorexia/Bulimia Nervosa	age: age >= 2
G04.1	HCC182	Spinal Cord Disorders/Injuries	
G04.82	HCC182	Spinal Cord Disorders/Injuries	
G04.89	HCC182	Spinal Cord Disorders/Injuries	
G04.91	HCC182	Spinal Cord Disorders/Injuries	
G05.4	HCC182	Spinal Cord Disorders/Injuries	
G10	HCC200	Friedreich and Other Hereditary Ataxias; Huntington Disease	
G11.0	HCC200	Friedreich and Other Hereditary Ataxias; Huntington Disease	
G11.10	HCC200	Friedreich and Other Hereditary Ataxias; Huntington Disease	
G11.11	HCC200	Friedreich and Other Hereditary Ataxias; Huntington Disease	
G11.19	HCC200	Friedreich and Other Hereditary Ataxias; Huntington Disease	
G11.2	HCC200	Friedreich and Other Hereditary Ataxias; Huntington Disease	mce: age >= 15
G11.3	HCC200	Friedreich and Other Hereditary Ataxias; Huntington Disease	
G11.4	HCC200	Friedreich and Other Hereditary Ataxias; Huntington Disease	
G11.5	HCC200	Friedreich and Other Hereditary Ataxias; Huntington Disease	
G11.6	HCC200	Friedreich and Other Hereditary Ataxias; Huntington Disease	
G11.8	HCC200	Friedreich and Other Hereditary Ataxias; Huntington Disease	
G11.9	HCC200	Friedreich and Other Hereditary Ataxias; Huntington Disease	
G12.0	HCC190	Amyotrophic Lateral Sclerosis and Other Motor Neuron Disease, Spinal Muscular Atrophy	
G12.1	HCC190	Amyotrophic Lateral Sclerosis and Other Motor Neuron Disease, Spinal Muscular Atrophy	
G12.20	HCC190	Amyotrophic Lateral Sclerosis and Other Motor Neuron Disease, Spinal Muscular Atrophy	
G12.21	HCC190	Amyotrophic Lateral Sclerosis and Other Motor Neuron Disease, Spinal Muscular Atrophy	mce: age >= 15
G12.22	HCC190	Amyotrophic Lateral Sclerosis and Other Motor Neuron Disease, Spinal Muscular Atrophy	
G12.23	HCC190	Amyotrophic Lateral Sclerosis and Other Motor Neuron Disease, Spinal Muscular Atrophy	
G12.24	HCC190	Amyotrophic Lateral Sclerosis and Other Motor Neuron Disease, Spinal Muscular Atrophy	
G12.25	HCC190	Amyotrophic Lateral Sclerosis and Other Motor Neuron Disease, Spinal Muscular Atrophy	
G12.29	HCC190	Amyotrophic Lateral Sclerosis and Other Motor Neuron Disease, Spinal Muscular Atrophy	
G12.8	HCC190	Amyotrophic Lateral Sclerosis and Other Motor Neuron Disease, Spinal Muscular Atrophy	
G12.9	HCC190	Amyotrophic Lateral Sclerosis and Other Motor Neuron Disease, Spinal Muscular Atrophy	
G14	HCC182	Spinal Cord Disorders/Injuries	
G20.A1	HCC199	Parkinson and Other Degenerative Disease of Basal Ganglia	
G20.A2	HCC199	Parkinson and Other Degenerative Disease of Basal Ganglia	
G20.B1	HCC199	Parkinson and Other Degenerative Disease of Basal Ganglia	
G20.B2	HCC199	Parkinson and Other Degenerative Disease of Basal Ganglia	
G20.C	HCC199	Parkinson and Other Degenerative Disease of Basal Ganglia	
G21.3	HCC199	Parkinson and Other Degenerative Disease of Basal Ganglia	
G21.4	HCC199	Parkinson and Other Degenerative Disease of Basal Ganglia	
G21.8	HCC199	Parkinson and Other Degenerative Disease of Basal Ganglia	
G21.9	HCC199	Parkinson and Other Degenerative Disease of Basal Ganglia	
G23.0	HCC199	Parkinson and Other Degenerative Disease of Basal Ganglia	
G23.1	HCC199	Parkinson and Other Degenerative Disease of Basal Ganglia	
G23.2	HCC199	Parkinson and Other Degenerative Disease of Basal Ganglia	
G23.3	HCC199	Parkinson and Other Degenerative Disease of Basal Ganglia	
G23.8	HCC199	Parkinson and Other Degenerative Disease of Basal Ganglia	
G23.9	HCC199	Parkinson and Other Degenerative Disease of Basal Ganglia	
G30.0	HCC127	Dementia, Mild or Unspecified	
G30.1	HCC127	Dementia, Mild or Unspecified	mce: age >= 15
G30.8	HCC127	Dementia, Mild or Unspecified	
G30.9	HCC127	Dementia, Mild or Unspecified	
G31.01	HCC127	Dementia, Mild or Unspecified	
G31.09	HCC127	Dementia, Mild or Unspecified	
G31.80	HCC200	Friedreich and Other Hereditary Ataxias; Huntington Disease	
G31.81	HCC127	Dementia, Mild or Unspecified	
G31.82	HCC127	Dementia, Mild or Unspecified	
G31.83	HCC127	Dementia, Mild or Unspecified	
G31.86	HCC127	Dementia, Mild or Unspecified	
G32.0	HCC182	Spinal Cord Disorders/Injuries	
G32.81	HCC182	Spinal Cord Disorders/Injuries	
G35	HCC198	Multiple Sclerosis	
G35.A	HCC198	Multiple Sclerosis	
G35.B0	HCC198	Multiple Sclerosis	
G35.B1	HCC198	Multiple Sclerosis	
G35.B2	HCC198	Multiple Sclerosis	
G35.C0	HCC198	Multiple Sclerosis	
G35.C1	HCC198	Multiple Sclerosis	
G35.C2	HCC198	Multiple Sclerosis	
G35.D	HCC198	Multiple Sclerosis	
G36.0	HCC198	Multiple Sclerosis	
G36.1	HCC198	Multiple Sclerosis	
G36.8	HCC198	Multiple Sclerosis	
G36.9	HCC198	Multiple Sclerosis	
G37.0	HCC198	Multiple Sclerosis	
G37.1	HCC198	Multiple Sclerosis	
G37.2	HCC198	Multiple Sclerosis	
G37.3	HCC182	Spinal Cord Disorders/Injuries	
G37.4	HCC182	Spinal Cord Disorders/Injuries	
G37.5	HCC198	Multiple Sclerosis	
G37.81	HCC198	Multiple Sclerosis	
G37.89	HCC198	Multiple Sclerosis	
G37.9	HCC198	Multiple Sclerosis	
G40.001	HCC201	Seizure Disorders and Convulsions	
G40.009	HCC201	Seizure Disorders and Convulsions	
G40.011	HCC201	Seizure Disorders and Convulsions	
G40.019	HCC201	Seizure Disorders and Convulsions	
G40.101	HCC201	Seizure Disorders and Convulsions	
G40.109	HCC201	Seizure Disorders and Convulsions	
G40.111	HCC201	Seizure Disorders and Convulsions	
G40.119	HCC201	Seizure Disorders and Convulsions	
G40.201	HCC201	Seizure Disorders and Convulsions	
G40.209	HCC201	Seizure Disorders and Convulsions	
G40.211	HCC201	Seizure Disorders and Convulsions	
G40.219	HCC201	Seizure Disorders and Convulsions	
G40.301	HCC201	Seizure Disorders and Convulsions	
G40.309	HCC201	Seizure Disorders and Convulsions	
G40.311	HCC201	Seizure Disorders and Convulsions	
G40.319	HCC201	Seizure Disorders and Convulsions	
G40.401	HCC201	Seizure Disorders and Convulsions	
G40.409	HCC201	Seizure Disorders and Convulsions	
G40.411	HCC201	Seizure Disorders and Convulsions	
G40.419	HCC201	Seizure Disorders and Convulsions	
G40.42	HCC201	Seizure Disorders and Convulsions	
G40.501	HCC201	Seizure Disorders and Convulsions	
G40.509	HCC201	Seizure Disorders and Convulsions	
G40.801	HCC201	Seizure Disorders and Convulsions	
G40.802	HCC201	Seizure Disorders and Convulsions	
G40.803	HCC201	Seizure Disorders and Convulsions	
G40.804	HCC201	Seizure Disorders and Convulsions	
G40.811	HCC201	Seizure Disorders and Convulsions	
G40.812	HCC201	Seizure Disorders and Convulsions	
G40.813	HCC201	Seizure Disorders and Convulsions	
G40.814	HCC201	Seizure Disorders and Convulsions	
G40.821	HCC201	Seizure Disorders and Convulsions	
G40.822	HCC201	Seizure Disorders and Convulsions	
G40.823	HCC201	Seizure Disorders and Convulsions	
G40.824	HCC201	Seizure Disorders and Convulsions	
G40.833	HCC201	Seizure Disorders and Convulsions	
G40.834	HCC201	Seizure Disorders and Convulsions	
G40.841	HCC201	Seizure Disorders and Convulsions	
G40.842	HCC201	Seizure Disorders and Convulsions	
G40.843	HCC201	Seizure Disorders and Convulsions	
G40.844	HCC201	Seizure Disorders and Convulsions	
G40.89	HCC201	Seizure Disorders and Convulsions	
G40.901	HCC201	Seizure Disorders and Convulsions	
G40.909	HCC201	Seizure Disorders and Convulsions	
G40.911	HCC201	Seizure Disorders and Convulsions	
G40.919	HCC201	Seizure Disorders and Convulsions	
G40.A01	HCC201	Seizure Disorders and Convulsions	
G40.A09	HCC201	Seizure Disorders and Convulsions	
G40.A11	HCC201	Seizure Disorders and Convulsions	
G40.A19	HCC201	Seizure Disorders and Convulsions	
G40.B01	HCC201	Seizure Disorders and Convulsions	
G40.B09	HCC201	Seizure Disorders and Convulsions	
G40.B11	HCC201	Seizure Disorders and Convulsions	
G40.B19	HCC201	Seizure Disorders and Convulsions	
G40.C01	HCC201	Seizure Disorders and Convulsions	
G40.C09	HCC201	Seizure Disorders and Convulsions	
G40.C11	HCC201	Seizure Disorders and Convulsions	
G40.C19	HCC201	Seizure Disorders and Convulsions	
G54.6	HCC409	Amputation Status, Lower Limb/Amputation Complications	
G54.7	HCC409	Amputation Status, Lower Limb/Amputation Complications	
G61.81	HCC193	Chronic Inflammatory Demyelinating Polyneuritis and Multifocal Motor Neuropathy	
G61.82	HCC193	Chronic Inflammatory Demyelinating Polyneuritis and Multifocal Motor Neuropathy	
G70.00	HCC196	Myasthenia Gravis without (Acute) Exacerbation and Other Myoneural Disorders	
G70.01	HCC195	Myasthenia Gravis with (Acute) Exacerbation	
G70.1	HCC196	Myasthenia Gravis without (Acute) Exacerbation and Other Myoneural Disorders	
G70.2	HCC196	Myasthenia Gravis without (Acute) Exacerbation and Other Myoneural Disorders	
G70.80	HCC196	Myasthenia Gravis without (Acute) Exacerbation and Other Myoneural Disorders	
G70.81	HCC196	Myasthenia Gravis without (Acute) Exacerbation and Other Myoneural Disorders	
G70.89	HCC196	Myasthenia Gravis without (Acute) Exacerbation and Other Myoneural Disorders	
G70.9	HCC196	Myasthenia Gravis without (Acute) Exacerbation and Other Myoneural Disorders	
G71.00	HCC197	Muscular Dystrophy	
G71.01	HCC197	Muscular Dystrophy	
G71.02	HCC197	Muscular Dystrophy	
G71.031	HCC197	Muscular Dystrophy	
G71.032	HCC197	Muscular Dystrophy	
G71.033	HCC197	Muscular Dystrophy	
G71.0340	HCC197	Muscular Dystrophy	
G71.0341	HCC197	Muscular Dystrophy	
G71.0342	HCC197	Muscular Dystrophy	
G71.0349	HCC197	Muscular Dystrophy	
G71.035	HCC197	Muscular Dystrophy	
G71.036	HCC197	Muscular Dystrophy	
G71.038	HCC197	Muscular Dystrophy	
G71.039	HCC197	Muscular Dystrophy	
G71.09	HCC197	Muscular Dystrophy	
G71.11	HCC197	Muscular Dystrophy	
G71.20	HCC197	Muscular Dystrophy	
G71.21	HCC197	Muscular Dystrophy	
G71.220	HCC197	Muscular Dystrophy	
G71.228	HCC197	Muscular Dystrophy	
G71.29	HCC197	Muscular Dystrophy	
G72.41	HCC93	Rheumatoid Arthritis and Other Specified Inflammatory Rheumatic Disorders	
G73.1	HCC196	Myasthenia Gravis without (Acute) Exacerbation and Other Myoneural Disorders	
G73.3	HCC196	Myasthenia Gravis without (Acute) Exacerbation and Other Myoneural Disorders	
G80.0	HCC191	Quadriplegic Cerebral Palsy	
G80.1	HCC192	Cerebral Palsy, Except Quadriplegic	
G80.2	HCC192	Cerebral Palsy, Except Quadriplegic	
G80.3	HCC192	Cerebral Palsy, Except Quadriplegic	
G80.4	HCC192	Cerebral Palsy, Except Quadriplegic	
G80.8	HCC192	Cerebral Palsy, Except Quadriplegic	
G80.9	HCC192	Cerebral Palsy, Except Quadriplegic	
G81.00	HCC253	Hemiplegia/Hemiparesis	
G81.01	HCC253	Hemiplegia/Hemiparesis	
G81.02	HCC253	Hemiplegia/Hemiparesis	
G81.03	HCC253	Hemiplegia/Hemiparesis	
G81.04	HCC253	Hemiplegia/Hemiparesis	
G81.10	HCC253	Hemiplegia/Hemiparesis	
G81.11	HCC253	Hemiplegia/Hemiparesis	
G81.12	HCC253	Hemiplegia/Hemiparesis	
G81.13	HCC253	Hemiplegia/Hemiparesis	
G81.14	HCC253	Hemiplegia/Hemiparesis	
G81.90	HCC253	Hemiplegia/Hemiparesis	
G81.91	HCC253	Hemiplegia/Hemiparesis	
G81.92	HCC253	Hemiplegia/Hemiparesis	
G81.93	HCC253	Hemiplegia/Hemiparesis	
G81.94	HCC253	Hemiplegia/Hemiparesis	
G82.20	HCC181	Paraplegia	
G82.21	HCC181	Paraplegia	
G82.22	HCC181	Paraplegia	
G82.50	HCC180	Quadriplegia	
G82.51	HCC180	Quadriplegia	
G82.52	HCC180	Quadriplegia	
G82.53	HCC180	Quadriplegia	
G82.54	HCC180	Quadriplegia	
G83.0	HCC254	Monoplegia, Other Paralytic Syndromes	
G83.10	HCC254	Monoplegia, Other Paralytic Syndromes	
G83.11	HCC254	Monoplegia, Other Paralytic Syndromes	
G83.12	HCC254	Monoplegia, Other Paralytic Syndromes	
G83.13	HCC254	Monoplegia, Other Paralytic Syndromes	
G83.14	HCC254	Monoplegia, Other Paralytic Syndromes	
G83.20	HCC254	Monoplegia, Other Paralytic Syndromes	
G83.21	HCC254	Monoplegia, Other Paralytic Syndromes	
G83.22	HCC254	Monoplegia, Other Paralytic Syndromes	
G83.23	HCC254	Monoplegia, Other Paralytic Syndromes	
G83.24	HCC254	Monoplegia, Other Paralytic Syndromes	
G83.30	HCC254	Monoplegia, Other Paralytic Syndromes	
G83.31	HCC254	Monoplegia, Other Paralytic Syndromes	
G83.32	HCC254	Monoplegia, Other Paralytic Syndromes	
G83.33	HCC254	Monoplegia, Other Paralytic Syndromes	
G83.34	HCC254	Monoplegia, Other Paralytic Syndromes	
G83.4	HCC182	Spinal Cord Disorders/Injuries	
G83.5	HCC254	Monoplegia, Other Paralytic Syndromes	
G83.81	HCC254	Monoplegia, Other Paralytic Syndromes	
G83.82	HCC254	Monoplegia, Other Paralytic Syndromes	
G83.83	HCC254	Monoplegia, Other Paralytic Syndromes	
G83.84	HCC254	Monoplegia, Other Paralytic Syndromes	
G83.89	HCC254	Monoplegia, Other Paralytic Syndromes	
G83.9	HCC254	Monoplegia, Other Paralytic Syndromes	
G90.1	HCC182	Spinal Cord Disorders/Injuries	
G90.3	HCC199	Parkinson and Other Degenerative Disease of Basal Ganglia	
G90.B	HCC200	Friedreich and Other Hereditary Ataxias; Huntington Disease	
G91.0	HCC127	Dementia, Mild or Unspecified	
G91.1	HCC127	Dementia, Mild or Unspecified	
G91.2	HCC127	Dementia, Mild or Unspecified	
G91.3	HCC127	Dementia, Mild or Unspecified	
G91.4	HCC127	Dementia, Mild or Unspecified	
G91.8	HCC127	Dementia, Mild or Unspecified	
G91.9	HCC127	Dementia, Mild or Unspecified	
G93.1	HCC202	Coma, Brain Compression/Anoxic Damage	
G93.42	HCC200	Friedreich and Other Hereditary Ataxias; Huntington Disease	
G93.43	HCC200	Friedreich and Other Hereditary Ataxias; Huntington Disease	
G93.44	HCC200	Friedreich and Other Hereditary Ataxias; Huntington Disease	mce: age >= 15
G93.45	HCC201	Seizure Disorders and Convulsions	
G93.5	HCC202	Coma, Brain Compression/Anoxic Damage	
G93.6	HCC202	Coma, Brain Compression/Anoxic Damage	
G93.7	HCC127	Dementia, Mild or Unspecified	mce: 0 <= age <= 17
G95.0	HCC182	Spinal Cord Disorders/Injuries	
G95.11	HCC182	Spinal Cord Disorders/Injuries	
G95.19	HCC182	Spinal Cord Disorders/Injuries	
G95.20	HCC182	Spinal Cord Disorders/Injuries	
G95.29	HCC182	Spinal Cord Disorders/Injuries	
G95.81	HCC182	Spinal Cord Disorders/Injuries	
G95.89	HCC182	Spinal Cord Disorders/Injuries	
G95.9	HCC182	Spinal Cord Disorders/Injuries	
G99.2	HCC182	Spinal Cord Disorders/Injuries	
H34.8110	HCC298	Severe Diabetic Eye Disease, Retinal Vein Occlusion, and Vitreous Hemorrhage	
H34.8111	HCC298	Severe Diabetic Eye Disease, Retinal Vein Occlusion, and Vitreous Hemorrhage	
H34.8112	HCC298	Severe Diabetic Eye Disease, Retinal Vein Occlusion, and Vitreous Hemorrhage	
H34.8120	HCC298	Severe Diabetic Eye Disease, Retinal Vein Occlusion, and Vitreous Hemorrhage	
H34.8121	HCC298	Severe Diabetic Eye Disease, Retinal Vein Occlusion, and Vitreous Hemorrhage	
H34.8122	HCC298	Severe Diabetic Eye Disease, Retinal Vein Occlusion, and Vitreous Hemorrhage	
H34.8130	HCC298	Severe Diabetic Eye Disease, Retinal Vein Occlusion, and Vitreous Hemorrhage	
H34.8131	HCC298	Severe Diabetic Eye Disease, Retinal Vein Occlusion, and Vitreous Hemorrhage	
H34.8132	HCC298	Severe Diabetic Eye Disease, Retinal Vein Occlusion, and Vitreous Hemorrhage	
H34.8190	HCC298	Severe Diabetic Eye Disease, Retinal Vein Occlusion, and Vitreous Hemorrhage	
H34.8191	HCC298	Severe Diabetic Eye Disease, Retinal Vein Occlusion, and Vitreous Hemorrhage	
H34.8192	HCC298	Severe Diabetic Eye Disease, Retinal Vein Occlusion, and Vitreous Hemorrhage	
H34.8310	HCC298	Severe Diabetic Eye Disease, Retinal Vein Occlusion, and Vitreous Hemorrhage	
H34.8311	HCC298	Severe Diabetic Eye Disease, Retinal Vein Occlusion, and Vitreous Hemorrhage	
H34.8312	HCC298	Severe Diabetic Eye Disease, Retinal Vein Occlusion, and Vitreous Hemorrhage	
H34.8320	HCC298	Severe Diabetic Eye Disease, Retinal Vein Occlusion, and Vitreous Hemorrhage	
H34.8321	HCC298	Severe Diabetic Eye Disease, Retinal Vein Occlusion, and Vitreous Hemorrhage	
H34.8322	HCC298	Severe Diabetic Eye Disease, Retinal Vein Occlusion, and Vitreous Hemorrhage	
H34.8330	HCC298	Severe Diabetic Eye Disease, Retinal Vein Occlusion, and Vitreous Hemorrhage	
H34.8331	HCC298	Severe Diabetic Eye Disease, Retinal Vein Occlusion, and Vitreous Hemorrhage	
H34.8332	HCC298	Severe Diabetic Eye Disease, Retinal Vein Occlusion, and Vitreous Hemorrhage	
H34.8390	HCC298	Severe Diabetic Eye Disease, Retinal Vein Occlusion, and Vitreous Hemorrhage	
H34.8391	HCC298	Severe Diabetic Eye Disease, Retinal Vein Occlusion, and Vitreous Hemorrhage	
H34.8392	HCC298	Severe Diabetic Eye Disease, Retinal Vein Occlusion, and Vitreous Hemorrhage	
H35.3210	HCC300	Exudative Macular Degeneration	age: age < 21; mce: age >= 15
H35.3210	HCC300	Exudative Macular Degeneration	age: age >= 21; mce: age >= 15
H35.3211	HCC300	Exudative Macular Degeneration	age: age < 21; mce: age >= 15
H35.3211	HCC300	Exudative Macular Degeneration	age: age >= 21; mce: age >= 15
H35.3212	HCC300	Exudative Macular Degeneration	age: age < 21; mce: age >= 15
H35.3212	HCC300	Exudative Macular Degeneration	age: age >= 21; mce: age >= 15
H35.3213	HCC300	Exudative Macular Degeneration	age: age < 21; mce: age >= 15
H35.3213	HCC300	Exudative Macular Degeneration	age: age >= 21; mce: age >= 15
H35.3220	HCC300	Exudative Macular Degeneration	age: age < 21; mce: age >= 15
H35.3220	HCC300	Exudative Macular Degeneration	age: age >= 21; mce: age >= 15
H35.3221	HCC300	Exudative Macular Degeneration	age: age < 21; mce: age >= 15
H35.3221	HCC300	Exudative Macular Degeneration	age: age >= 21; mce: age >= 15
H35.3222	HCC300	Exudative Macular Degeneration	age: age < 21; mce: age >= 15
H35.3222	HCC300	Exudative Macular Degeneration	age: age >= 21; mce: age >= 15
H35.3223	HCC300	Exudative Macular Degeneration	age: age < 21; mce: age >= 15
H35.3223	HCC300	Exudative Macular Degeneration	age: age >= 21; mce: age >= 15
H35.3230	HCC300	Exudative Macular Degeneration	age: age < 21; mce: age >= 15
H35.3230	HCC300	Exudative Macular Degeneration	age: age >= 21; mce: age >= 15
H35.3231	HCC300	Exudative Macular Degeneration	age: age < 21; mce: age >= 15
H35.3231	HCC300	Exudative Macular Degeneration	age: age >= 21; mce: age >= 15
H35.3232	HCC300	Exudative Macular Degeneration	age: age < 21; mce: age >= 15
H35.3232	HCC300	Exudative Macular Degeneration	age: age >= 21; mce: age >= 15
H35.3233	HCC300	Exudative Macular Degeneration	age: age < 21; mce: age >= 15
H35.3233	HCC300	Exudative Macular Degeneration	age: age >= 21; mce: age >= 15
H35.3290	HCC300	Exudative Macular Degeneration	age: age < 21; mce: age >= 15
H35.3290	HCC300	Exudative Macular Degeneration	age: age >= 21; mce: age >= 15
H35.3291	HCC300	Exudative Macular Degeneration	age: age < 21; mce: age >= 15
H35.3291	HCC300	Exudative Macular Degeneration	age: age >= 21; mce: age >= 15
H35.3292	HCC300	Exudative Macular Degeneration	age: age < 21; mce: age >= 15
H35.3292	HCC300	Exudative Macular Degeneration	age: age >= 21; mce: age >= 15
H35.3293	HCC300	Exudative Macular Degeneration	age: age < 21; mce: age >= 15
H35.3293	HCC300	Exudative Macular Degeneration	age: age >= 21; mce: age >= 15
H36.811	HCC108	Sickle Cell Disorders, Except Sickle Cell Anemia (Hb-SS) and Thalassemia Beta Zero; Beta Thalassemia Major	
H36.812	HCC108	Sickle Cell Disorders, Except Sickle Cell Anemia (Hb-SS) and Thalassemia Beta Zero; Beta Thalassemia Major	
H36.813	HCC108	Sickle Cell Disorders, Except Sickle Cell Anemia (Hb-SS) and Thalassemia Beta Zero; Beta Thalassemia Major	
H36.819	HCC108	Sickle Cell Disorders, Except Sickle Cell Anemia (Hb-SS) and Thalassemia Beta Zero; Beta Thalassemia Major	
H36.821	HCC108	Sickle Cell Disorders, Except Sickle Cell Anemia (Hb-SS) and Thalassemia Beta Zero; Beta Thalassemia Major	
H36.821	HCC298	Severe Diabetic Eye Disease, Retinal Vein Occlusion, and Vitreous Hemorrhage	
H36.822	HCC108	Sickle Cell Disorders, Except Sickle Cell Anemia (Hb-SS) and Thalassemia Beta Zero; Beta Thalassemia Major	
H36.822	HCC298	Severe Diabetic Eye Disease, Retinal Vein Occlusion, and Vitreous Hemorrhage	
H36.823	HCC108	Sickle Cell Disorders, Except Sickle Cell Anemia (Hb-SS) and Thalassemia Beta Zero; Beta Thalassemia Major	
H36.823	HCC298	Severe Diabetic Eye Disease, Retinal Vein Occlusion, and Vitreous Hemorrhage	
H36.829	HCC108	Sickle Cell Disorders, Except Sickle Cell Anemia (Hb-SS) and Thalassemia Beta Zero; Beta Thalassemia Major	
H36.829	HCC298	Severe Diabetic Eye Disease, Retinal Vein Occlusion, and Vitreous Hemorrhage	
H43.10	HCC298	Severe Diabetic Eye Disease, Retinal Vein Occlusion, and Vitreous Hemorrhage	
H43.11	HCC298	Severe Diabetic Eye Disease, Retinal Vein Occlusion, and Vitreous Hemorrhage	
H43.12	HCC298	Severe Diabetic Eye Disease, Retinal Vein Occlusion, and Vitreous Hemorrhage	
H43.13	HCC298	Severe Diabetic Eye Disease, Retinal Vein Occlusion, and Vitreous Hemorrhage	
I09.81	HCC226	Heart Failure, Except End Stage and Acute	
I11.0	HCC226	Heart Failure, Except End Stage and Acute	
I12.0	HCC326	Chronic Kidney Disease, Stage 5	
I13.0	HCC226	Heart Failure, Except End Stage and Acute	
I13.11	HCC326	Chronic Kidney Disease, Stage 5	
I13.2	HCC226	Heart Failure, Except End Stage and Acute	
I13.2	HCC326	Chronic Kidney Disease, Stage 5	
I20.0	HCC229	Unstable Angina and Other Acute Ischemic Heart Disease	
I21.01	HCC228	Acute Myocardial Infarction	
I21.02	HCC228	Acute Myocardial Infarction	
I21.09	HCC228	Acute Myocardial Infarction	
I21.11	HCC228	Acute Myocardial Infarction	
I21.19	HCC228	Acute Myocardial Infarction	
I21.21	HCC228	Acute Myocardial Infarction	
I21.29	HCC228	Acute Myocardial Infarction	
I21.3	HCC228	Acute Myocardial Infarction	
I21.4	HCC228	Acute Myocardial Infarction	
I21.9	HCC228	Acute Myocardial Infarction	
I21.A1	HCC228	Acute Myocardial Infarction	
I21.A9	HCC228	Acute Myocardial Infarction	
I21.B	HCC228	Acute Myocardial Infarction	
I22.0	HCC228	Acute Myocardial Infarction	
I22.1	HCC228	Acute Myocardial Infarction	
I22.2	HCC228	Acute Myocardial Infarction	
I22.8	HCC228	Acute Myocardial Infarction	
I22.9	HCC228	Acute Myocardial Infarction	
I23.0	HCC229	Unstable Angina and Other Acute Ischemic Heart Disease	mce: age >= 15
I23.1	HCC229	Unstable Angina and Other Acute Ischemic Heart Disease	mce: age >= 15
I23.2	HCC229	Unstable Angina and Other Acute Ischemic Heart Disease	mce: age >= 15
I23.3	HCC229	Unstable Angina and Other Acute Ischemic Heart Disease	mce: age >= 15
I23.4	HCC229	Unstable Angina and Other Acute Ischemic Heart Disease	
I23.5	HCC229	Unstable Angina and Other Acute Ischemic Heart Disease	
I23.6	HCC229	Unstable Angina and Other Acute Ischemic Heart Disease	mce: age >= 15
I23.7	HCC229	Unstable Angina and Other Acute Ischemic Heart Disease	mce: age >= 15
I23.8	HCC229	Unstable Angina and Other Acute Ischemic Heart Disease	mce: age >= 15
I24.0	HCC229	Unstable Angina and Other Acute Ischemic Heart Disease	
I24.1	HCC229	Unstable Angina and Other Acute Ischemic Heart Disease	
I24.81	HCC229	Unstable Angina and Other Acute Ischemic Heart Disease	
I24.89	HCC229	Unstable Angina and Other Acute Ischemic Heart Disease	
I24.9	HCC229	Unstable Angina and Other Acute Ischemic Heart Disease	
I25.110	HCC229	Unstable Angina and Other Acute Ischemic Heart Disease	mce: age >= 15
I25.700	HCC229	Unstable Angina and Other Acute Ischemic Heart Disease	mce: age >= 15
I25.710	HCC229	Unstable Angina and Other Acute Ischemic Heart Disease	mce: age >= 15
I25.720	HCC229	Unstable Angina and Other Acute Ischemic Heart Disease	mce: age >= 15
I25.730	HCC229	Unstable Angina and Other Acute Ischemic Heart Disease	mce: age >= 15
I25.750	HCC229	Unstable Angina and Other Acute Ischemic Heart Disease	
I25.760	HCC229	Unstable Angina and Other Acute Ischemic Heart Disease	mce: age >= 15
I25.790	HCC229	Unstable Angina and Other Acute Ischemic Heart Disease	mce: age >= 15
I26.01	HCC267	Deep Vein Thrombosis and Pulmonary Embolism	
I26.02	HCC267	Deep Vein Thrombosis and Pulmonary Embolism	
I26.03	HCC267	Deep Vein Thrombosis and Pulmonary Embolism	
I26.04	HCC267	Deep Vein Thrombosis and Pulmonary Embolism	
I26.09	HCC267	Deep Vein Thrombosis and Pulmonary Embolism	
I26.90	HCC267	Deep Vein Thrombosis and Pulmonary Embolism	
I26.92	HCC267	Deep Vein Thrombosis and Pulmonary Embolism	
I26.93	HCC267	Deep Vein Thrombosis and Pulmonary Embolism	
I26.94	HCC267	Deep Vein Thrombosis and Pulmonary Embolism	
I26.95	HCC267	Deep Vein Thrombosis and Pulmonary Embolism	
I26.96	HCC267	Deep Vein Thrombosis and Pulmonary Embolism	
I26.99	HCC267	Deep Vein Thrombosis and Pulmonary Embolism	
I27.0	HCC226	Heart Failure, Except End Stage and Acute	
I27.1	HCC226	Heart Failure, Except End Stage and Acute	
I27.20	HCC226	Heart Failure, Except End Stage and Acute	
I27.21	HCC226	Heart Failure, Except End Stage and Acute	
I27.22	HCC226	Heart Failure, Except End Stage and Acute	
I27.23	HCC226	Heart Failure, Except End Stage and Acute	
I27.24	HCC226	Heart Failure, Except End Stage and Acute	
I27.29	HCC226	Heart Failure, Except End Stage and Acute	
I27.81	HCC226	Heart Failure, Except End Stage and Acute	
I27.82	HCC267	Deep Vein Thrombosis and Pulmonary Embolism	
I27.83	HCC226	Heart Failure, Except End Stage and Acute	
I27.89	HCC226	Heart Failure, Except End Stage and Acute	
I27.9	HCC226	Heart Failure, Except End Stage and Acute	
I28.0	HCC226	Heart Failure, Except End Stage and Acute	
I28.1	HCC226	Heart Failure, Except End Stage and Acute	
I28.8	HCC226	Heart Failure, Except End Stage and Acute	
I28.9	HCC226	Heart Failure, Except End Stage and Acute	
I31.31	HCC17	Cancer Metastatic to Lung, Liver, Brain, and Other Organs; Acute Myeloid Leukemia Except Promyelocytic	
I42.0	HCC227	Cardiomyopathy/Myocarditis	
I42.1	HCC227	Cardiomyopathy/Myocarditis	
I42.2	HCC227	Cardiomyopathy/Myocarditis	
I42.3	HCC227	Cardiomyopathy/Myocarditis	
I42.4	HCC227	Cardiomyopathy/Myocarditis	
I42.5	HCC227	Cardiomyopathy/Myocarditis	
I42.6	HCC227	Cardiomyopathy/Myocarditis	
I42.8	HCC227	Cardiomyopathy/Myocarditis	
I42.9	HCC227	Cardiomyopathy/Myocarditis	
I43	HCC227	Cardiomyopathy/Myocarditis	
I44.2	HCC238	Specified Heart Arrhythmias	
I46.2	HCC213	Cardio-Respiratory Failure and Shock	
I46.8	HCC213	Cardio-Respiratory Failure and Shock	
I46.9	HCC213	Cardio-Respiratory Failure and Shock	
I47.0	HCC238	Specified Heart Arrhythmias	
I47.20	HCC238	Specified Heart Arrhythmias	
I47.21	HCC238	Specified Heart Arrhythmias	
I47.29	HCC238	Specified Heart Arrhythmias	
I47.9	HCC238	Specified Heart Arrhythmias	
I48.0	HCC238	Specified Heart Arrhythmias	
I48.11	HCC238	Specified Heart Arrhythmias	
I48.19	HCC238	Specified Heart Arrhythmias	
I48.20	HCC238	Specified Heart Arrhythmias	
I48.21	HCC238	Specified Heart Arrhythmias	
I48.3	HCC238	Specified Heart Arrhythmias	
I48.4	HCC238	Specified Heart Arrhythmias	
I48.91	HCC238	Specified Heart Arrhythmias	
I48.92	HCC238	Specified Heart Arrhythmias	
I49.01	HCC213	Cardio-Respiratory Failure and Shock	
I49.02	HCC213	Cardio-Respiratory Failure and Shock	
I49.2	HCC238	Specified Heart Arrhythmias	
I49.5	HCC238	Specified Heart Arrhythmias	
I50.1	HCC226	Heart Failure, Except End Stage and Acute	
I50.20	HCC226	Heart Failure, Except End Stage and Acute	
I50.21	HCC225	Acute Heart Failure (Excludes Acute on Chronic)	
I50.22	HCC226	Heart Failure, Except End Stage and Acute	
I50.23	HCC224	Acute on Chronic Heart Failure	
I50.30	HCC226	Heart Failure, Except End Stage and Acute	
I50.31	HCC225	Acute Heart Failure (Excludes Acute on Chronic)	
I50.32	HCC226	Heart Failure, Except End Stage and Acute	
I50.33	HCC224	Acute on Chronic Heart Failure	
I50.40	HCC226	Heart Failure, Except End Stage and Acute	
I50.41	HCC225	Acute Heart Failure (Excludes Acute on Chronic)	
I50.42	HCC226	Heart Failure, Except End Stage and Acute	
I50.43	HCC224	Acute on Chronic Heart Failure	
I50.810	HCC226	Heart Failure, Except End Stage and Acute	
I50.811	HCC225	Acute Heart Failure (Excludes Acute on Chronic)	
I50.812	HCC226	Heart Failure, Except End Stage and Acute	
I50.813	HCC225	Acute Heart Failure (Excludes Acute on Chronic)	
I50.814	HCC226	Heart Failure, Except End Stage and Acute	
I50.82	HCC226	Heart Failure, Except End Stage and Acute	
I50.83	HCC226	Heart Failure, Except End Stage and Acute	
I50.84	HCC222	End Stage Heart Failure	
I50.89	HCC226	Heart Failure, Except End Stage and Acute	
I50.9	HCC226	Heart Failure, Except End Stage and Acute	
I51.1	HCC229	Unstable Angina and Other Acute Ischemic Heart Disease	
I51.2	HCC229	Unstable Angina and Other Acute Ischemic Heart Disease	
I51.4	HCC227	Cardiomyopathy/Myocarditis	
I51.5	HCC227	Cardiomyopathy/Myocarditis	
I60.00	HCC248	Intracranial Hemorrhage	
I60.01	HCC248	Intracranial Hemorrhage	
I60.02	HCC248	Intracranial Hemorrhage	
I60.10	HCC248	Intracranial Hemorrhage	
I60.11	HCC248	Intracranial Hemorrhage	
I60.12	HCC248	Intracranial Hemorrhage	
I60.2	HCC248	Intracranial Hemorrhage	
I60.30	HCC248	Intracranial Hemorrhage	
I60.31	HCC248	Intracranial Hemorrhage	
I60.32	HCC248	Intracranial Hemorrhage	
I60.4	HCC248	Intracranial Hemorrhage	
I60.50	HCC248	Intracranial Hemorrhage	
I60.51	HCC248	Intracranial Hemorrhage	
I60.52	HCC248	Intracranial Hemorrhage	
I60.6	HCC248	Intracranial Hemorrhage	
I60.7	HCC248	Intracranial Hemorrhage	
I60.8	HCC248	Intracranial Hemorrhage	
I60.9	HCC248	Intracranial Hemorrhage	
I61.0	HCC248	Intracranial Hemorrhage	
I61.1	HCC248	Intracranial Hemorrhage	
I61.2	HCC248	Intracranial Hemorrhage	
I61.3	HCC248	Intracranial Hemorrhage	
I61.4	HCC248	Intracranial Hemorrhage	
I61.5	HCC248	Intracranial Hemorrhage	
I61.6	HCC248	Intracranial Hemorrhage	
I61.8	HCC248	Intracranial Hemorrhage	
I61.9	HCC248	Intracranial Hemorrhage	
I62.00	HCC248	Intracranial Hemorrhage	
I62.01	HCC248	Intracranial Hemorrhage	
I62.02	HCC248	Intracranial Hemorrhage	
I62.03	HCC248	Intracranial Hemorrhage	
I62.1	HCC248	Intracranial Hemorrhage	
I62.9	HCC248	Intracranial Hemorrhage	
I63.00	HCC249	Ischemic or Unspecified Stroke	
I63.011	HCC249	Ischemic or Unspecified Stroke	
I63.012	HCC249	Ischemic or Unspecified Stroke	
I63.013	HCC249	Ischemic or Unspecified Stroke	
I63.019	HCC249	Ischemic or Unspecified Stroke	
I63.02	HCC249	Ischemic or Unspecified Stroke	
I63.031	HCC249	Ischemic or Unspecified Stroke	
I63.032	HCC249	Ischemic or Unspecified Stroke	
I63.033	HCC249	Ischemic or Unspecified Stroke	
I63.039	HCC249	Ischemic or Unspecified Stroke	
I63.09	HCC249	Ischemic or Unspecified Stroke	
I63.10	HCC249	Ischemic or Unspecified Stroke	
I63.111	HCC249	Ischemic or Unspecified Stroke	
I63.112	HCC249	Ischemic or Unspecified Stroke	
I63.113	HCC249	Ischemic or Unspecified Stroke	
I63.119	HCC249	Ischemic or Unspecified Stroke	
I63.12	HCC249	Ischemic or Unspecified Stroke	
I63.131	HCC249	Ischemic or Unspecified Stroke	
I63.132	HCC249	Ischemic or Unspecified Stroke	
I63.133	HCC249	Ischemic or Unspecified Stroke	
I63.139	HCC249	Ischemic or Unspecified Stroke	
I63.19	HCC249	Ischemic or Unspecified Stroke	
I63.20	HCC249	Ischemic or Unspecified Stroke	
I63.211	HCC249	Ischemic or Unspecified Stroke	
I63.212	HCC249	Ischemic or Unspecified Stroke	
I63.213	HCC249	Ischemic or Unspecified Stroke	
I63.219	HCC249	Ischemic or Unspecified Stroke	
I63.22	HCC249	Ischemic or Unspecified Stroke	
I63.231	HCC249	Ischemic or Unspecified Stroke	
I63.232	HCC249	Ischemic or Unspecified Stroke	
I63.233	HCC249	Ischemic or Unspecified Stroke	
I63.239	HCC249	Ischemic or Unspecified Stroke	
I63.29	HCC249	Ischemic or Unspecified Stroke	
I63.30	HCC249	Ischemic or Unspecified Stroke	
I63.311	HCC249	Ischemic or Unspecified Stroke	
I63.312	HCC249	Ischemic or Unspecified Stroke	
I63.313	HCC249	Ischemic or Unspecified Stroke	
I63.319	HCC249	Ischemic or Unspecified Stroke	
I63.321	HCC249	Ischemic or Unspecified Stroke	
I63.322	HCC249	Ischemic or Unspecified Stroke	
I63.323	HCC249	Ischemic or Unspecified Stroke	
I63.329	HCC249	Ischemic or Unspecified Stroke	
I63.331	HCC249	Ischemic or Unspecified Stroke	
I63.332	HCC249	Ischemic or Unspecified Stroke	
I63.333	HCC249	Ischemic or Unspecified Stroke	
I63.339	HCC249	Ischemic or Unspecified Stroke	
I63.341	HCC249	Ischemic or Unspecified Stroke	
I63.342	HCC249	Ischemic or Unspecified Stroke	
I63.343	HCC249	Ischemic or Unspecified Stroke	
I63.349	HCC249	Ischemic or Unspecified Stroke	
I63.39	HCC249	Ischemic or Unspecified Stroke	
I63.40	HCC249	Ischemic or Unspecified Stroke	
I63.411	HCC249	Ischemic or Unspecified Stroke	
I63.412	HCC249	Ischemic or Unspecified Stroke	
I63.413	HCC249	Ischemic or Unspecified Stroke	
I63.419	HCC249	Ischemic or Unspecified Stroke	
I63.421	HCC249	Ischemic or Unspecified Stroke	
I63.422	HCC249	Ischemic or Unspecified Stroke	
I63.423	HCC249	Ischemic or Unspecified Stroke	
I63.429	HCC249	Ischemic or Unspecified Stroke	
I63.431	HCC249	Ischemic or Unspecified Stroke	
I63.432	HCC249	Ischemic or Unspecified Stroke	
I63.433	HCC249	Ischemic or Unspecified Stroke	
I63.439	HCC249	Ischemic or Unspecified Stroke	
I63.441	HCC249	Ischemic or Unspecified Stroke	
I63.442	HCC249	Ischemic or Unspecified Stroke	
I63.443	HCC249	Ischemic or Unspecified Stroke	
I63.449	HCC249	Ischemic or Unspecified Stroke	
I63.49	HCC249	Ischemic or Unspecified Stroke	
I63.50	HCC249	Ischemic or Unspecified Stroke	
I63.511	HCC249	Ischemic or Unspecified Stroke	
I63.512	HCC249	Ischemic or Unspecified Stroke	
I63.513	HCC249	Ischemic or Unspecified Stroke	
I63.519	HCC249	Ischemic or Unspecified Stroke	
I63.521	HCC249	Ischemic or Unspecified Stroke	
I63.522	HCC249	Ischemic or Unspecified Stroke	
I63.523	HCC249	Ischemic or Unspecified Stroke	
I63.529	HCC249	Ischemic or Unspecified Stroke	
I63.531	HCC249	Ischemic or Unspecified Stroke	
I63.532	HCC249	Ischemic or Unspecified Stroke	
I63.533	HCC249	Ischemic or Unspecified Stroke	
I63.539	HCC249	Ischemic or Unspecified Stroke	
I63.541	HCC249	Ischemic or Unspecified Stroke	
I63.542	HCC249	Ischemic or Unspecified Stroke	
I63.543	HCC249	Ischemic or Unspecified Stroke	
I63.549	HCC249	Ischemic or Unspecified Stroke	
I63.59	HCC249	Ischemic or Unspecified Stroke	
I63.6	HCC249	Ischemic or Unspecified Stroke	
I63.81	HCC249	Ischemic or Unspecified Stroke	
I63.89	HCC249	Ischemic or Unspecified Stroke	
I63.9	HCC249	Ischemic or Unspecified Stroke	
I67.3	HCC127	Dementia, Mild or Unspecified	
I69.031	HCC254	Monoplegia, Other Paralytic Syndromes	
I69.032	HCC254	Monoplegia, Other Paralytic Syndromes	
I69.033	HCC254	Monoplegia, Other Paralytic Syndromes	
I69.034	HCC254	Monoplegia, Other Paralytic Syndromes	
I69.039	HCC254	Monoplegia, Other Paralytic Syndromes	
I69.041	HCC254	Monoplegia, Other Paralytic Syndromes	
I69.042	HCC254	Monoplegia, Other Paralytic Syndromes	
I69.043	HCC254	Monoplegia, Other Paralytic Syndromes	
I69.044	HCC254	Monoplegia, Other Paralytic Syndromes	
I69.049	HCC254	Monoplegia, Other Paralytic Syndromes	
I69.051	HCC253	Hemiplegia/Hemiparesis	
I69.052	HCC253	Hemiplegia/Hemiparesis	
I69.053	HCC253	Hemiplegia/Hemiparesis	
I69.054	HCC253	Hemiplegia/Hemiparesis	
I69.059	HCC253	Hemiplegia/Hemiparesis	
I69.061	HCC254	Monoplegia, Other Paralytic Syndromes	
I69.062	HCC254	Monoplegia, Other Paralytic Syndromes	
I69.063	HCC254	Monoplegia, Other Paralytic Syndromes	
I69.064	HCC254	Monoplegia, Other Paralytic Syndromes	
I69.065	HCC254	Monoplegia, Other Paralytic Syndromes	
I69.069	HCC254	Monoplegia, Other Paralytic Syndromes	
I69.131	HCC254	Monoplegia, Other Paralytic Syndromes	
I69.132	HCC254	Monoplegia, Other Paralytic Syndromes	
I69.133	HCC254	Monoplegia, Other Paralytic Syndromes	
I69.134	HCC254	Monoplegia, Other Paralytic Syndromes	
I69.139	HCC254	Monoplegia, Other Paralytic Syndromes	
I69.141	HCC254	Monoplegia, Other Paralytic Syndromes	
I69.142	HCC254	Monoplegia, Other Paralytic Syndromes	
I69.143	HCC254	Monoplegia, Other Paralytic Syndromes	
I69.144	HCC254	Monoplegia, Other Paralytic Syndromes	
I69.149	HCC254	Monoplegia, Other Paralytic Syndromes	
I69.151	HCC253	Hemiplegia/Hemiparesis	
I69.152	HCC253	Hemiplegia/Hemiparesis	
I69.153	HCC253	Hemiplegia/Hemiparesis	
I69.154	HCC253	Hemiplegia/Hemiparesis	
I69.159	HCC253	Hemiplegia/Hemiparesis	
I69.161	HCC254	Monoplegia, Other Paralytic Syndromes	
I69.162	HCC254	Monoplegia, Other Paralytic Syndromes	
I69.163	HCC254	Monoplegia, Other Paralytic Syndromes	
I69.164	HCC254	Monoplegia, Other Paralytic Syndromes	
I69.165	HCC254	Monoplegia, Other Paralytic Syndromes	
I69.169	HCC254	Monoplegia, Other Paralytic Syndromes	
I69.231	HCC254	Monoplegia, Other Paralytic Syndromes	
I69.232	HCC254	Monoplegia, Other Paralytic Syndromes	
I69.233	HCC254	Monoplegia, Other Paralytic Syndromes	
I69.234	HCC254	Monoplegia, Other Paralytic Syndromes	
I69.239	HCC254	Monoplegia, Other Paralytic Syndromes	
I69.241	HCC254	Monoplegia, Other Paralytic Syndromes	
I69.242	HCC254	Monoplegia, Other Paralytic Syndromes	
I69.243	HCC254	Monoplegia, Other Paralytic Syndromes	
I69.244	HCC254	Monoplegia, Other Paralytic Syndromes	
I69.249	HCC254	Monoplegia, Other Paralytic Syndromes	
I69.251	HCC253	Hemiplegia/Hemiparesis	
I69.252	HCC253	Hemiplegia/Hemiparesis	
I69.253	HCC253	Hemiplegia/Hemiparesis	
I69.254	HCC253	Hemiplegia/Hemiparesis	
I69.259	HCC253	Hemiplegia/Hemiparesis	
I69.261	HCC254	Monoplegia, Other Paralytic Syndromes	
I69.262	HCC254	Monoplegia, Other Paralytic Syndromes	
I69.263	HCC254	Monoplegia, Other Paralytic Syndromes	
I69.264	HCC254	Monoplegia, Other Paralytic Syndromes	
I69.265	HCC254	Monoplegia, Other Paralytic Syndromes	
I69.269	HCC254	Monoplegia, Other Paralytic Syndromes	
I69.331	HCC254	Monoplegia, Other Paralytic Syndromes	
I69.332	HCC254	Monoplegia, Other Paralytic Syndromes	
I69.333	HCC254	Monoplegia, Other Paralytic Syndromes	
I69.334	HCC254	Monoplegia, Other Paralytic Syndromes	
I69.339	HCC254	Monoplegia, Other Paralytic Syndromes	
I69.341	HCC254	Monoplegia, Other Paralytic Syndromes	
I69.342	HCC254	Monoplegia, Other Paralytic Syndromes	
I69.343	HCC254	Monoplegia, Other Paralytic Syndromes	
I69.344	HCC254	Monoplegia, Other Paralytic Syndromes	
I69.349	HCC254	Monoplegia, Other Paralytic Syndromes	
I69.351	HCC253	Hemiplegia/Hemiparesis	
I69.352	HCC253	Hemiplegia/Hemiparesis	
I69.353	HCC253	Hemiplegia/Hemiparesis	
I69.354	HCC253	Hemiplegia/Hemiparesis	
I69.359	HCC253	Hemiplegia/Hemiparesis	
I69.361	HCC254	Monoplegia, Other Paralytic Syndromes	
I69.362	HCC254	Monoplegia, Other Paralytic Syndromes	
I69.363	HCC254	Monoplegia, Other Paralytic Syndromes	
I69.364	HCC254	Monoplegia, Other Paralytic Syndromes	
I69.365	HCC254	Monoplegia, Other Paralytic Syndromes	
I69.369	HCC254	Monoplegia, Other Paralytic Syndromes	
I69.831	HCC254	Monoplegia, Other Paralytic Syndromes	
I69.832	HCC254	Monoplegia, Other Paralytic Syndromes	
I69.833	HCC254	Monoplegia, Other Paralytic Syndromes	
I69.834	HCC254	Monoplegia, Other Paralytic Syndromes	
I69.839	HCC254	Monoplegia, Other Paralytic Syndromes	
I69.841	HCC254	Monoplegia, Other Paralytic Syndromes	
I69.842	HCC254	Monoplegia, Other Paralytic Syndromes	
I69.843	HCC254	Monoplegia, Other Paralytic Syndromes	
I69.844	HCC254	Monoplegia, Other Paralytic Syndromes	
I69.849	HCC254	Monoplegia, Other Paralytic Syndromes	
I69.851	HCC253	Hemiplegia/Hemiparesis	
I69.852	HCC253	Hemiplegia/Hemiparesis	
I69.853	HCC253	Hemiplegia/Hemiparesis	
I69.854	HCC253	Hemiplegia/Hemiparesis	
I69.859	HCC253	Hemiplegia/Hemiparesis	
I69.861	HCC254	Monoplegia, Other Paralytic Syndromes	
I69.862	HCC254	Monoplegia, Other Paralytic Syndromes	
I69.863	HCC254	Monoplegia, Other Paralytic Syndromes	
I69.864	HCC254	Monoplegia, Other Paralytic Syndromes	
I69.865	HCC254	Monoplegia, Other Paralytic Syndromes	
I69.869	HCC254	Monoplegia, Other Paralytic Syndromes	
I69.931	HCC254	Monoplegia, Other Paralytic Syndromes	
I69.932	HCC254	Monoplegia, Other Paralytic Syndromes	
I69.933	HCC254	Monoplegia, Other Paralytic Syndromes	
I69.934	HCC254	Monoplegia, Other Paralytic Syndromes	
I69.939	HCC254	Monoplegia, Other Paralytic Syndromes	
I69.941	HCC254	Monoplegia, Other Paralytic Syndromes	
I69.942	HCC254	Monoplegia, Other Paralytic Syndromes	
I69.943	HCC254	Monoplegia, Other Paralytic Syndromes	
I69.944	HCC254	Monoplegia, Other Paralytic Syndromes	
I69.949	HCC254	Monoplegia, Other Paralytic Syndromes	
I69.951	HCC253	Hemiplegia/Hemiparesis	
I69.952	HCC253	Hemiplegia/Hemiparesis	
I69.953	HCC253	Hemiplegia/Hemiparesis	
I69.954	HCC253	Hemiplegia/Hemiparesis	
I69.959	HCC253	Hemiplegia/Hemiparesis	
I69.961	HCC254	Monoplegia, Other Paralytic Syndromes	
I69.962	HCC254	Monoplegia, Other Paralytic Syndromes	
I69.963	HCC254	Monoplegia, Other Paralytic Syndromes	
I69.964	HCC254	Monoplegia, Other Paralytic Syndromes	
I69.965	HCC254	Monoplegia, Other Paralytic Syndromes	
I69.969	HCC254	Monoplegia, Other Paralytic Syndromes	
I70.221	HCC264	Vascular Disease with Complications	mce: age >= 15
I70.222	HCC264	Vascular Disease with Complications	mce: age >= 15
I70.223	HCC264	Vascular Disease with Complications	mce: age >= 15
I70.228	HCC264	Vascular Disease with Complications	mce: age >= 15
I70.229	HCC264	Vascular Disease with Complications	mce: age >= 15
I70.231	HCC263	Atherosclerosis of Arteries of the Extremities with Ulceration or Gangrene	mce: age >= 15
I70.231	HCC383	Chronic Ulcer of Skin, Except Pressure, Not Specified as Through to Bone or Muscle	mce: age >= 15
I70.232	HCC263	Atherosclerosis of Arteries of the Extremities with Ulceration or Gangrene	mce: age >= 15
I70.232	HCC383	Chronic Ulcer of Skin, Except Pressure, Not Specified as Through to Bone or Muscle	mce: age >= 15
I70.233	HCC263	Atherosclerosis of Arteries of the Extremities with Ulceration or Gangrene	mce: age >= 15
I70.233	HCC383	Chronic Ulcer of Skin, Except Pressure, Not Specified as Through to Bone or Muscle	mce: age >= 15
I70.234	HCC263	Atherosclerosis of Arteries of the Extremities with Ulceration or Gangrene	mce: age >= 15
I70.234	HCC383	Chronic Ulcer of Skin, Except Pressure, Not Specified as Through to Bone or Muscle	mce: age >= 15
I70.235	HCC263	Atherosclerosis of Arteries of the Extremities with Ulceration or Gangrene	mce: age >= 15
I70.235	HCC383	Chronic Ulcer of Skin, Except Pressure, Not Specified as Through to Bone or Muscle	mce: age >= 15
I70.238	HCC263	Atherosclerosis of Arteries of the Extremities with Ulceration or Gangrene	mce: age >= 15
I70.238	HCC383	Chronic Ulcer of Skin, Except Pressure, Not Specified as Through to Bone or Muscle	mce: age >= 15
I70.239	HCC263	Atherosclerosis of Arteries of the Extremities with Ulceration or Gangrene	mce: age >= 15
I70.239	HCC383	Chronic Ulcer of Skin, Except Pressure, Not Specified as Through to Bone or Muscle	mce: age >= 15
I70.241	HCC263	Atherosclerosis of Arteries of the Extremities with Ulceration or Gangrene	mce: age >= 15
I70.241	HCC383	Chronic Ulcer of Skin, Except Pressure, Not Specified as Through to Bone or Muscle	mce: age >= 15
I70.242	HCC263	Atherosclerosis of Arteries of the Extremities with Ulceration or Gangrene	mce: age >= 15
I70.242	HCC383	Chronic Ulcer of Skin, Except Pressure, Not Specified as Through to Bone or Muscle	mce: age >= 15
I70.243	HCC263	Atherosclerosis of Arteries of the Extremities with Ulceration or Gangrene	mce: age >= 15
I70.243	HCC383	Chronic Ulcer of Skin, Except Pressure, Not Specified as Through to Bone or Muscle	mce: age >= 15
I70.244	HCC263	Atherosclerosis of Arteries of the Extremities with Ulceration or Gangrene	mce: age >= 15
I70.244	HCC383	Chronic Ulcer of Skin, Except Pressure, Not Specified as Through to Bone or Muscle	mce: age >= 15
I70.245	HCC263	Atherosclerosis of Arteries of the Extremities with Ulceration or Gangrene	mce: age >= 15
I70.245	HCC383	Chronic Ulcer of Skin, Except Pressure, Not Specified as Through to Bone or Muscle	mce: age >= 15
I70.248	HCC263	Atherosclerosis of Arteries of the Extremities with Ulceration or Gangrene	mce: age >= 15
I70.248	HCC383	Chronic Ulcer of Skin, Except Pressure, Not Specified as Through to Bone or Muscle	mce: age >= 15
I70.249	HCC263	Atherosclerosis of Arteries of the Extremities with Ulceration or Gangrene	mce: age >= 15
I70.249	HCC383	Chronic Ulcer of Skin, Except Pressure, Not Specified as Through to Bone or Muscle	mce: age >= 15
I70.25	HCC263	Atherosclerosis of Arteries of the Extremities with Ulceration or Gangrene	mce: age >= 15
I70.25	HCC383	Chronic Ulcer of Skin, Except Pressure, Not Specified as Through to Bone or Muscle	mce: age >= 15
I70.261	HCC263	Atherosclerosis of Arteries of the Extremities with Ulceration or Gangrene	mce: age >= 15
I70.262	HCC263	Atherosclerosis of Arteries of the Extremities with Ulceration or Gangrene	mce: age >= 15
I70.263	HCC263	Atherosclerosis of Arteries of the Extremities with Ulceration or Gangrene	mce: age >= 15
I70.268	HCC263	Atherosclerosis of Arteries of the Extremities with Ulceration or Gangrene	mce: age >= 15
I70.269	HCC263	Atherosclerosis of Arteries of the Extremities with Ulceration or Gangrene	mce: age >= 15
I70.321	HCC264	Vascular Disease with Complications	mce: age >= 15
I70.322	HCC264	Vascular Disease with Complications	mce: age >= 15
I70.323	HCC264	Vascular Disease with Complications	mce: age >= 15
I70.328	HCC264	Vascular Disease with Complications	mce: age >= 15
I70.329	HCC264	Vascular Disease with Complications	mce: age >= 15
I70.331	HCC263	Atherosclerosis of Arteries of the Extremities with Ulceration or Gangrene	mce: age >= 15
I70.331	HCC383	Chronic Ulcer of Skin, Except Pressure, Not Specified as Through to Bone or Muscle	mce: age >= 15
I70.332	HCC263	Atherosclerosis of Arteries of the Extremities with Ulceration or Gangrene	mce: age >= 15
I70.332	HCC383	Chronic Ulcer of Skin, Except Pressure, Not Specified as Through to Bone or Muscle	mce: age >= 15
I70.333	HCC263	Atherosclerosis of Arteries of the Extremities with Ulceration or Gangrene	mce: age >= 15
I70.333	HCC383	Chronic Ulcer of Skin, Except Pressure, Not Specified as Through to Bone or Muscle	mce: age >= 15
I70.334	HCC263	Atherosclerosis of Arteries of the Extremities with Ulceration or Gangrene	mce: age >= 15
I70.334	HCC383	Chronic Ulcer of Skin, Except Pressure, Not Specified as Through to Bone or Muscle	mce: age >= 15
I70.335	HCC263	Atherosclerosis of Arteries of the Extremities with Ulceration or Gangrene	mce: age >= 15
I70.335	HCC383	Chronic Ulcer of Skin, Except Pressure, Not Specified as Through to Bone or Muscle	mce: age >= 15
I70.338	HCC263	Atherosclerosis of Arteries of the Extremities with Ulceration or Gangrene	mce: age >= 15
I70.338	HCC383	Chronic Ulcer of Skin, Except Pressure, Not Specified as Through to Bone or Muscle	mce: age >= 15
I70.339	HCC263	Atherosclerosis of Arteries of the Extremities with Ulceration or Gangrene	mce: age >= 15
I70.339	HCC383	Chronic Ulcer of Skin, Except Pressure, Not Specified as Through to Bone or Muscle	mce: age >= 15
I70.341	HCC263	Atherosclerosis of Arteries of the Extremities with Ulceration or Gangrene	mce: age >= 15
I70.341	HCC383	Chronic Ulcer of Skin, Except Pressure, Not Specified as Through to Bone or Muscle	mce: age >= 15
I70.342	HCC263	Atherosclerosis of Arteries of the Extremities with Ulceration or Gangrene	mce: age >= 15
I70.342	HCC383	Chronic Ulcer of Skin, Except Pressure, Not Specified as Through to Bone or Muscle	mce: age >= 15
I70.343	HCC263	Atherosclerosis of Arteries of the Extremities with Ulceration or Gangrene	mce: age >= 15
I70.343	HCC383	Chronic Ulcer of Skin, Except Pressure, Not Specified as Through to Bone or Muscle	mce: age >= 15
I70.344	HCC263	Atherosclerosis of Arteries of the Extremities with Ulceration or Gangrene	mce: age >= 15
I70.344	HCC383	Chronic Ulcer of Skin, Except Pressure, Not Specified as Through to Bone or Muscle	mce: age >= 15
I70.345	HCC263	Atherosclerosis of Arteries of the Extremities with Ulceration or Gangrene	mce: age >= 15
I70.345	HCC383	Chronic Ulcer of Skin, Except Pressure, Not Specified as Through to Bone or Muscle	mce: age >= 15
I70.348	HCC263	Atherosclerosis of Arteries of the Extremities with Ulceration or Gangrene	mce: age >= 15
I70.348	HCC383	Chronic Ulcer of Skin, Except Pressure, Not Specified as Through to Bone or Muscle	mce: age >= 15
I70.349	HCC263	Atherosclerosis of Arteries of the Extremities with Ulceration or Gangrene	mce: age >= 15
I70.349	HCC383	Chronic Ulcer of Skin, Except Pressure, Not Specified as Through to Bone or Muscle	mce: age >= 15
I70.35	HCC263	Atherosclerosis of Arteries of the Extremities with Ulceration or Gangrene	mce: age >= 15
I70.35	HCC383	Chronic Ulcer of Skin, Except Pressure, Not Specified as Through to Bone or Muscle	mce: age >= 15
I70.361	HCC263	Atherosclerosis of Arteries of the Extremities with Ulceration or Gangrene	mce: age >= 15
I70.362	HCC263	Atherosclerosis of Arteries of the Extremities with Ulceration or Gangrene	mce: age >= 15
I70.363	HCC263	Atherosclerosis of Arteries of the Extremities with Ulceration or Gangrene	mce: age >= 15
I70.368	HCC263	Atherosclerosis of Arteries of the Extremities with Ulceration or Gangrene	mce: age >= 15
I70.369	HCC263	Atherosclerosis of Arteries of the Extremities with Ulceration or Gangrene	mce: age >= 15
I70.421	HCC264	Vascular Disease with Complications	mce: age >= 15
I70.422	HCC264	Vascular Disease with Complications	mce: age >= 15
I70.423	HCC264	Vascular Disease with Complications	mce: age >= 15
I70.428	HCC264	Vascular Disease with Complications	mce: age >= 15
I70.429	HCC264	Vascular Disease with Complications	mce: age >= 15
I70.431	HCC263	Atherosclerosis of Arteries of the Extremities with Ulceration or Gangrene	mce: age >= 15
I70.431	HCC383	Chronic Ulcer of Skin, Except Pressure, Not Specified as Through to Bone or Muscle	mce: age >= 15
I70.432	HCC263	Atherosclerosis of Arteries of the Extremities with Ulceration or Gangrene	mce: age >= 15
I70.432	HCC383	Chronic Ulcer of Skin, Except Pressure, Not Specified as Through to Bone or Muscle	mce: age >= 15
I70.433	HCC263	Atherosclerosis of Arteries of the Extremities with Ulceration or Gangrene	mce: age >= 15
I70.433	HCC383	Chronic Ulcer of Skin, Except Pressure, Not Specified as Through to Bone or Muscle	mce: age >= 15
I70.434	HCC263	Atherosclerosis of Arteries of the Extremities with Ulceration or Gangrene	mce: age >= 15
I70.434	HCC383	Chronic Ulcer of Skin, Except Pressure, Not Specified as Through to Bone or Muscle	mce: age >= 15
I70.435	HCC263	Atherosclerosis of Arteries of the Extremities with Ulceration or Gangrene	mce: age >= 15
I70.435	HCC383	Chronic Ulcer of Skin, Except Pressure, Not Specified as Through to Bone or Muscle	mce: age >= 15
I70.438	HCC263	Atherosclerosis of Arteries of the Extremities with Ulceration or Gangrene	mce: age >= 15
I70.438	HCC383	Chronic Ulcer of Skin, Except Pressure, Not Specified as Through to Bone or Muscle	mce: age >= 15
I70.439	HCC263	Atherosclerosis of Arteries of the Extremities with Ulceration or Gangrene	mce: age >= 15
I70.439	HCC383	Chronic Ulcer of Skin, Except Pressure, Not Specified as Through to Bone or Muscle	mce: age >= 15
I70.441	HCC263	Atherosclerosis of Arteries of the Extremities with Ulceration or Gangrene	mce: age >= 15
I70.441	HCC383	Chronic Ulcer of Skin, Except Pressure, Not Specified as Through to Bone or Muscle	mce: age >= 15
I70.442	HCC263	Atherosclerosis of Arteries of the Extremities with Ulceration or Gangrene	mce: age >= 15
I70.442	HCC383	Chronic Ulcer of Skin, Except Pressure, Not Specified as Through to Bone or Muscle	mce: age >= 15
I70.443	HCC263	Atherosclerosis of Arteries of the Extremities with Ulceration or Gangrene	mce: age >= 15
I70.443	HCC383	Chronic Ulcer of Skin, Except Pressure, Not Specified as Through to Bone or Muscle	mce: age >= 15
I70.444	HCC263	Atherosclerosis of Arteries of the Extremities with Ulceration or Gangrene	mce: age >= 15
I70.444	HCC383	Chronic Ulcer of Skin, Except Pressure, Not Specified as Through to Bone or Muscle	mce: age >= 15
I70.445	HCC263	Atherosclerosis of Arteries of the Extremities with Ulceration or Gangrene	mce: age >= 15
I70.445	HCC383	Chronic Ulcer of Skin, Except Pressure, Not Specified as Through to Bone or Muscle	mce: age >= 15
I70.448	HCC263	Atherosclerosis of Arteries of the Extremities with Ulceration or Gangrene	mce: age >= 15
I70.448	HCC383	Chronic Ulcer of Skin, Except Pressure, Not Specified as Through to Bone or Muscle	mce: age >= 15
I70.449	HCC263	Atherosclerosis of Arteries of the Extremities with Ulceration or Gangrene	mce: age >= 15
I70.449	HCC383	Chronic Ulcer of Skin, Except Pressure, Not Specified as Through to Bone or Muscle	mce: age >= 15
I70.45	HCC263	Atherosclerosis of Arteries of the Extremities with Ulceration or Gangrene	mce: age >= 15
I70.45	HCC383	Chronic Ulcer of Skin, Except Pressure, Not Specified as Through to Bone or Muscle	mce: age >= 15
I70.461	HCC263	Atherosclerosis of Arteries of the Extremities with Ulceration or Gangrene	mce: age >= 15
I70.462	HCC263	Atherosclerosis of Arteries of the Extremities with Ulceration or Gangrene	mce: age >= 15
I70.463	HCC263	Atherosclerosis of Arteries of the Extremities with Ulceration or Gangrene	mce: age >= 15
I70.468	HCC263	Atherosclerosis of Arteries of the Extremities with Ulceration or Gangrene	mce: age >= 15
I70.469	HCC263	Atherosclerosis of Arteries of the Extremities with Ulceration or Gangrene	mce: age >= 15
I70.521	HCC264	Vascular Disease with Complications	mce: age >= 15
I70.522	HCC264	Vascular Disease with Complications	mce: age >= 15
I70.523	HCC264	Vascular Disease with Complications	mce: age >= 15
I70.528	HCC264	Vascular Disease with Complications	mce: age >= 15
I70.529	HCC264	Vascular Disease with Complications	mce: age >= 15
I70.531	HCC263	Atherosclerosis of Arteries of the Extremities with Ulceration or Gangrene	mce: age >= 15
I70.531	HCC383	Chronic Ulcer of Skin, Except Pressure, Not Specified as Through to Bone or Muscle	mce: age >= 15
I70.532	HCC263	Atherosclerosis of Arteries of the Extremities with Ulceration or Gangrene	mce: age >= 15
I70.532	HCC383	Chronic Ulcer of Skin, Except Pressure, Not Specified as Through to Bone or Muscle	mce: age >= 15
I70.533	HCC263	Atherosclerosis of Arteries of the Extremities with Ulceration or Gangrene	mce: age >= 15
I70.533	HCC383	Chronic Ulcer of Skin, Except Pressure, Not Specified as Through to Bone or Muscle	mce: age >= 15
I70.534	HCC263	Atherosclerosis of Arteries of the Extremities with Ulceration or Gangrene	mce: age >= 15
I70.534	HCC383	Chronic Ulcer of Skin, Except Pressure, Not Specified as Through to Bone or Muscle	mce: age >= 15
I70.535	HCC263	Atherosclerosis of Arteries of the Extremities with Ulceration or Gangrene	mce: age >= 15
I70.535	HCC383	Chronic Ulcer of Skin, Except Pressure, Not Specified as Through to Bone or Muscle	mce: age >= 15
I70.538	HCC263	Atherosclerosis of Arteries of the Extremities with Ulceration or Gangrene	mce: age >= 15
I70.538	HCC383	Chronic Ulcer of Skin, Except Pressure, Not Specified as Through to Bone or Muscle	mce: age >= 15
I70.539	HCC263	Atherosclerosis of Arteries of the Extremities with Ulceration or Gangrene	mce: age >= 15
I70.539	HCC383	Chronic Ulcer of Skin, Except Pressure, Not Specified as Through to Bone or Muscle	mce: age >= 15
I70.541	HCC263	Atherosclerosis of Arteries of the Extremities with Ulceration or Gangrene	mce: age >= 15
I70.541	HCC383	Chronic Ulcer of Skin, Except Pressure, Not Specified as Through to Bone or Muscle	mce: age >= 15
I70.542	HCC263	Atherosclerosis of Arteries of the Extremities with Ulceration or Gangrene	mce: age >= 15
I70.542	HCC383	Chronic Ulcer of Skin, Except Pressure, Not Specified as Through to Bone or Muscle	mce: age >= 15
I70.543	HCC263	Atherosclerosis of Arteries of the Extremities with Ulceration or Gangrene	mce: age >= 15
I70.543	HCC383	Chronic Ulcer of Skin, Except Pressure, Not Specified as Through to Bone or Muscle	mce: age >= 15
I70.544	HCC263	Atherosclerosis of Arteries of the Extremities with Ulceration or Gangrene	mce: age >= 15
I70.544	HCC383	Chronic Ulcer of Skin, Except Pressure, Not Specified as Through to Bone or Muscle	mce: age >= 15
I70.545	HCC263	Atherosclerosis of Arteries of the Extremities with Ulceration or Gangrene	mce: age >= 15
I70.545	HCC383	Chronic Ulcer of Skin, Except Pressure, Not Specified as Through to Bone or Muscle	mce: age >= 15
I70.548	HCC263	Atherosclerosis of Arteries of the Extremities with Ulceration or Gangrene	mce: age >= 15
I70.548	HCC383	Chronic Ulcer of Skin, Except Pressure, Not Specified as Through to Bone or Muscle	mce: age >= 15
I70.549	HCC263	Atherosclerosis of Arteries of the Extremities with Ulceration or Gangrene	mce: age >= 15
I70.549	HCC383	Chronic Ulcer of Skin, Except Pressure, Not Specified as Through to Bone or Muscle	mce: age >= 15
I70.55	HCC263	Atherosclerosis of Arteries of the Extremities with Ulceration or Gangrene	mce: age >= 15
I70.55	HCC383	Chronic Ulcer of Skin, Except Pressure, Not Specified as Through to Bone or Muscle	mce: age >= 15
I70.561	HCC263	Atherosclerosis of Arteries of the Extremities with Ulceration or Gangrene	mce: age >= 15
I70.562	HCC263	Atherosclerosis of Arteries of the Extremities with Ulceration or Gangrene	mce: age >= 15
I70.563	HCC263	Atherosclerosis of Arteries of the Extremities with Ulceration or Gangrene	mce: age >= 15
I70.568	HCC263	Atherosclerosis of Arteries of the Extremities with Ulceration or Gangrene	mce: age >= 15
I70.569	HCC263	Atherosclerosis of Arteries of the Extremities with Ulceration or Gangrene	mce: age >= 15
I70.621	HCC264	Vascular Disease with Complications	mce: age >= 15
I70.622	HCC264	Vascular Disease with Complications	mce: age >= 15
I70.623	HCC264	Vascular Disease with Complications	mce: age >= 15
I70.628	HCC264	Vascular Disease with Complications	mce: age >= 15
I70.629	HCC264	Vascular Disease with Complications	mce: age >= 15
I70.631	HCC263	Atherosclerosis of Arteries of the Extremities with Ulceration or Gangrene	mce: age >= 15
I70.631	HCC383	Chronic Ulcer of Skin, Except Pressure, Not Specified as Through to Bone or Muscle	mce: age >= 15
I70.632	HCC263	Atherosclerosis of Arteries of the Extremities with Ulceration or Gangrene	mce: age >= 15
I70.632	HCC383	Chronic Ulcer of Skin, Except Pressure, Not Specified as Through to Bone or Muscle	mce: age >= 15
I70.633	HCC263	Atherosclerosis of Arteries of the Extremities with Ulceration or Gangrene	mce: age >= 15
I70.633	HCC383	Chronic Ulcer of Skin, Except Pressure, Not Specified as Through to Bone or Muscle	mce: age >= 15
I70.634	HCC263	Atherosclerosis of Arteries of the Extremities with Ulceration or Gangrene	mce: age >= 15
I70.634	HCC383	Chronic Ulcer of Skin, Except Pressure, Not Specified as Through to Bone or Muscle	mce: age >= 15
I70.635	HCC263	Atherosclerosis of Arteries of the Extremities with Ulceration or Gangrene	mce: age >= 15
I70.635	HCC383	Chronic Ulcer of Skin, Except Pressure, Not Specified as Through to Bone or Muscle	mce: age >= 15
I70.638	HCC263	Atherosclerosis of Arteries of the Extremities with Ulceration or Gangrene	mce: age >= 15
I70.638	HCC383	Chronic Ulcer of Skin, Except Pressure, Not Specified as Through to Bone or Muscle	mce: age >= 15
I70.639	HCC263	Atherosclerosis of Arteries of the Extremities with Ulceration or Gangrene	mce: age >= 15
I70.639	HCC383	Chronic Ulcer of Skin, Except Pressure, Not Specified as Through to Bone or Muscle	mce: age >= 15
I70.641	HCC263	Atherosclerosis of Arteries of the Extremities with Ulceration or Gangrene	mce: age >= 15
I70.641	HCC383	Chronic Ulcer of Skin, Except Pressure, Not Specified as Through to Bone or Muscle	mce: age >= 15
I70.642	HCC263	Atherosclerosis of Arteries of the Extremities with Ulceration or Gangrene	mce: age >= 15
I70.642	HCC383	Chronic Ulcer of Skin, Except Pressure, Not Specified as Through to Bone or Muscle	mce: age >= 15
I70.643	HCC263	Atherosclerosis of Arteries of the Extremities with Ulceration or Gangrene	mce: age >= 15
I70.643	HCC383	Chronic Ulcer of Skin, Except Pressure, Not Specified as Through to Bone or Muscle	mce: age >= 15
I70.644	HCC263	Atherosclerosis of Arteries of the Extremities with Ulceration or Gangrene	mce: age >= 15
I70.644	HCC383	Chronic Ulcer of Skin, Except Pressure, Not Specified as Through to Bone or Muscle	mce: age >= 15
I70.645	HCC263	Atherosclerosis of Arteries of the Extremities with Ulceration or Gangrene	mce: age >= 15
I70.645	HCC383	Chronic Ulcer of Skin, Except Pressure, Not Specified as Through to Bone or Muscle	mce: age >= 15
I70.648	HCC263	Atherosclerosis of Arteries of the Extremities with Ulceration or Gangrene	mce: age >= 15
I70.648	HCC383	Chronic Ulcer of Skin, Except Pressure, Not Specified as Through to Bone or Muscle	mce: age >= 15
I70.649	HCC263	Atherosclerosis of Arteries of the Extremities with Ulceration or Gangrene	mce: age >= 15
I70.649	HCC383	Chronic Ulcer of Skin, Except Pressure, Not Specified as Through to Bone or Muscle	mce: age >= 15
I70.65	HCC263	Atherosclerosis of Arteries of the Extremities with Ulceration or Gangrene	mce: age >= 15
I70.65	HCC383	Chronic Ulcer of Skin, Except Pressure, Not Specified as Through to Bone or Muscle	mce: age >= 15
I70.661	HCC263	Atherosclerosis of Arteries of the Extremities with Ulceration or Gangrene	mce: age >= 15
I70.662	HCC263	Atherosclerosis of Arteries of the Extremities with Ulceration or Gangrene	mce: age >= 15
I70.663	HCC263	Atherosclerosis of Arteries of the Extremities with Ulceration or Gangrene	mce: age >= 15
I70.668	HCC263	Atherosclerosis of Arteries of the Extremities with Ulceration or Gangrene	mce: age >= 15
I70.669	HCC263	Atherosclerosis of Arteries of the Extremities with Ulceration or Gangrene	mce: age >= 15
I70.721	HCC264	Vascular Disease with Complications	mce: age >= 15
I70.722	HCC264	Vascular Disease with Complications	mce: age >= 15
I70.723	HCC264	Vascular Disease with Complications	mce: age >= 15
I70.728	HCC264	Vascular Disease with Complications	mce: age >= 15
I70.729	HCC264	Vascular Disease with Complications	mce: age >= 15
I70.731	HCC263	Atherosclerosis of Arteries of the Extremities with Ulceration or Gangrene	mce: age >= 15
I70.731	HCC383	Chronic Ulcer of Skin, Except Pressure, Not Specified as Through to Bone or Muscle	mce: age >= 15
I70.732	HCC263	Atherosclerosis of Arteries of the Extremities with Ulceration or Gangrene	mce: age >= 15
I70.732	HCC383	Chronic Ulcer of Skin, Except Pressure, Not Specified as Through to Bone or Muscle	mce: age >= 15
I70.733	HCC263	Atherosclerosis of Arteries of the Extremities with Ulceration or Gangrene	mce: age >= 15
I70.733	HCC383	Chronic Ulcer of Skin, Except Pressure, Not Specified as Through to Bone or Muscle	mce: age >= 15
I70.734	HCC263	Atherosclerosis of Arteries of the Extremities with Ulceration or Gangrene	mce: age >= 15
I70.734	HCC383	Chronic Ulcer of Skin, Except Pressure, Not Specified as Through to Bone or Muscle	mce: age >= 15
I70.735	HCC263	Atherosclerosis of Arteries of the Extremities with Ulceration or Gangrene	mce: age >= 15
I70.735	HCC383	Chronic Ulcer of Skin, Except Pressure, Not Specified as Through to Bone or Muscle	mce: age >= 15
I70.738	HCC263	Atherosclerosis of Arteries of the Extremities with Ulceration or Gangrene	mce: age >= 15
I70.738	HCC383	Chronic Ulcer of Skin, Except Pressure, Not Specified as Through to Bone or Muscle	mce: age >= 15
I70.739	HCC263	Atherosclerosis of Arteries of the Extremities with Ulceration or Gangrene	mce: age >= 15
I70.739	HCC383	Chronic Ulcer of Skin, Except Pressure, Not Specified as Through to Bone or Muscle	mce: age >= 15
I70.741	HCC263	Atherosclerosis of Arteries of the Extremities with Ulceration or Gangrene	mce: age >= 15
I70.741	HCC383	Chronic Ulcer of Skin, Except Pressure, Not Specified as Through to Bone or Muscle	mce: age >= 15
I70.742	HCC263	Atherosclerosis of Arteries of the Extremities with Ulceration or Gangrene	mce: age >= 15
I70.742	HCC383	Chronic Ulcer of Skin, Except Pressure, Not Specified as Through to Bone or Muscle	mce: age >= 15
I70.743	HCC263	Atherosclerosis of Arteries of the Extremities with Ulceration or Gangrene	mce: age >= 15
I70.743	HCC383	Chronic Ulcer of Skin, Except Pressure, Not Specified as Through to Bone or Muscle	mce: age >= 15
I70.744	HCC263	Atherosclerosis of Arteries of the Extremities with Ulceration or Gangrene	mce: age >= 15
I70.744	HCC383	Chronic Ulcer of Skin, Except Pressure, Not Specified as Through to Bone or Muscle	mce: age >= 15
I70.745	HCC263	Atherosclerosis of Arteries of the Extremities with Ulceration or Gangrene	mce: age >= 15
I70.745	HCC383	Chronic Ulcer of Skin, Except Pressure, Not Specified as Through to Bone or Muscle	mce: age >= 15
I70.748	HCC263	Atherosclerosis of Arteries of the Extremities with Ulceration or Gangrene	mce: age >= 15
I70.748	HCC383	Chronic Ulcer of Skin, Except Pressure, Not Specified as Through to Bone or Muscle	mce: age >= 15
I70.749	HCC263	Atherosclerosis of Arteries of the Extremities with Ulceration or Gangrene	mce: age >= 15
I70.749	HCC383	Chronic Ulcer of Skin, Except Pressure, Not Specified as Through to Bone or Muscle	mce: age >= 15
I70.75	HCC263	Atherosclerosis of Arteries of the Extremities with Ulceration or Gangrene	mce: age >= 15
I70.75	HCC383	Chronic Ulcer of Skin, Except Pressure, Not Specified as Through to Bone or Muscle	mce: age >= 15
I70.761	HCC263	Atherosclerosis of Arteries of the Extremities with Ulceration or Gangrene	mce: age >= 15
I70.762	HCC263	Atherosclerosis of Arteries of the Extremities with Ulceration or Gangrene	mce: age >= 15
I70.763	HCC263	Atherosclerosis of Arteries of the Extremities with Ulceration or Gangrene	mce: age >= 15
I70.768	HCC263	Atherosclerosis of Arteries of the Extremities with Ulceration or Gangrene	mce: age >= 15
I70.769	HCC263	Atherosclerosis of Arteries of the Extremities with Ulceration or Gangrene	mce: age >= 15
I71.00	HCC264	Vascular Disease with Complications	
I71.010	HCC264	Vascular Disease with Complications	
I71.011	HCC264	Vascular Disease with Complications	
I71.012	HCC264	Vascular Disease with Complications	
I71.019	HCC264	Vascular Disease with Complications	
I71.02	HCC264	Vascular Disease with Complications	
I71.03	HCC264	Vascular Disease with Complications	
I71.10	HCC264	Vascular Disease with Complications	
I71.11	HCC264	Vascular Disease with Complications	
I71.12	HCC264	Vascular Disease with Complications	
I71.13	HCC264	Vascular Disease with Complications	
I71.30	HCC264	Vascular Disease with Complications	
I71.31	HCC264	Vascular Disease with Complications	
I71.32	HCC264	Vascular Disease with Complications	
I71.33	HCC264	Vascular Disease with Complications	
I71.50	HCC264	Vascular Disease with Complications	
I71.51	HCC264	Vascular Disease with Complications	
I71.52	HCC264	Vascular Disease with Complications	
I71.8	HCC264	Vascular Disease with Complications	
I73.01	HCC263	Atherosclerosis of Arteries of the Extremities with Ulceration or Gangrene	
I74.01	HCC264	Vascular Disease with Complications	
I74.09	HCC264	Vascular Disease with Complications	
I74.10	HCC264	Vascular Disease with Complications	
I74.11	HCC264	Vascular Disease with Complications	
I74.19	HCC264	Vascular Disease with Complications	
I74.2	HCC264	Vascular Disease with Complications	
I74.3	HCC264	Vascular Disease with Complications	
I74.4	HCC264	Vascular Disease with Complications	
I74.5	HCC264	Vascular Disease with Complications	
I74.8	HCC264	Vascular Disease with Complications	
I74.9	HCC264	Vascular Disease with Complications	
I75.011	HCC264	Vascular Disease with Complications	
I75.012	HCC264	Vascular Disease with Complications	
I75.013	HCC264	Vascular Disease with Complications	
I75.019	HCC264	Vascular Disease with Complications	
I75.021	HCC264	Vascular Disease with Complications	
I75.022	HCC264	Vascular Disease with Complications	
I75.023	HCC264	Vascular Disease with Complications	
I75.029	HCC264	Vascular Disease with Complications	
I75.81	HCC264	Vascular Disease with Complications	
I75.89	HCC264	Vascular Disease with Complications	
I76	HCC264	Vascular Disease with Complications	
I77.82	HCC93	Rheumatoid Arthritis and Other Specified Inflammatory Rheumatic Disorders	
I80.10	HCC267	Deep Vein Thrombosis and Pulmonary Embolism	
I80.11	HCC267	Deep Vein Thrombosis and Pulmonary Embolism	
I80.12	HCC267	Deep Vein Thrombosis and Pulmonary Embolism	
I80.13	HCC267	Deep Vein Thrombosis and Pulmonary Embolism	
I80.201	HCC267	Deep Vein Thrombosis and Pulmonary Embolism	
I80.202	HCC267	Deep Vein Thrombosis and Pulmonary Embolism	
I80.203	HCC267	Deep Vein Thrombosis and Pulmonary Embolism	
I80.209	HCC267	Deep Vein Thrombosis and Pulmonary Embolism	
I80.211	HCC267	Deep Vein Thrombosis and Pulmonary Embolism	
I80.212	HCC267	Deep Vein Thrombosis and Pulmonary Embolism	
I80.213	HCC267	Deep Vein Thrombosis and Pulmonary Embolism	
I80.219	HCC267	Deep Vein Thrombosis and Pulmonary Embolism	
I80.221	HCC267	Deep Vein Thrombosis and Pulmonary Embolism	
I80.222	HCC267	Deep Vein Thrombosis and Pulmonary Embolism	
I80.223	HCC267	Deep Vein Thrombosis and Pulmonary Embolism	
I80.229	HCC267	Deep Vein Thrombosis and Pulmonary Embolism	
I80.231	HCC267	Deep Vein Thrombosis and Pulmonary Embolism	
I80.232	HCC267	Deep Vein Thrombosis and Pulmonary Embolism	
I80.233	HCC267	Deep Vein Thrombosis and Pulmonary Embolism	
I80.239	HCC267	Deep Vein Thrombosis and Pulmonary Embolism	
I80.241	HCC267	Deep Vein Thrombosis and Pulmonary Embolism	
I80.242	HCC267	Deep Vein Thrombosis and Pulmonary Embolism	
I80.243	HCC267	Deep Vein Thrombosis and Pulmonary Embolism	
I80.249	HCC267	Deep Vein Thrombosis and Pulmonary Embolism	
I80.251	HCC267	Deep Vein Thrombosis and Pulmonary Embolism	
I80.252	HCC267	Deep Vein Thrombosis and Pulmonary Embolism	
I80.253	HCC267	Deep Vein Thrombosis and Pulmonary Embolism	
I80.259	HCC267	Deep Vein Thrombosis and Pulmonary Embolism	
I80.291	HCC267	Deep Vein Thrombosis and Pulmonary Embolism	
I80.292	HCC267	Deep Vein Thrombosis and Pulmonary Embolism	
I80.293	HCC267	Deep Vein Thrombosis and Pulmonary Embolism	
I80.299	HCC267	Deep Vein Thrombosis and Pulmonary Embolism	
I82.0	HCC267	Deep Vein Thrombosis and Pulmonary Embolism	
I82.210	HCC267	Deep Vein Thrombosis and Pulmonary Embolism	
I82.211	HCC267	Deep Vein Thrombosis and Pulmonary Embolism	
I82.220	HCC267	Deep Vein Thrombosis and Pulmonary Embolism	
I82.221	HCC267	Deep Vein Thrombosis and Pulmonary Embolism	
I82.290	HCC267	Deep Vein Thrombosis and Pulmonary Embolism	
I82.291	HCC267	Deep Vein Thrombosis and Pulmonary Embolism	
I82.3	HCC267	Deep Vein Thrombosis and Pulmonary Embolism	
I82.401	HCC267	Deep Vein Thrombosis and Pulmonary Embolism	
I82.402	HCC267	Deep Vein Thrombosis and Pulmonary Embolism	
I82.403	HCC267	Deep Vein Thrombosis and Pulmonary Embolism	
I82.409	HCC267	Deep Vein Thrombosis and Pulmonary Embolism	
I82.411	HCC267	Deep Vein Thrombosis and Pulmonary Embolism	
I82.412	HCC267	Deep Vein Thrombosis and Pulmonary Embolism	
I82.413	HCC267	Deep Vein Thrombosis and Pulmonary Embolism	
I82.419	HCC267	Deep Vein Thrombosis and Pulmonary Embolism	
I82.421	HCC267	Deep Vein Thrombosis and Pulmonary Embolism	
I82.422	HCC267	Deep Vein Thrombosis and Pulmonary Embolism	
I82.423	HCC267	Deep Vein Thrombosis and Pulmonary Embolism	
I82.429	HCC267	Deep Vein Thrombosis and Pulmonary Embolism	
I82.431	HCC267	Deep Vein Thrombosis and Pulmonary Embolism	
I82.432	HCC267	Deep Vein Thrombosis and Pulmonary Embolism	
I82.433	HCC267	Deep Vein Thrombosis and Pulmonary Embolism	
I82.439	HCC267	Deep Vein Thrombosis and Pulmonary Embolism	
I82.441	HCC267	Deep Vein Thrombosis and Pulmonary Embolism	
I82.442	HCC267	Deep Vein Thrombosis and Pulmonary Embolism	
I82.443	HCC267	Deep Vein Thrombosis and Pulmonary Embolism	
I82.449	HCC267	Deep Vein Thrombosis and Pulmonary Embolism	
I82.451	HCC267	Deep Vein Thrombosis and Pulmonary Embolism	
I82.452	HCC267	Deep Vein Thrombosis and Pulmonary Embolism	
I82.453	HCC267	Deep Vein Thrombosis and Pulmonary Embolism	
I82.459	HCC267	Deep Vein Thrombosis and Pulmonary Embolism	
I82.461	HCC267	Deep Vein Thrombosis and Pulmonary Embolism	
I82.462	HCC267	Deep Vein Thrombosis and Pulmonary Embolism	
I82.463	HCC267	Deep Vein Thrombosis and Pulmonary Embolism	
I82.469	HCC267	Deep Vein Thrombosis and Pulmonary Embolism	
I82.491	HCC267	Deep Vein Thrombosis and Pulmonary Embolism	
I82.492	HCC267	Deep Vein Thrombosis and Pulmonary Embolism	
I82.493	HCC267	Deep Vein Thrombosis and Pulmonary Embolism	
I82.499	HCC267	Deep Vein Thrombosis and Pulmonary Embolism	
I82.4Y1	HCC267	Deep Vein Thrombosis and Pulmonary Embolism	
I82.4Y2	HCC267	Deep Vein Thrombosis and Pulmonary Embolism	
I82.4Y3	HCC267	Deep Vein Thrombosis and Pulmonary Embolism	
I82.4Y9	HCC267	Deep Vein Thrombosis and Pulmonary Embolism	
I82.4Z1	HCC267	Deep Vein Thrombosis and Pulmonary Embolism	
I82.4Z2	HCC267	Deep Vein Thrombosis and Pulmonary Embolism	
I82.4Z3	HCC267	Deep Vein Thrombosis and Pulmonary Embolism	
I82.4Z9	HCC267	Deep Vein Thrombosis and Pulmonary Embolism	
I82.501	HCC267	Deep Vein Thrombosis and Pulmonary Embolism	
I82.502	HCC267	Deep Vein Thrombosis and Pulmonary Embolism	
I82.503	HCC267	Deep Vein Thrombosis and Pulmonary Embolism	
I82.509	HCC267	Deep Vein Thrombosis and Pulmonary Embolism	
I82.511	HCC267	Deep Vein Thrombosis and Pulmonary Embolism	
I82.512	HCC267	Deep Vein Thrombosis and Pulmonary Embolism	
I82.513	HCC267	Deep Vein Thrombosis and Pulmonary Embolism	
I82.519	HCC267	Deep Vein Thrombosis and Pulmonary Embolism	
I82.521	HCC267	Deep Vein Thrombosis and Pulmonary Embolism	
I82.522	HCC267	Deep Vein Thrombosis and Pulmonary Embolism	
I82.523	HCC267	Deep Vein Thrombosis and Pulmonary Embolism	
I82.529	HCC267	Deep Vein Thrombosis and Pulmonary Embolism	
I82.531	HCC267	Deep Vein Thrombosis and Pulmonary Embolism	
I82.532	HCC267	Deep Vein Thrombosis and Pulmonary Embolism	
I82.533	HCC267	Deep Vein Thrombosis and Pulmonary Embolism	
I82.539	HCC267	Deep Vein Thrombosis and Pulmonary Embolism	
I82.541	HCC267	Deep Vein Thrombosis and Pulmonary Embolism	
I82.542	HCC267	Deep Vein Thrombosis and Pulmonary Embolism	
I82.543	HCC267	Deep Vein Thrombosis and Pulmonary Embolism	
I82.549	HCC267	Deep Vein Thrombosis and Pulmonary Embolism	
I82.551	HCC267	Deep Vein Thrombosis and Pulmonary Embolism	
I82.552	HCC267	Deep Vein Thrombosis and Pulmonary Embolism	
I82.553	HCC267	Deep Vein Thrombosis and Pulmonary Embolism	
I82.559	HCC267	Deep Vein Thrombosis and Pulmonary Embolism	
I82.561	HCC267	Deep Vein Thrombosis and Pulmonary Embolism	
I82.562	HCC267	Deep Vein Thrombosis and Pulmonary Embolism	
I82.563	HCC267	Deep Vein Thrombosis and Pulmonary Embolism	
I82.569	HCC267	Deep Vein Thrombosis and Pulmonary Embolism	
I82.591	HCC267	Deep Vein Thrombosis and Pulmonary Embolism	
I82.592	HCC267	Deep Vein Thrombosis and Pulmonary Embolism	
I82.593	HCC267	Deep Vein Thrombosis and Pulmonary Embolism	
I82.599	HCC267	Deep Vein Thrombosis and Pulmonary Embolism	
I82.5Y1	HCC267	Deep Vein Thrombosis and Pulmonary Embolism	
I82.5Y2	HCC267	Deep Vein Thrombosis and Pulmonary Embolism	
I82.5Y3	HCC267	Deep Vein Thrombosis and Pulmonary Embolism	
I82.5Y9	HCC267	Deep Vein Thrombosis and Pulmonary Embolism	
I82.5Z1	HCC267	Deep Vein Thrombosis and Pulmonary Embolism	
I82.5Z2	HCC267	Deep Vein Thrombosis and Pulmonary Embolism	
I82.5Z3	HCC267	Deep Vein Thrombosis and Pulmonary Embolism	
I82.5Z9	HCC267	Deep Vein Thrombosis and Pulmonary Embolism	
I82.621	HCC267	Deep Vein Thrombosis and Pulmonary Embolism	
I82.622	HCC267	Deep Vein Thrombosis and Pulmonary Embolism	
I82.623	HCC267	Deep Vein Thrombosis and Pulmonary Embolism	
I82.629	HCC267	Deep Vein Thrombosis and Pulmonary Embolism	
I82.721	HCC267	Deep Vein Thrombosis and Pulmonary Embolism	
I82.722	HCC267	Deep Vein Thrombosis and Pulmonary Embolism	
I82.723	HCC267	Deep Vein Thrombosis and Pulmonary Embolism	
I82.729	HCC267	Deep Vein Thrombosis and Pulmonary Embolism	
I82.A11	HCC267	Deep Vein Thrombosis and Pulmonary Embolism	
I82.A12	HCC267	Deep Vein Thrombosis and Pulmonary Embolism	
I82.A13	HCC267	Deep Vein Thrombosis and Pulmonary Embolism	
I82.A19	HCC267	Deep Vein Thrombosis and Pulmonary Embolism	
I82.A21	HCC267	Deep Vein Thrombosis and Pulmonary Embolism	
I82.A22	HCC267	Deep Vein Thrombosis and Pulmonary Embolism	
I82.A23	HCC267	Deep Vein Thrombosis and Pulmonary Embolism	
I82.A29	HCC267	Deep Vein Thrombosis and Pulmonary Embolism	
I82.B11	HCC267	Deep Vein Thrombosis and Pulmonary Embolism	
I82.B12	HCC267	Deep Vein Thrombosis and Pulmonary Embolism	
I82.B13	HCC267	Deep Vein Thrombosis and Pulmonary Embolism	
I82.B19	HCC267	Deep Vein Thrombosis and Pulmonary Embolism	
I82.B21	HCC267	Deep Vein Thrombosis and Pulmonary Embolism	
I82.B22	HCC267	Deep Vein Thrombosis and Pulmonary Embolism	
I82.B23	HCC267	Deep Vein Thrombosis and Pulmonary Embolism	
I82.B29	HCC267	Deep Vein Thrombosis and Pulmonary Embolism	
I82.C11	HCC267	Deep Vein Thrombosis and Pulmonary Embolism	
I82.C12	HCC267	Deep Vein Thrombosis and Pulmonary Embolism	
I82.C13	HCC267	Deep Vein Thrombosis and Pulmonary Embolism	
I82.C19	HCC267	Deep Vein Thrombosis and Pulmonary Embolism	
I82.C21	HCC267	Deep Vein Thrombosis and Pulmonary Embolism	
I82.C22	HCC267	Deep Vein Thrombosis and Pulmonary Embolism	
I82.C23	HCC267	Deep Vein Thrombosis and Pulmonary Embolism	
I82.C29	HCC267	Deep Vein Thrombosis and Pulmonary Embolism	
I83.001	HCC383	Chronic Ulcer of Skin, Except Pressure, Not Specified as Through to Bone or Muscle	mce: age >= 15
I83.002	HCC383	Chronic Ulcer of Skin, Except Pressure, Not Specified as Through to Bone or Muscle	mce: age >= 15
I83.003	HCC383	Chronic Ulcer of Skin, Except Pressure, Not Specified as Through to Bone or Muscle	mce: age >= 15
I83.004	HCC383	Chronic Ulcer of Skin, Except Pressure, Not Specified as Through to Bone or Muscle	mce: age >= 15
I83.005	HCC383	Chronic Ulcer of Skin, Except Pressure, Not Specified as Through to Bone or Muscle	mce: age >= 15
I83.008	HCC383	Chronic Ulcer of Skin, Except Pressure, Not Specified as Through to Bone or Muscle	mce: age >= 15
I83.009	HCC383	Chronic Ulcer of Skin, Except Pressure, Not Specified as Through to Bone or Muscle	mce: age >= 15
I83.011	HCC383	Chronic Ulcer of Skin, Except Pressure, Not Specified as Through to Bone or Muscle	mce: age >= 15
I83.012	HCC383	Chronic Ulcer of Skin, Except Pressure, Not Specified as Through to Bone or Muscle	mce: age >= 15
I83.013	HCC383	Chronic Ulcer of Skin, Except Pressure, Not Specified as Through to Bone or Muscle	mce: age >= 15
I83.014	HCC383	Chronic Ulcer of Skin, Except Pressure, Not Specified as Through to Bone or Muscle	mce: age >= 15
I83.015	HCC383	Chronic Ulcer of Skin, Except Pressure, Not Specified as Through to Bone or Muscle	mce: age >= 15
I83.018	HCC383	Chronic Ulcer of Skin, Except Pressure, Not Specified as Through to Bone or Muscle	mce: age >= 15
I83.019	HCC383	Chronic Ulcer of Skin, Except Pressure, Not Specified as Through to Bone or Muscle	mce: age >= 15
I83.021	HCC383	Chronic Ulcer of Skin, Except Pressure, Not Specified as Through to Bone or Muscle	mce: age >= 15
I83.022	HCC383	Chronic Ulcer of Skin, Except Pressure, Not Specified as Through to Bone or Muscle	mce: age >= 15
I83.023	HCC383	Chronic Ulcer of Skin, Except Pressure, Not Specified as Through to Bone or Muscle	mce: age >= 15
I83.024	HCC383	Chronic Ulcer of Skin, Except Pressure, Not Specified as Through to Bone or Muscle	mce: age >= 15
I83.025	HCC383	Chronic Ulcer of Skin, Except Pressure, Not Specified as Through to Bone or Muscle	mce: age >= 15
I83.028	HCC383	Chronic Ulcer of Skin, Except Pressure, Not Specified as Through to Bone or Muscle	mce: age >= 15
I83.029	HCC383	Chronic Ulcer of Skin, Except Pressure, Not Specified as Through to Bone or Muscle	mce: age >= 15
I83.201	HCC383	Chronic Ulcer of Skin, Except Pressure, Not Specified as Through to Bone or Muscle	mce: age >= 15
I83.202	HCC383	Chronic Ulcer of Skin, Except Pressure, Not Specified as Through to Bone or Muscle	mce: age >= 15
I83.203	HCC383	Chronic Ulcer of Skin, Except Pressure, Not Specified as Through to Bone or Muscle	mce: age >= 15
I83.204	HCC383	Chronic Ulcer of Skin, Except Pressure, Not Specified as Through to Bone or Muscle	mce: age >= 15
I83.205	HCC383	Chronic Ulcer of Skin, Except Pressure, Not Specified as Through to Bone or Muscle	mce: age >= 15
I83.208	HCC383	Chronic Ulcer of Skin, Except Pressure, Not Specified as Through to Bone or Muscle	mce: age >= 15
I83.209	HCC383	Chronic Ulcer of Skin, Except Pressure, Not Specified as Through to Bone or Muscle	mce: age >= 15
I83.211	HCC383	Chronic Ulcer of Skin, Except Pressure, Not Specified as Through to Bone or Muscle	mce: age >= 15
I83.212	HCC383	Chronic Ulcer of Skin, Except Pressure, Not Specified as Through to Bone or Muscle	mce: age >= 15
I83.213	HCC383	Chronic Ulcer of Skin, Except Pressure, Not Specified as Through to Bone or Muscle	mce: age >= 15
I83.214	HCC383	Chronic Ulcer of Skin, Except Pressure, Not Specified as Through to Bone or Muscle	mce: age >= 15
I83.215	HCC383	Chronic Ulcer of Skin, Except Pressure, Not Specified as Through to Bone or Muscle	mce: age >= 15
I83.218	HCC383	Chronic Ulcer of Skin, Except Pressure, Not Specified as Through to Bone or Muscle	mce: age >= 15
I83.219	HCC383	Chronic Ulcer of Skin, Except Pressure, Not Specified as Through to Bone or Muscle	mce: age >= 15
I83.221	HCC383	Chronic Ulcer of Skin, Except Pressure, Not Specified as Through to Bone or Muscle	mce: age >= 15
I83.222	HCC383	Chronic Ulcer of Skin, Except Pressure, Not Specified as Through to Bone or Muscle	mce: age >= 15
I83.223	HCC383	Chronic Ulcer of Skin, Except Pressure, Not Specified as Through to Bone or Muscle	mce: age >= 15
I83.224	HCC383	Chronic Ulcer of Skin, Except Pressure, Not Specified as Through to Bone or Muscle	mce: age >= 15
I83.225	HCC383	Chronic Ulcer of Skin, Except Pressure, Not Specified as Through to Bone or Muscle	mce: age >= 15
I83.228	HCC383	Chronic Ulcer of Skin, Except Pressure, Not Specified as Through to Bone or Muscle	mce: age >= 15
I83.229	HCC383	Chronic Ulcer of Skin, Except Pressure, Not Specified as Through to Bone or Muscle	mce: age >= 15
I85.00	HCC63	Chronic Liver Failure/End-Stage Liver Disorders	
I85.01	HCC63	Chronic Liver Failure/End-Stage Liver Disorders	
I85.10	HCC63	Chronic Liver Failure/End-Stage Liver Disorders	
I85.11	HCC63	Chronic Liver Failure/End-Stage Liver Disorders	
I87.011	HCC383	Chronic Ulcer of Skin, Except Pressure, Not Specified as Through to Bone or Muscle	
I87.012	HCC383	Chronic Ulcer of Skin, Except Pressure, Not Specified as Through to Bone or Muscle	
I87.013	HCC383	Chronic Ulcer of Skin, Except Pressure, Not Specified as Through to Bone or Muscle	
I87.019	HCC383	Chronic Ulcer of Skin, Except Pressure, Not Specified as Through to Bone or Muscle	
I87.031	HCC383	Chronic Ulcer of Skin, Except Pressure, Not Specified as Through to Bone or Muscle	
I87.032	HCC383	Chronic Ulcer of Skin, Except Pressure, Not Specified as Through to Bone or Muscle	
I87.033	HCC383	Chronic Ulcer of Skin, Except Pressure, Not Specified as Through to Bone or Muscle	
I87.039	HCC383	Chronic Ulcer of Skin, Except Pressure, Not Specified as Through to Bone or Muscle	
I87.311	HCC383	Chronic Ulcer of Skin, Except Pressure, Not Specified as Through to Bone or Muscle	
I87.312	HCC383	Chronic Ulcer of Skin, Except Pressure, Not Specified as Through to Bone or Muscle	
I87.313	HCC383	Chronic Ulcer of Skin, Except Pressure, Not Specified as Through to Bone or Muscle	
I87.319	HCC383	Chronic Ulcer of Skin, Except Pressure, Not Specified as Through to Bone or Muscle	
I87.331	HCC383	Chronic Ulcer of Skin, Except Pressure, Not Specified as Through to Bone or Muscle	
I87.332	HCC383	Chronic Ulcer of Skin, Except Pressure, Not Specified as Through to Bone or Muscle	
I87.333	HCC383	Chronic Ulcer of Skin, Except Pressure, Not Specified as Through to Bone or Muscle	
I87.339	HCC383	Chronic Ulcer of Skin, Except Pressure, Not Specified as Through to Bone or Muscle	
I96	HCC263	Atherosclerosis of Arteries of the Extremities with Ulceration or Gangrene	
J15.0	HCC282	Aspiration and Specified Bacterial Pneumonias	
J15.1	HCC282	Aspiration and Specified Bacterial Pneumonias	
J15.20	HCC282	Aspiration and Specified Bacterial Pneumonias	
J15.211	HCC282	Aspiration and Specified Bacterial Pneumonias	
J15.212	HCC282	Aspiration and Specified Bacterial Pneumonias	
J15.29	HCC282	Aspiration and Specified Bacterial Pneumonias	
J15.5	HCC282	Aspiration and Specified Bacterial Pneumonias	
J15.61	HCC282	Aspiration and Specified Bacterial Pneumonias	
J15.69	HCC282	Aspiration and Specified Bacterial Pneumonias	
J15.8	HCC282	Aspiration and Specified Bacterial Pneumonias	
J41.0	HCC280	Chronic Obstructive Pulmonary Disease, Interstitial Lung Disorders, and Other Chronic Lung Disorders	age: age >= 18
J41.1	HCC280	Chronic Obstructive Pulmonary Disease, Interstitial Lung Disorders, and Other Chronic Lung Disorders	age: age >= 18
J41.8	HCC280	Chronic Obstructive Pulmonary Disease, Interstitial Lung Disorders, and Other Chronic Lung Disorders	age: age >= 18
J42	HCC280	Chronic Obstructive Pulmonary Disease, Interstitial Lung Disorders, and Other Chronic Lung Disorders	age: age >= 18
J43.0	HCC280	Chronic Obstructive Pulmonary Disease, Interstitial Lung Disorders, and Other Chronic Lung Disorders	age: age >= 18
J43.1	HCC280	Chronic Obstructive Pulmonary Disease, Interstitial Lung Disorders, and Other Chronic Lung Disorders	age: age >= 18
J43.2	HCC280	Chronic Obstructive Pulmonary Disease, Interstitial Lung Disorders, and Other Chronic Lung Disorders	age: age >= 18
J43.8	HCC280	Chronic Obstructive Pulmonary Disease, Interstitial Lung Disorders, and Other Chronic Lung Disorders	age: age >= 18
J43.9	HCC280	Chronic Obstructive Pulmonary Disease, Interstitial Lung Disorders, and Other Chronic Lung Disorders	age: age >= 18
J44.0	HCC280	Chronic Obstructive Pulmonary Disease, Interstitial Lung Disorders, and Other Chronic Lung Disorders	age: age >= 18
J44.1	HCC280	Chronic Obstructive Pulmonary Disease, Interstitial Lung Disorders, and Other Chronic Lung Disorders	age: age >= 18
J44.81	HCC280	Chronic Obstructive Pulmonary Disease, Interstitial Lung Disorders, and Other Chronic Lung Disorders	age: age >= 18
J44.89	HCC280	Chronic Obstructive Pulmonary Disease, Interstitial Lung Disorders, and Other Chronic Lung Disorders	age: age >= 18
J44.9	HCC280	Chronic Obstructive Pulmonary Disease, Interstitial Lung Disorders, and Other Chronic Lung Disorders	age: age >= 18
J45.50	HCC279	Severe Persistent Asthma	
J45.51	HCC279	Severe Persistent Asthma	
J45.52	HCC279	Severe Persistent Asthma	
J47.0	HCC280	Chronic Obstructive Pulmonary Disease, Interstitial Lung Disorders, and Other Chronic Lung Disorders	
J47.1	HCC280	Chronic Obstructive Pulmonary Disease, Interstitial Lung Disorders, and Other Chronic Lung Disorders	
J47.9	HCC280	Chronic Obstructive Pulmonary Disease, Interstitial Lung Disorders, and Other Chronic Lung Disorders	
J4A.0	HCC276	Lung Transplant Status/Complications	
J4A.8	HCC276	Lung Transplant Status/Complications	
J4A.9	HCC276	Lung Transplant Status/Complications	
J60	HCC280	Chronic Obstructive Pulmonary Disease, Interstitial Lung Disorders, and Other Chronic Lung Disorders	mce: age >= 15
J61	HCC280	Chronic Obstructive Pulmonary Disease, Interstitial Lung Disorders, and Other Chronic Lung Disorders	mce: age >= 15
J62.0	HCC280	Chronic Obstructive Pulmonary Disease, Interstitial Lung Disorders, and Other Chronic Lung Disorders	
J62.8	HCC280	Chronic Obstructive Pulmonary Disease, Interstitial Lung Disorders, and Other Chronic Lung Disorders	
J63.0	HCC280	Chronic Obstructive Pulmonary Disease, Interstitial Lung Disorders, and Other Chronic Lung Disorders	
J63.1	HCC280	Chronic Obstructive Pulmonary Disease, Interstitial Lung Disorders, and Other Chronic Lung Disorders	
J63.2	HCC280	Chronic Obstructive Pulmonary Disease, Interstitial Lung Disorders, and Other Chronic Lung Disorders	
J63.3	HCC280	Chronic Obstructive Pulmonary Disease, Interstitial Lung Disorders, and Other Chronic Lung Disorders	
J63.4	HCC280	Chronic Obstructive Pulmonary Disease, Interstitial Lung Disorders, and Other Chronic Lung Disorders	
J63.5	HCC280	Chronic Obstructive Pulmonary Disease, Interstitial Lung Disorders, and Other Chronic Lung Disorders	
J63.6	HCC280	Chronic Obstructive Pulmonary Disease, Interstitial Lung Disorders, and Other Chronic Lung Disorders	
J64	HCC280	Chronic Obstructive Pulmonary Disease, Interstitial Lung Disorders, and Other Chronic Lung Disorders	
J65	HCC280	Chronic Obstructive Pulmonary Disease, Interstitial Lung Disorders, and Other Chronic Lung Disorders	
J66.0	HCC280	Chronic Obstructive Pulmonary Disease, Interstitial Lung Disorders, and Other Chronic Lung Disorders	
J66.1	HCC280	Chronic Obstructive Pulmonary Disease, Interstitial Lung Disorders, and Other Chronic Lung Disorders	
J66.2	HCC280	Chronic Obstructive Pulmonary Disease, Interstitial Lung Disorders, and Other Chronic Lung Disorders	
J66.8	HCC280	Chronic Obstructive Pulmonary Disease, Interstitial Lung Disorders, and Other Chronic Lung Disorders	
J67.0	HCC280	Chronic Obstructive Pulmonary Disease, Interstitial Lung Disorders, and Other Chronic Lung Disorders	
J67.1	HCC280	Chronic Obstructive Pulmonary Disease, Interstitial Lung Disorders, and Other Chronic Lung Disorders	
J67.2	HCC280	Chronic Obstructive Pulmonary Disease, Interstitial Lung Disorders, and Other Chronic Lung Disorders	
J67.3	HCC280	Chronic Obstructive Pulmonary Disease, Interstitial Lung Disorders, and Other Chronic Lung Disorders	
J67.4	HCC280	Chronic Obstructive Pulmonary Disease, Interstitial Lung Disorders, and Other Chronic Lung Disorders	
J67.5	HCC280	Chronic Obstructive Pulmonary Disease, Interstitial Lung Disorders, and Other Chronic Lung Disorders	
J67.6	HCC280	Chronic Obstructive Pulmonary Disease, Interstitial Lung Disorders, and Other Chronic Lung Disorders	
J67.7	HCC280	Chronic Obstructive Pulmonary Disease, Interstitial Lung Disorders, and Other Chronic Lung Disorders	
J67.8	HCC280	Chronic Obstructive Pulmonary Disease, Interstitial Lung Disorders, and Other Chronic Lung Disorders	
J67.9	HCC280	Chronic Obstructive Pulmonary Disease, Interstitial Lung Disorders, and Other Chronic Lung Disorders	
J68.0	HCC280	Chronic Obstructive Pulmonary Disease, Interstitial Lung Disorders, and Other Chronic Lung Disorders	
J68.1	HCC280	Chronic Obstructive Pulmonary Disease, Interstitial Lung Disorders, and Other Chronic Lung Disorders	
J68.2	HCC280	Chronic Obstructive Pulmonary Disease, Interstitial Lung Disorders, and Other Chronic Lung Disorders	
J68.3	HCC280	Chronic Obstructive Pulmonary Disease, Interstitial Lung Disorders, and Other Chronic Lung Disorders	
J68.4	HCC280	Chronic Obstructive Pulmonary Disease, Interstitial Lung Disorders, and Other Chronic Lung Disorders	
J68.8	HCC280	Chronic Obstructive Pulmonary Disease, Interstitial Lung Disorders, and Other Chronic Lung Disorders	
J68.9	HCC280	Chronic Obstructive Pulmonary Disease, Interstitial Lung Disorders, and Other Chronic Lung Disorders	
J69.0	HCC282	Aspiration and Specified Bacterial Pneumonias	
J69.1	HCC282	Aspiration and Specified Bacterial Pneumonias	
J69.8	HCC282	Aspiration and Specified Bacterial Pneumonias	
J80	HCC213	Cardio-Respiratory Failure and Shock	
J81.0	HCC213	Cardio-Respiratory Failure and Shock	
J82.81	HCC280	Chronic Obstructive Pulmonary Disease, Interstitial Lung Disorders, and Other Chronic Lung Disorders	
J84.01	HCC280	Chronic Obstructive Pulmonary Disease, Interstitial Lung Disorders, and Other Chronic Lung Disorders	
J84.02	HCC280	Chronic Obstructive Pulmonary Disease, Interstitial Lung Disorders, and Other Chronic Lung Disorders	
J84.03	HCC280	Chronic Obstructive Pulmonary Disease, Interstitial Lung Disorders, and Other Chronic Lung Disorders	
J84.09	HCC280	Chronic Obstructive Pulmonary Disease, Interstitial Lung Disorders, and Other Chronic Lung Disorders	
J84.10	HCC280	Chronic Obstructive Pulmonary Disease, Interstitial Lung Disorders, and Other Chronic Lung Disorders	
J84.111	HCC280	Chronic Obstructive Pulmonary Disease, Interstitial Lung Disorders, and Other Chronic Lung Disorders	
J84.112	HCC278	Idiopathic Pulmonary Fibrosis and Lung Involvement in Systemic Sclerosis	
J84.113	HCC280	Chronic Obstructive Pulmonary Disease, Interstitial Lung Disorders, and Other Chronic Lung Disorders	
J84.114	HCC280	Chronic Obstructive Pulmonary Disease, Interstitial Lung Disorders, and Other Chronic Lung Disorders	
J84.115	HCC280	Chronic Obstructive Pulmonary Disease, Interstitial Lung Disorders, and Other Chronic Lung Disorders	
J84.116	HCC280	Chronic Obstructive Pulmonary Disease, Interstitial Lung Disorders, and Other Chronic Lung Disorders	
J84.117	HCC280	Chronic Obstructive Pulmonary Disease, Interstitial Lung Disorders, and Other Chronic Lung Disorders	
J84.170	HCC278	Idiopathic Pulmonary Fibrosis and Lung Involvement in Systemic Sclerosis	
J84.178	HCC280	Chronic Obstructive Pulmonary Disease, Interstitial Lung Disorders, and Other Chronic Lung Disorders	
J84.2	HCC280	Chronic Obstructive Pulmonary Disease, Interstitial Lung Disorders, and Other Chronic Lung Disorders	
J84.81	HCC280	Chronic Obstructive Pulmonary Disease, Interstitial Lung Disorders, and Other Chronic Lung Disorders	
J84.82	HCC280	Chronic Obstructive Pulmonary Disease, Interstitial Lung Disorders, and Other Chronic Lung Disorders	mce: age >= 15
J84.89	HCC280	Chronic Obstructive Pulmonary Disease, Interstitial Lung Disorders, and Other Chronic Lung Disorders	
J84.9	HCC280	Chronic Obstructive Pulmonary Disease, Interstitial Lung Disorders, and Other Chronic Lung Disorders	
J85.0	HCC283	Empyema, Lung Abscess	
J85.1	HCC283	Empyema, Lung Abscess	
J85.2	HCC283	Empyema, Lung Abscess	
J85.3	HCC283	Empyema, Lung Abscess	
J86.0	HCC283	Empyema, Lung Abscess	
J86.9	HCC283	Empyema, Lung Abscess	
J91.0	HCC17	Cancer Metastatic to Lung, Liver, Brain, and Other Organs; Acute Myeloid Leukemia Except Promyelocytic	
J95.00	HCC211	Respirator Dependence/Tracheostomy Status/Complications	
J95.01	HCC211	Respirator Dependence/Tracheostomy Status/Complications	
J95.02	HCC211	Respirator Dependence/Tracheostomy Status/Complications	
J95.03	HCC211	Respirator Dependence/Tracheostomy Status/Complications	
J95.04	HCC211	Respirator Dependence/Tracheostomy Status/Complications	
J95.09	HCC211	Respirator Dependence/Tracheostomy Status/Complications	
J95.850	HCC211	Respirator Dependence/Tracheostomy Status/Complications	
J95.851	HCC211	Respirator Dependence/Tracheostomy Status/Complications	
J95.859	HCC211	Respirator Dependence/Tracheostomy Status/Complications	
J96.00	HCC213	Cardio-Respiratory Failure and Shock	
J96.01	HCC213	Cardio-Respiratory Failure and Shock	
J96.02	HCC213	Cardio-Respiratory Failure and Shock	
J96.10	HCC213	Cardio-Respiratory Failure and Shock	
J96.11	HCC213	Cardio-Respiratory Failure and Shock	
J96.12	HCC213	Cardio-Respiratory Failure and Shock	
J96.20	HCC213	Cardio-Respiratory Failure and Shock	
J96.21	HCC213	Cardio-Respiratory Failure and Shock	
J96.22	HCC213	Cardio-Respiratory Failure and Shock	
J96.90	HCC213	Cardio-Respiratory Failure and Shock	
J96.91	HCC213	Cardio-Respiratory Failure and Shock	
J96.92	HCC213	Cardio-Respiratory Failure and Shock	
J98.2	HCC280	Chronic Obstructive Pulmonary Disease, Interstitial Lung Disorders, and Other Chronic Lung Disorders	age: age >= 18
J98.3	HCC280	Chronic Obstructive Pulmonary Disease, Interstitial Lung Disorders, and Other Chronic Lung Disorders	age: age >= 18
J99	HCC280	Chronic Obstructive Pulmonary Disease, Interstitial Lung Disorders, and Other Chronic Lung Disorders	
K25.1	HCC78	Intestinal Obstruction/Perforation	
K25.2	HCC78	Intestinal Obstruction/Perforation	
K25.5	HCC78	Intestinal Obstruction/Perforation	
K25.6	HCC78	Intestinal Obstruction/Perforation	
K26.1	HCC78	Intestinal Obstruction/Perforation	
K26.2	HCC78	Intestinal Obstruction/Perforation	
K26.5	HCC78	Intestinal Obstruction/Perforation	
K26.6	HCC78	Intestinal Obstruction/Perforation	
K27.1	HCC78	Intestinal Obstruction/Perforation	
K27.2	HCC78	Intestinal Obstruction/Perforation	
K27.5	HCC78	Intestinal Obstruction/Perforation	
K27.6	HCC78	Intestinal Obstruction/Perforation	
K28.1	HCC78	Intestinal Obstruction/Perforation	
K28.2	HCC78	Intestinal Obstruction/Perforation	
K28.5	HCC78	Intestinal Obstruction/Perforation	
K28.6	HCC78	Intestinal Obstruction/Perforation	
K50.00	HCC80	Crohn's Disease (Regional Enteritis)	
K50.011	HCC80	Crohn's Disease (Regional Enteritis)	
K50.012	HCC78	Intestinal Obstruction/Perforation	
K50.012	HCC80	Crohn's Disease (Regional Enteritis)	
K50.013	HCC80	Crohn's Disease (Regional Enteritis)	
K50.014	HCC80	Crohn's Disease (Regional Enteritis)	
K50.018	HCC80	Crohn's Disease (Regional Enteritis)	
K50.019	HCC80	Crohn's Disease (Regional Enteritis)	
K50.10	HCC80	Crohn's Disease (Regional Enteritis)	
K50.111	HCC80	Crohn's Disease (Regional Enteritis)	
K50.112	HCC78	Intestinal Obstruction/Perforation	
K50.112	HCC80	Crohn's Disease (Regional Enteritis)	
K50.113	HCC80	Crohn's Disease (Regional Enteritis)	
K50.114	HCC80	Crohn's Disease (Regional Enteritis)	
K50.118	HCC80	Crohn's Disease (Regional Enteritis)	
K50.119	HCC80	Crohn's Disease (Regional Enteritis)	
K50.80	HCC80	Crohn's Disease (Regional Enteritis)	
K50.811	HCC80	Crohn's Disease (Regional Enteritis)	
K50.812	HCC78	Intestinal Obstruction/Perforation	
K50.812	HCC80	Crohn's Disease (Regional Enteritis)	
K50.813	HCC80	Crohn's Disease (Regional Enteritis)	
K50.814	HCC80	Crohn's Disease (Regional Enteritis)	
K50.818	HCC80	Crohn's Disease (Regional Enteritis)	
K50.819	HCC80	Crohn's Disease (Regional Enteritis)	
K50.90	HCC80	Crohn's Disease (Regional Enteritis)	
K50.911	HCC80	Crohn's Disease (Regional Enteritis)	
K50.912	HCC78	Intestinal Obstruction/Perforation	
K50.912	HCC80	Crohn's Disease (Regional Enteritis)	
K50.913	HCC80	Crohn's Disease (Regional Enteritis)	
K50.914	HCC80	Crohn's Disease (Regional Enteritis)	
K50.918	HCC80	Crohn's Disease (Regional Enteritis)	
K50.919	HCC80	Crohn's Disease (Regional Enteritis)	
K51.00	HCC81	Ulcerative Colitis	
K51.011	HCC81	Ulcerative Colitis	
K51.012	HCC78	Intestinal Obstruction/Perforation	
K51.012	HCC81	Ulcerative Colitis	
K51.013	HCC81	Ulcerative Colitis	
K51.014	HCC81	Ulcerative Colitis	
K51.018	HCC81	Ulcerative Colitis	
K51.019	HCC81	Ulcerative Colitis	
K51.20	HCC81	Ulcerative Colitis	
K51.211	HCC81	Ulcerative Colitis	
K51.212	HCC78	Intestinal Obstruction/Perforation	
K51.212	HCC81	Ulcerative Colitis	
K51.213	HCC81	Ulcerative Colitis	
K51.214	HCC81	Ulcerative Colitis	
K51.218	HCC81	Ulcerative Colitis	
K51.219	HCC81	Ulcerative Colitis	
K51.30	HCC81	Ulcerative Colitis	
K51.311	HCC81	Ulcerative Colitis	
K51.312	HCC78	Intestinal Obstruction/Perforation	
K51.312	HCC81	Ulcerative Colitis	
K51.313	HCC81	Ulcerative Colitis	
K51.314	HCC81	Ulcerative Colitis	
K51.318	HCC81	Ulcerative Colitis	
K51.319	HCC81	Ulcerative Colitis	
K51.40	HCC81	Ulcerative Colitis	
K51.411	HCC81	Ulcerative Colitis	
K51.412	HCC78	Intestinal Obstruction/Perforation	
K51.412	HCC81	Ulcerative Colitis	
K51.413	HCC81	Ulcerative Colitis	
K51.414	HCC81	Ulcerative Colitis	
K51.418	HCC81	Ulcerative Colitis	
K51.419	HCC81	Ulcerative Colitis	
K51.50	HCC81	Ulcerative Colitis	
K51.511	HCC81	Ulcerative Colitis	
K51.512	HCC78	Intestinal Obstruction/Perforation	
K51.512	HCC81	Ulcerative Colitis	
K51.513	HCC81	Ulcerative Colitis	
K51.514	HCC81	Ulcerative Colitis	
K51.518	HCC81	Ulcerative Colitis	
K51.519	HCC81	Ulcerative Colitis	
K51.80	HCC81	Ulcerative Colitis	
K51.811	HCC81	Ulcerative Colitis	
K51.812	HCC78	Intestinal Obstruction/Perforation	
K51.812	HCC81	Ulcerative Colitis	
K51.813	HCC81	Ulcerative Colitis	
K51.814	HCC81	Ulcerative Colitis	
K51.818	HCC81	Ulcerative Colitis	
K51.819	HCC81	Ulcerative Colitis	
K51.90	HCC81	Ulcerative Colitis	
K51.911	HCC81	Ulcerative Colitis	
K51.912	HCC78	Intestinal Obstruction/Perforation	
K51.912	HCC81	Ulcerative Colitis	
K51.913	HCC81	Ulcerative Colitis	
K51.914	HCC81	Ulcerative Colitis	
K51.918	HCC81	Ulcerative Colitis	
K51.919	HCC81	Ulcerative Colitis	
K56.0	HCC78	Intestinal Obstruction/Perforation	
K56.1	HCC78	Intestinal Obstruction/Perforation	
K56.2	HCC78	Intestinal Obstruction/Perforation	
K56.3	HCC78	Intestinal Obstruction/Perforation	
K56.41	HCC78	Intestinal Obstruction/Perforation	
K56.49	HCC78	Intestinal Obstruction/Perforation	
K56.50	HCC78	Intestinal Obstruction/Perforation	
K56.51	HCC78	Intestinal Obstruction/Perforation	
K56.52	HCC78	Intestinal Obstruction/Perforation	
K56.600	HCC78	Intestinal Obstruction/Perforation	
K56.601	HCC78	Intestinal Obstruction/Perforation	
K56.609	HCC78	Intestinal Obstruction/Perforation	
K56.690	HCC78	Intestinal Obstruction/Perforation	
K56.691	HCC78	Intestinal Obstruction/Perforation	
K56.699	HCC78	Intestinal Obstruction/Perforation	
K56.7	HCC78	Intestinal Obstruction/Perforation	
K59.31	HCC78	Intestinal Obstruction/Perforation	
K63.1	HCC78	Intestinal Obstruction/Perforation	
K65.0	HCC78	Intestinal Obstruction/Perforation	
K65.1	HCC78	Intestinal Obstruction/Perforation	
K65.2	HCC78	Intestinal Obstruction/Perforation	
K65.3	HCC78	Intestinal Obstruction/Perforation	
K65.4	HCC78	Intestinal Obstruction/Perforation	
K65.8	HCC78	Intestinal Obstruction/Perforation	
K65.9	HCC78	Intestinal Obstruction/Perforation	
K67	HCC78	Intestinal Obstruction/Perforation	
K68.12	HCC78	Intestinal Obstruction/Perforation	
K68.19	HCC78	Intestinal Obstruction/Perforation	
K70.10	HCC65	Chronic Hepatitis	mce: age >= 15
K70.11	HCC65	Chronic Hepatitis	mce: age >= 15
K70.30	HCC64	Cirrhosis of Liver	mce: age >= 15
K70.31	HCC64	Cirrhosis of Liver	mce: age >= 15
K70.40	HCC63	Chronic Liver Failure/End-Stage Liver Disorders	mce: age >= 15
K70.41	HCC63	Chronic Liver Failure/End-Stage Liver Disorders	mce: age >= 15
K71.3	HCC65	Chronic Hepatitis	
K71.4	HCC65	Chronic Hepatitis	
K71.50	HCC65	Chronic Hepatitis	
K71.51	HCC65	Chronic Hepatitis	
K71.7	HCC64	Cirrhosis of Liver	
K72.10	HCC63	Chronic Liver Failure/End-Stage Liver Disorders	
K72.11	HCC63	Chronic Liver Failure/End-Stage Liver Disorders	
K72.90	HCC63	Chronic Liver Failure/End-Stage Liver Disorders	
K72.91	HCC63	Chronic Liver Failure/End-Stage Liver Disorders	
K73.0	HCC65	Chronic Hepatitis	
K73.1	HCC65	Chronic Hepatitis	
K73.2	HCC65	Chronic Hepatitis	
K73.8	HCC65	Chronic Hepatitis	
K73.9	HCC65	Chronic Hepatitis	
K74.3	HCC68	Cholangitis and Obstruction of Bile Duct Without Gallstones	
K74.4	HCC64	Cirrhosis of Liver	
K74.5	HCC68	Cholangitis and Obstruction of Bile Duct Without Gallstones	
K74.60	HCC64	Cirrhosis of Liver	
K74.69	HCC64	Cirrhosis of Liver	
K75.4	HCC65	Chronic Hepatitis	
K76.6	HCC63	Chronic Liver Failure/End-Stage Liver Disorders	
K76.7	HCC63	Chronic Liver Failure/End-Stage Liver Disorders	
K76.81	HCC63	Chronic Liver Failure/End-Stage Liver Disorders	
K76.82	HCC63	Chronic Liver Failure/End-Stage Liver Disorders	
K83.01	HCC68	Cholangitis and Obstruction of Bile Duct Without Gallstones	
K83.09	HCC68	Cholangitis and Obstruction of Bile Duct Without Gallstones	
K83.1	HCC68	Cholangitis and Obstruction of Bile Duct Without Gallstones	
K86.0	HCC79	Chronic Pancreatitis	
K86.1	HCC79	Chronic Pancreatitis	
K91.850	HCC463	Artificial Openings for Feeding or Elimination	
K91.858	HCC463	Artificial Openings for Feeding or Elimination	
K94.00	HCC463	Artificial Openings for Feeding or Elimination	
K94.01	HCC463	Artificial Openings for Feeding or Elimination	
K94.02	HCC463	Artificial Openings for Feeding or Elimination	
K94.03	HCC463	Artificial Openings for Feeding or Elimination	
K94.09	HCC463	Artificial Openings for Feeding or Elimination	
K94.10	HCC463	Artificial Openings for Feeding or Elimination	
K94.11	HCC463	Artificial Openings for Feeding or Elimination	
K94.12	HCC463	Artificial Openings for Feeding or Elimination	
K94.13	HCC463	Artificial Openings for Feeding or Elimination	
K94.19	HCC463	Artificial Openings for Feeding or Elimination	
K94.20	HCC463	Artificial Openings for Feeding or Elimination	
K94.21	HCC463	Artificial Openings for Feeding or Elimination	
K94.22	HCC463	Artificial Openings for Feeding or Elimination	
K94.23	HCC463	Artificial Openings for Feeding or Elimination	
K94.29	HCC463	Artificial Openings for Feeding or Elimination	
K94.30	HCC463	Artificial Openings for Feeding or Elimination	
K94.31	HCC463	Artificial Openings for Feeding or Elimination	
K94.32	HCC463	Artificial Openings for Feeding or Elimination	
K94.33	HCC463	Artificial Openings for Feeding or Elimination	
K94.39	HCC463	Artificial Openings for Feeding or Elimination	
L10.0	HCC387	Pemphigus, Pemphigoid, and Other Specified Autoimmune Skin Disorders	
L10.1	HCC387	Pemphigus, Pemphigoid, and Other Specified Autoimmune Skin Disorders	
L10.2	HCC387	Pemphigus, Pemphigoid, and Other Specified Autoimmune Skin Disorders	
L10.3	HCC387	Pemphigus, Pemphigoid, and Other Specified Autoimmune Skin Disorders	
L10.4	HCC387	Pemphigus, Pemphigoid, and Other Specified Autoimmune Skin Disorders	
L10.81	HCC387	Pemphigus, Pemphigoid, and Other Specified Autoimmune Skin Disorders	
L10.89	HCC387	Pemphigus, Pemphigoid, and Other Specified Autoimmune Skin Disorders	
L10.9	HCC387	Pemphigus, Pemphigoid, and Other Specified Autoimmune Skin Disorders	
L12.0	HCC387	Pemphigus, Pemphigoid, and Other Specified Autoimmune Skin Disorders	
L12.1	HCC387	Pemphigus, Pemphigoid, and Other Specified Autoimmune Skin Disorders	
L12.8	HCC387	Pemphigus, Pemphigoid, and Other Specified Autoimmune Skin Disorders	
L12.9	HCC387	Pemphigus, Pemphigoid, and Other Specified Autoimmune Skin Disorders	
L40.50	HCC93	Rheumatoid Arthritis and Other Specified Inflammatory Rheumatic Disorders	
L40.51	HCC93	Rheumatoid Arthritis and Other Specified Inflammatory Rheumatic Disorders	
L40.52	HCC93	Rheumatoid Arthritis and Other Specified Inflammatory Rheumatic Disorders	
L40.53	HCC93	Rheumatoid Arthritis and Other Specified Inflammatory Rheumatic Disorders	
L40.54	HCC93	Rheumatoid Arthritis and Other Specified Inflammatory Rheumatic Disorders	
L40.59	HCC93	Rheumatoid Arthritis and Other Specified Inflammatory Rheumatic Disorders	
L88	HCC387	Pemphigus, Pemphigoid, and Other Specified Autoimmune Skin Disorders	
L89.000	HCC381	Pressure Ulcer of Skin with Full Thickness Skin Loss	
L89.002	HCC382	Pressure Ulcer of Skin with Partial Thickness Skin Loss	
L89.003	HCC381	Pressure Ulcer of Skin with Full Thickness Skin Loss	
L89.004	HCC379	Pressure Ulcer of Skin with Necrosis Through to Muscle, Tendon, or Bone	
L89.010	HCC381	Pressure Ulcer of Skin with Full Thickness Skin Loss	
L89.012	HCC382	Pressure Ulcer of Skin with Partial Thickness Skin Loss	
L89.013	HCC381	Pressure Ulcer of Skin with Full Thickness Skin Loss	
L89.014	HCC379	Pressure Ulcer of Skin with Necrosis Through to Muscle, Tendon, or Bone	
L89.020	HCC381	Pressure Ulcer of Skin with Full Thickness Skin Loss	
L89.022	HCC382	Pressure Ulcer of Skin with Partial Thickness Skin Loss	
L89.023	HCC381	Pressure Ulcer of Skin with Full Thickness Skin Loss	
L89.024	HCC379	Pressure Ulcer of Skin with Necrosis Through to Muscle, Tendon, or Bone	
L89.100	HCC381	Pressure Ulcer of Skin with Full Thickness Skin Loss	
L89.102	HCC382	Pressure Ulcer of Skin with Partial Thickness Skin Loss	
L89.103	HCC381	Pressure Ulcer of Skin with Full Thickness Skin Loss	
L89.104	HCC379	Pressure Ulcer of Skin with Necrosis Through to Muscle, Tendon, or Bone	
L89.110	HCC381	Pressure Ulcer of Skin with Full Thickness Skin Loss	
L89.112	HCC382	Pressure Ulcer of Skin with Partial Thickness Skin Loss	
L89.113	HCC381	Pressure Ulcer of Skin with Full Thickness Skin Loss	
L89.114	HCC379	Pressure Ulcer of Skin with Necrosis Through to Muscle, Tendon, or Bone	
L89.120	HCC381	Pressure Ulcer of Skin with Full Thickness Skin Loss	
L89.122	HCC382	Pressure Ulcer of Skin with Partial Thickness Skin Loss	
L89.123	HCC381	Pressure Ulcer of Skin with Full Thickness Skin Loss	
L89.124	HCC379	Pressure Ulcer of Skin with Necrosis Through to Muscle, Tendon, or Bone	
L89.130	HCC381	Pressure Ulcer of Skin with Full Thickness Skin Loss	
L89.132	HCC382	Pressure Ulcer of Skin with Partial Thickness Skin Loss	
L89.133	HCC381	Pressure Ulcer of Skin with Full Thickness Skin Loss	
L89.134	HCC379	Pressure Ulcer of Skin with Necrosis Through to Muscle, Tendon, or Bone	
L89.140	HCC381	Pressure Ulcer of Skin with Full Thickness Skin Loss	
L89.142	HCC382	Pressure Ulcer of Skin with Partial Thickness Skin Loss	
L89.143	HCC381	Pressure Ulcer of Skin with Full Thickness Skin Loss	
L89.144	HCC379	Pressure Ulcer of Skin with Necrosis Through to Muscle, Tendon, or Bone	
L89.150	HCC381	Pressure Ulcer of Skin with Full Thickness Skin Loss	
L89.152	HCC382	Pressure Ulcer of Skin with Partial Thickness Skin Loss	
L89.153	HCC381	Pressure Ulcer of Skin with Full Thickness Skin Loss	
L89.154	HCC379	Pressure Ulcer of Skin with Necrosis Through to Muscle, Tendon, or Bone	
L89.200	HCC381	Pressure Ulcer of Skin with Full Thickness Skin Loss	
L89.202	HCC382	Pressure Ulcer of Skin with Partial Thickness Skin Loss	
L89.203	HCC381	Pressure Ulcer of Skin with Full Thickness Skin Loss	
L89.204	HCC379	Pressure Ulcer of Skin with Necrosis Through to Muscle, Tendon, or Bone	
L89.210	HCC381	Pressure Ulcer of Skin with Full Thickness Skin Loss	
L89.212	HCC382	Pressure Ulcer of Skin with Partial Thickness Skin Loss	
L89.213	HCC381	Pressure Ulcer of Skin with Full Thickness Skin Loss	
L89.214	HCC379	Pressure Ulcer of Skin with Necrosis Through to Muscle, Tendon, or Bone	
L89.220	HCC381	Pressure Ulcer of Skin with Full Thickness Skin Loss	
L89.222	HCC382	Pressure Ulcer of Skin with Partial Thickness Skin Loss	
L89.223	HCC381	Pressure Ulcer of Skin with Full Thickness Skin Loss	
L89.224	HCC379	Pressure Ulcer of Skin with Necrosis Through to Muscle, Tendon, or Bone	
L89.300	HCC381	Pressure Ulcer of Skin with Full Thickness Skin Loss	
L89.302	HCC382	Pressure Ulcer of Skin with Partial Thickness Skin Loss	
L89.303	HCC381	Pressure Ulcer of Skin with Full Thickness Skin Loss	
L89.304	HCC379	Pressure Ulcer of Skin with Necrosis Through to Muscle, Tendon, or Bone	
L89.310	HCC381	Pressure Ulcer of Skin with Full Thickness Skin Loss	
L89.312	HCC382	Pressure Ulcer of Skin with Partial Thickness Skin Loss	
L89.313	HCC381	Pressure Ulcer of Skin with Full Thickness Skin Loss	
L89.314	HCC379	Pressure Ulcer of Skin with Necrosis Through to Muscle, Tendon, or Bone	
L89.320	HCC381	Pressure Ulcer of Skin with Full Thickness Skin Loss	
L89.322	HCC382	Pressure Ulcer of Skin with Partial Thickness Skin Loss	
L89.323	HCC381	Pressure Ulcer of Skin with Full Thickness Skin Loss	
L89.324	HCC379	Pressure Ulcer of Skin with Necrosis Through to Muscle, Tendon, or Bone	
L89.42	HCC382	Pressure Ulcer of Skin with Partial Thickness Skin Loss	
L89.43	HCC381	Pressure Ulcer of Skin with Full Thickness Skin Loss	
L89.44	HCC379	Pressure Ulcer of Skin with Necrosis Through to Muscle, Tendon, or Bone	
L89.45	HCC381	Pressure Ulcer of Skin with Full Thickness Skin Loss	
L89.500	HCC381	Pressure Ulcer of Skin with Full Thickness Skin Loss	
L89.502	HCC382	Pressure Ulcer of Skin with Partial Thickness Skin Loss	
L89.503	HCC381	Pressure Ulcer of Skin with Full Thickness Skin Loss	
L89.504	HCC379	Pressure Ulcer of Skin with Necrosis Through to Muscle, Tendon, or Bone	
L89.510	HCC381	Pressure Ulcer of Skin with Full Thickness Skin Loss	
L89.512	HCC382	Pressure Ulcer of Skin with Partial Thickness Skin Loss	
L89.513	HCC381	Pressure Ulcer of Skin with Full Thickness Skin Loss	
L89.514	HCC379	Pressure Ulcer of Skin with Necrosis Through to Muscle, Tendon, or Bone	
L89.520	HCC381	Pressure Ulcer of Skin with Full Thickness Skin Loss	
L89.522	HCC382	Pressure Ulcer of Skin with Partial Thickness Skin Loss	
L89.523	HCC381	Pressure Ulcer of Skin with Full Thickness Skin Loss	
L89.524	HCC379	Pressure Ulcer of Skin with Necrosis Through to Muscle, Tendon, or Bone	
L89.600	HCC381	Pressure Ulcer of Skin with Full Thickness Skin Loss	
L89.602	HCC382	Pressure Ulcer of Skin with Partial Thickness Skin Loss	
L89.603	HCC381	Pressure Ulcer of Skin with Full Thickness Skin Loss	
L89.604	HCC379	Pressure Ulcer of Skin with Necrosis Through to Muscle, Tendon, or Bone	
L89.610	HCC381	Pressure Ulcer of Skin with Full Thickness Skin Loss	
L89.612	HCC382	Pressure Ulcer of Skin with Partial Thickness Skin Loss	
L89.613	HCC381	Pressure Ulcer of Skin with Full Thickness Skin Loss	
L89.614	HCC379	Pressure Ulcer of Skin with Necrosis Through to Muscle, Tendon, or Bone	
L89.620	HCC381	Pressure Ulcer of Skin with Full Thickness Skin Loss	
L89.622	HCC382	Pressure Ulcer of Skin with Partial Thickness Skin Loss	
L89.623	HCC381	Pressure Ulcer of Skin with Full Thickness Skin Loss	
L89.624	HCC379	Pressure Ulcer of Skin with Necrosis Through to Muscle, Tendon, or Bone	
L89.810	HCC381	Pressure Ulcer of Skin with Full Thickness Skin Loss	
L89.812	HCC382	Pressure Ulcer of Skin with Partial Thickness Skin Loss	
L89.813	HCC381	Pressure Ulcer of Skin with Full Thickness Skin Loss	
L89.814	HCC379	Pressure Ulcer of Skin with Necrosis Through to Muscle, Tendon, or Bone	
L89.890	HCC381	Pressure Ulcer of Skin with Full Thickness Skin Loss	
L89.892	HCC382	Pressure Ulcer of Skin with Partial Thickness Skin Loss	
L89.893	HCC381	Pressure Ulcer of Skin with Full Thickness Skin Loss	
L89.894	HCC379	Pressure Ulcer of Skin with Necrosis Through to Muscle, Tendon, or Bone	
L89.92	HCC382	Pressure Ulcer of Skin with Partial Thickness Skin Loss	
L89.93	HCC381	Pressure Ulcer of Skin with Full Thickness Skin Loss	
L89.94	HCC379	Pressure Ulcer of Skin with Necrosis Through to Muscle, Tendon, or Bone	
L89.95	HCC381	Pressure Ulcer of Skin with Full Thickness Skin Loss	
L97.101	HCC383	Chronic Ulcer of Skin, Except Pressure, Not Specified as Through to Bone or Muscle	
L97.102	HCC383	Chronic Ulcer of Skin, Except Pressure, Not Specified as Through to Bone or Muscle	
L97.103	HCC380	Chronic Ulcer of Skin, Except Pressure, Through to Bone or Muscle	
L97.104	HCC380	Chronic Ulcer of Skin, Except Pressure, Through to Bone or Muscle	
L97.105	HCC380	Chronic Ulcer of Skin, Except Pressure, Through to Bone or Muscle	
L97.106	HCC380	Chronic Ulcer of Skin, Except Pressure, Through to Bone or Muscle	
L97.108	HCC383	Chronic Ulcer of Skin, Except Pressure, Not Specified as Through to Bone or Muscle	
L97.109	HCC383	Chronic Ulcer of Skin, Except Pressure, Not Specified as Through to Bone or Muscle	
L97.111	HCC383	Chronic Ulcer of Skin, Except Pressure, Not Specified as Through to Bone or Muscle	
L97.112	HCC383	Chronic Ulcer of Skin, Except Pressure, Not Specified as Through to Bone or Muscle	
L97.113	HCC380	Chronic Ulcer of Skin, Except Pressure, Through to Bone or Muscle	
L97.114	HCC380	Chronic Ulcer of Skin, Except Pressure, Through to Bone or Muscle	
L97.115	HCC380	Chronic Ulcer of Skin, Except Pressure, Through to Bone or Muscle	
L97.116	HCC380	Chronic Ulcer of Skin, Except Pressure, Through to Bone or Muscle	
L97.118	HCC383	Chronic Ulcer of Skin, Except Pressure, Not Specified as Through to Bone or Muscle	
L97.119	HCC383	Chronic Ulcer of Skin, Except Pressure, Not Specified as Through to Bone or Muscle	
L97.121	HCC383	Chronic Ulcer of Skin, Except Pressure, Not Specified as Through to Bone or Muscle	
L97.122	HCC383	Chronic Ulcer of Skin, Except Pressure, Not Specified as Through to Bone or Muscle	
L97.123	HCC380	Chronic Ulcer of Skin, Except Pressure, Through to Bone or Muscle	
L97.124	HCC380	Chronic Ulcer of Skin, Except Pressure, Through to Bone or Muscle	
L97.125	HCC380	Chronic Ulcer of Skin, Except Pressure, Through to Bone or Muscle	
L97.126	HCC380	Chronic Ulcer of Skin, Except Pressure, Through to Bone or Muscle	
L97.128	HCC383	Chronic Ulcer of Skin, Except Pressure, Not Specified as Through to Bone or Muscle	
L97.129	HCC383	Chronic Ulcer of Skin, Except Pressure, Not Specified as Through to Bone or Muscle	
L97.201	HCC383	Chronic Ulcer of Skin, Except Pressure, Not Specified as Through to Bone or Muscle	
L97.202	HCC383	Chronic Ulcer of Skin, Except Pressure, Not Specified as Through to Bone or Muscle	
L97.203	HCC380	Chronic Ulcer of Skin, Except Pressure, Through to Bone or Muscle	
L97.204	HCC380	Chronic Ulcer of Skin, Except Pressure, Through to Bone or Muscle	
L97.205	HCC380	Chronic Ulcer of Skin, Except Pressure, Through to Bone or Muscle	
L97.206	HCC380	Chronic Ulcer of Skin, Except Pressure, Through to Bone or Muscle	
L97.208	HCC383	Chronic Ulcer of Skin, Except Pressure, Not Specified as Through to Bone or Muscle	
L97.209	HCC383	Chronic Ulcer of Skin, Except Pressure, Not Specified as Through to Bone or Muscle	
L97.211	HCC383	Chronic Ulcer of Skin, Except Pressure, Not Specified as Through to Bone or Muscle	
L97.212	HCC383	Chronic Ulcer of Skin, Except Pressure, Not Specified as Through to Bone or Muscle	
L97.213	HCC380	Chronic Ulcer of Skin, Except Pressure, Through to Bone or Muscle	
L97.214	HCC380	Chronic Ulcer of Skin, Except Pressure, Through to Bone or Muscle	
L97.215	HCC380	Chronic Ulcer of Skin, Except Pressure, Through to Bone or Muscle	
L97.216	HCC380	Chronic Ulcer of Skin, Except Pressure, Through to Bone or Muscle	
L97.218	HCC383	Chronic Ulcer of Skin, Except Pressure, Not Specified as Through to Bone or Muscle	
L97.219	HCC383	Chronic Ulcer of Skin, Except Pressure, Not Specified as Through to Bone or Muscle	
L97.221	HCC383	Chronic Ulcer of Skin, Except Pressure, Not Specified as Through to Bone or Muscle	
L97.222	HCC383	Chronic Ulcer of Skin, Except Pressure, Not Specified as Through to Bone or Muscle	
L97.223	HCC380	Chronic Ulcer of Skin, Except Pressure, Through to Bone or Muscle	
L97.224	HCC380	Chronic Ulcer of Skin, Except Pressure, Through to Bone or Muscle	
L97.225	HCC380	Chronic Ulcer of Skin, Except Pressure, Through to Bone or Muscle	
L97.226	HCC380	Chronic Ulcer of Skin, Except Pressure, Through to Bone or Muscle	
L97.228	HCC383	Chronic Ulcer of Skin, Except Pressure, Not Specified as Through to Bone or Muscle	
L97.229	HCC383	Chronic Ulcer of Skin, Except Pressure, Not Specified as Through to Bone or Muscle	
L97.301	HCC383	Chronic Ulcer of Skin, Except Pressure, Not Specified as Through to Bone or Muscle	
L97.302	HCC383	Chronic Ulcer of Skin, Except Pressure, Not Specified as Through to Bone or Muscle	
L97.303	HCC380	Chronic Ulcer of Skin, Except Pressure, Through to Bone or Muscle	
L97.304	HCC380	Chronic Ulcer of Skin, Except Pressure, Through to Bone or Muscle	
L97.305	HCC380	Chronic Ulcer of Skin, Except Pressure, Through to Bone or Muscle	
L97.306	HCC380	Chronic Ulcer of Skin, Except Pressure, Through to Bone or Muscle	
L97.308	HCC383	Chronic Ulcer of Skin, Except Pressure, Not Specified as Through to Bone or Muscle	
L97.309	HCC383	Chronic Ulcer of Skin, Except Pressure, Not Specified as Through to Bone or Muscle	
L97.311	HCC383	Chronic Ulcer of Skin, Except Pressure, Not Specified as Through to Bone or Muscle	
L97.312	HCC383	Chronic Ulcer of Skin, Except Pressure, Not Specified as Through to Bone or Muscle	
L97.313	HCC380	Chronic Ulcer of Skin, Except Pressure, Through to Bone or Muscle	
L97.314	HCC380	Chronic Ulcer of Skin, Except Pressure, Through to Bone or Muscle	
L97.315	HCC380	Chronic Ulcer of Skin, Except Pressure, Through to Bone or Muscle	
L97.316	HCC380	Chronic Ulcer of Skin, Except Pressure, Through to Bone or Muscle	
L97.318	HCC383	Chronic Ulcer of Skin, Except Pressure, Not Specified as Through to Bone or Muscle	
L97.319	HCC383	Chronic Ulcer of Skin, Except Pressure, Not Specified as Through to Bone or Muscle	
L97.321	HCC383	Chronic Ulcer of Skin, Except Pressure, Not Specified as Through to Bone or Muscle	
L97.322	HCC383	Chronic Ulcer of Skin, Except Pressure, Not Specified as Through to Bone or Muscle	
L97.323	HCC380	Chronic Ulcer of Skin, Except Pressure, Through to Bone or Muscle	
L97.324	HCC380	Chronic Ulcer of Skin, Except Pressure, Through to Bone or Muscle	
L97.325	HCC380	Chronic Ulcer of Skin, Except Pressure, Through to Bone or Muscle	
L97.326	HCC380	Chronic Ulcer of Skin, Except Pressure, Through to Bone or Muscle	
L97.328	HCC383	Chronic Ulcer of Skin, Except Pressure, Not Specified as Through to Bone or Muscle	
L97.329	HCC383	Chronic Ulcer of Skin, Except Pressure, Not Specified as Through to Bone or Muscle	
L97.401	HCC383	Chronic Ulcer of Skin, Except Pressure, Not Specified as Through to Bone or Muscle	
L97.402	HCC383	Chronic Ulcer of Skin, Except Pressure, Not Specified as Through to Bone or Muscle	
L97.403	HCC380	Chronic Ulcer of Skin, Except Pressure, Through to Bone or Muscle	
L97.404	HCC380	Chronic Ulcer of Skin, Except Pressure, Through to Bone or Muscle	
L97.405	HCC380	Chronic Ulcer of Skin, Except Pressure, Through to Bone or Muscle	
L97.406	HCC380	Chronic Ulcer of Skin, Except Pressure, Through to Bone or Muscle	
L97.408	HCC383	Chronic Ulcer of Skin, Except Pressure, Not Specified as Through to Bone or Muscle	
L97.409	HCC383	Chronic Ulcer of Skin, Except Pressure, Not Specified as Through to Bone or Muscle	
L97.411	HCC383	Chronic Ulcer of Skin, Except Pressure, Not Specified as Through to Bone or Muscle	
L97.412	HCC383	Chronic Ulcer of Skin, Except Pressure, Not Specified as Through to Bone or Muscle	
L97.413	HCC380	Chronic Ulcer of Skin, Except Pressure, Through to Bone or Muscle	
L97.414	HCC380	Chronic Ulcer of Skin, Except Pressure, Through to Bone or Muscle	
L97.415	HCC380	Chronic Ulcer of Skin, Except Pressure, Through to Bone or Muscle	
L97.416	HCC380	Chronic Ulcer of Skin, Except Pressure, Through to Bone or Muscle	
L97.418	HCC383	Chronic Ulcer of Skin, Except Pressure, Not Specified as Through to Bone or Muscle	
L97.419	HCC383	Chronic Ulcer of Skin, Except Pressure, Not Specified as Through to Bone or Muscle	
L97.421	HCC383	Chronic Ulcer of Skin, Except Pressure, Not Specified as Through to Bone or Muscle	
L97.422	HCC383	Chronic Ulcer of Skin, Except Pressure, Not Specified as Through to Bone or Muscle	
L97.423	HCC380	Chronic Ulcer of Skin, Except Pressure, Through to Bone or Muscle	
L97.424	HCC380	Chronic Ulcer of Skin, Except Pressure, Through to Bone or Muscle	
L97.425	HCC380	Chronic Ulcer of Skin, Except Pressure, Through to Bone or Muscle	
L97.426	HCC380	Chronic Ulcer of Skin, Except Pressure, Through to Bone or Muscle	
L97.428	HCC383	Chronic Ulcer of Skin, Except Pressure, Not Specified as Through to Bone or Muscle	
L97.429	HCC383	Chronic Ulcer of Skin, Except Pressure, Not Specified as Through to Bone or Muscle	
L97.501	HCC383	Chronic Ulcer of Skin, Except Pressure, Not Specified as Through to Bone or Muscle	
L97.502	HCC383	Chronic Ulcer of Skin, Except Pressure, Not Specified as Through to Bone or Muscle	
L97.503	HCC380	Chronic Ulcer of Skin, Except Pressure, Through to Bone or Muscle	
L97.504	HCC380	Chronic Ulcer of Skin, Except Pressure, Through to Bone or Muscle	
L97.505	HCC380	Chronic Ulcer of Skin, Except Pressure, Through to Bone or Muscle	
L97.506	HCC380	Chronic Ulcer of Skin, Except Pressure, Through to Bone or Muscle	
L97.508	HCC383	Chronic Ulcer of Skin, Except Pressure, Not Specified as Through to Bone or Muscle	
L97.509	HCC383	Chronic Ulcer of Skin, Except Pressure, Not Specified as Through to Bone or Muscle	
L97.511	HCC383	Chronic Ulcer of Skin, Except Pressure, Not Specified as Through to Bone or Muscle	
L97.512	HCC383	Chronic Ulcer of Skin, Except Pressure, Not Specified as Through to Bone or Muscle	
L97.513	HCC380	Chronic Ulcer of Skin, Except Pressure, Through to Bone or Muscle	
L97.514	HCC380	Chronic Ulcer of Skin, Except Pressure, Through to Bone or Muscle	
L97.515	HCC380	Chronic Ulcer of Skin, Except Pressure, Through to Bone or Muscle	
L97.516	HCC380	Chronic Ulcer of Skin, Except Pressure, Through to Bone or Muscle	
L97.518	HCC383	Chronic Ulcer of Skin, Except Pressure, Not Specified as Through to Bone or Muscle	
L97.519	HCC383	Chronic Ulcer of Skin, Except Pressure, Not Specified as Through to Bone or Muscle	
L97.521	HCC383	Chronic Ulcer of Skin, Except Pressure, Not Specified as Through to Bone or Muscle	
L97.522	HCC383	Chronic Ulcer of Skin, Except Pressure, Not Specified as Through to Bone or Muscle	
L97.523	HCC380	Chronic Ulcer of Skin, Except Pressure, Through to Bone or Muscle	
L97.524	HCC380	Chronic Ulcer of Skin, Except Pressure, Through to Bone or Muscle	
L97.525	HCC380	Chronic Ulcer of Skin, Except Pressure, Through to Bone or Muscle	
L97.526	HCC380	Chronic Ulcer of Skin, Except Pressure, Through to Bone or Muscle	
L97.528	HCC383	Chronic Ulcer of Skin, Except Pressure, Not Specified as Through to Bone or Muscle	
L97.529	HCC383	Chronic Ulcer of Skin, Except Pressure, Not Specified as Through to Bone or Muscle	
L97.801	HCC383	Chronic Ulcer of Skin, Except Pressure, Not Specified as Through to Bone or Muscle	
L97.802	HCC383	Chronic Ulcer of Skin, Except Pressure, Not Specified as Through to Bone or Muscle	
L97.803	HCC380	Chronic Ulcer of Skin, Except Pressure, Through to Bone or Muscle	
L97.804	HCC380	Chronic Ulcer of Skin, Except Pressure, Through to Bone or Muscle	
L97.805	HCC380	Chronic Ulcer of Skin, Except Pressure, Through to Bone or Muscle	
L97.806	HCC380	Chronic Ulcer of Skin, Except Pressure, Through to Bone or Muscle	
L97.808	HCC383	Chronic Ulcer of Skin, Except Pressure, Not Specified as Through to Bone or Muscle	
L97.809	HCC383	Chronic Ulcer of Skin, Except Pressure, Not Specified as Through to Bone or Muscle	
L97.811	HCC383	Chronic Ulcer of Skin, Except Pressure, Not Specified as Through to Bone or Muscle	
L97.812	HCC383	Chronic Ulcer of Skin, Except Pressure, Not Specified as Through to Bone or Muscle	
L97.813	HCC380	Chronic Ulcer of Skin, Except Pressure, Through to Bone or Muscle	
L97.814	HCC380	Chronic Ulcer of Skin, Except Pressure, Through to Bone or Muscle	
L97.815	HCC380	Chronic Ulcer of Skin, Except Pressure, Through to Bone or Muscle	
L97.816	HCC380	Chronic Ulcer of Skin, Except Pressure, Through to Bone or Muscle	
L97.818	HCC383	Chronic Ulcer of Skin, Except Pressure, Not Specified as Through to Bone or Muscle	
L97.819	HCC383	Chronic Ulcer of Skin, Except Pressure, Not Specified as Through to Bone or Muscle	
L97.821	HCC383	Chronic Ulcer of Skin, Except Pressure, Not Specified as Through to Bone or Muscle	
L97.822	HCC383	Chronic Ulcer of Skin, Except Pressure, Not Specified as Through to Bone or Muscle	
L97.823	HCC380	Chronic Ulcer of Skin, Except Pressure, Through to Bone or Muscle	
L97.824	HCC380	Chronic Ulcer of Skin, Except Pressure, Through to Bone or Muscle	
L97.825	HCC380	Chronic Ulcer of Skin, Except Pressure, Through to Bone or Muscle	
L97.826	HCC380	Chronic Ulcer of Skin, Except Pressure, Through to Bone or Muscle	
L97.828	HCC383	Chronic Ulcer of Skin, Except Pressure, Not Specified as Through to Bone or Muscle	
L97.829	HCC383	Chronic Ulcer of Skin, Except Pressure, Not Specified as Through to Bone or Muscle	
L97.901	HCC383	Chronic Ulcer of Skin, Except Pressure, Not Specified as Through to Bone or Muscle	
L97.902	HCC383	Chronic Ulcer of Skin, Except Pressure, Not Specified as Through to Bone or Muscle	
L97.903	HCC380	Chronic Ulcer of Skin, Except Pressure, Through to Bone or Muscle	
L97.904	HCC380	Chronic Ulcer of Skin, Except Pressure, Through to Bone or Muscle	
L97.905	HCC380	Chronic Ulcer of Skin, Except Pressure, Through to Bone or Muscle	
L97.906	HCC380	Chronic Ulcer of Skin, Except Pressure, Through to Bone or Muscle	
L97.908	HCC383	Chronic Ulcer of Skin, Except Pressure, Not Specified as Through to Bone or Muscle	
L97.909	HCC383	Chronic Ulcer of Skin, Except Pressure, Not Specified as Through to Bone or Muscle	
L97.911	HCC383	Chronic Ulcer of Skin, Except Pressure, Not Specified as Through to Bone or Muscle	
L97.912	HCC383	Chronic Ulcer of Skin, Except Pressure, Not Specified as Through to Bone or Muscle	
L97.913	HCC380	Chronic Ulcer of Skin, Except Pressure, Through to Bone or Muscle	
L97.914	HCC380	Chronic Ulcer of Skin, Except Pressure, Through to Bone or Muscle	
L97.915	HCC380	Chronic Ulcer of Skin, Except Pressure, Through to Bone or Muscle	
L97.916	HCC380	Chronic Ulcer of Skin, Except Pressure, Through to Bone or Muscle	
L97.918	HCC383	Chronic Ulcer of Skin, Except Pressure, Not Specified as Through to Bone or Muscle	
L97.919	HCC383	Chronic Ulcer of Skin, Except Pressure, Not Specified as Through to Bone or Muscle	
L97.921	HCC383	Chronic Ulcer of Skin, Except Pressure, Not Specified as Through to Bone or Muscle	
L97.922	HCC383	Chronic Ulcer of Skin, Except Pressure, Not Specified as Through to Bone or Muscle	
L97.923	HCC380	Chronic Ulcer of Skin, Except Pressure, Through to Bone or Muscle	
L97.924	HCC380	Chronic Ulcer of Skin, Except Pressure, Through to Bone or Muscle	
L97.925	HCC380	Chronic Ulcer of Skin, Except Pressure, Through to Bone or Muscle	
L97.926	HCC380	Chronic Ulcer of Skin, Except Pressure, Through to Bone or Muscle	
L97.928	HCC383	Chronic Ulcer of Skin, Except Pressure, Not Specified as Through to Bone or Muscle	
L97.929	HCC383	Chronic Ulcer of Skin, Except Pressure, Not Specified as Through to Bone or Muscle	
L98.411	HCC383	Chronic Ulcer of Skin, Except Pressure, Not Specified as Through to Bone or Muscle	
L98.412	HCC383	Chronic Ulcer of Skin, Except Pressure, Not Specified as Through to Bone or Muscle	
L98.413	HCC380	Chronic Ulcer of Skin, Except Pressure, Through to Bone or Muscle	
L98.414	HCC380	Chronic Ulcer of Skin, Except Pressure, Through to Bone or Muscle	
L98.415	HCC380	Chronic Ulcer of Skin, Except Pressure, Through to Bone or Muscle	
L98.416	HCC380	Chronic Ulcer of Skin, Except Pressure, Through to Bone or Muscle	
L98.418	HCC383	Chronic Ulcer of Skin, Except Pressure, Not Specified as Through to Bone or Muscle	
L98.419	HCC383	Chronic Ulcer of Skin, Except Pressure, Not Specified as Through to Bone or Muscle	
L98.421	HCC383	Chronic Ulcer of Skin, Except Pressure, Not Specified as Through to Bone or Muscle	
L98.422	HCC383	Chronic Ulcer of Skin, Except Pressure, Not Specified as Through to Bone or Muscle	
L98.423	HCC380	Chronic Ulcer of Skin, Except Pressure, Through to Bone or Muscle	
L98.424	HCC380	Chronic Ulcer of Skin, Except Pressure, Through to Bone or Muscle	
L98.425	HCC380	Chronic Ulcer of Skin, Except Pressure, Through to Bone or Muscle	
L98.426	HCC380	Chronic Ulcer of Skin, Except Pressure, Through to Bone or Muscle	
L98.428	HCC383	Chronic Ulcer of Skin, Except Pressure, Not Specified as Through to Bone or Muscle	
L98.429	HCC383	Chronic Ulcer of Skin, Except Pressure, Not Specified as Through to Bone or Muscle	
L98.431	HCC383	Chronic Ulcer of Skin, Except Pressure, Not Specified as Through to Bone or Muscle	
L98.432	HCC383	Chronic Ulcer of Skin, Except Pressure, Not Specified as Through to Bone or Muscle	
L98.433	HCC380	Chronic Ulcer of Skin, Except Pressure, Through to Bone or Muscle	
L98.434	HCC380	Chronic Ulcer of Skin, Except Pressure, Through to Bone or Muscle	
L98.435	HCC380	Chronic Ulcer of Skin, Except Pressure, Through to Bone or Muscle	
L98.436	HCC380	Chronic Ulcer of Skin, Except Pressure, Through to Bone or Muscle	
L98.438	HCC383	Chronic Ulcer of Skin, Except Pressure, Not Specified as Through to Bone or Muscle	
L98.439	HCC383	Chronic Ulcer of Skin, Except Pressure, Not Specified as Through to Bone or Muscle	
L98.441	HCC383	Chronic Ulcer of Skin, Except Pressure, Not Specified as Through to Bone or Muscle	
L98.442	HCC383	Chronic Ulcer of Skin, Except Pressure, Not Specified as Through to Bone or Muscle	
L98.443	HCC380	Chronic Ulcer of Skin, Except Pressure, Through to Bone or Muscle	
L98.444	HCC380	Chronic Ulcer of Skin, Except Pressure, Through to Bone or Muscle	
L98.445	HCC380	Chronic Ulcer of Skin, Except Pressure, Through to Bone or Muscle	
L98.446	HCC380	Chronic Ulcer of Skin, Except Pressure, Through to Bone or Muscle	
L98.448	HCC383	Chronic Ulcer of Skin, Except Pressure, Not Specified as Through to Bone or Muscle	
L98.449	HCC383	Chronic Ulcer of Skin, Except Pressure, Not Specified as Through to Bone or Muscle	
L98.451	HCC383	Chronic Ulcer of Skin, Except Pressure, Not Specified as Through to Bone or Muscle	
L98.452	HCC383	Chronic Ulcer of Skin, Except Pressure, Not Specified as Through to Bone or Muscle	
L98.453	HCC380	Chronic Ulcer of Skin, Except Pressure, Through to Bone or Muscle	
L98.454	HCC380	Chronic Ulcer of Skin, Except Pressure, Through to Bone or Muscle	
L98.455	HCC380	Chronic Ulcer of Skin, Except Pressure, Through to Bone or Muscle	
L98.456	HCC380	Chronic Ulcer of Skin, Except Pressure, Through to Bone or Muscle	
L98.458	HCC383	Chronic Ulcer of Skin, Except Pressure, Not Specified as Through to Bone or Muscle	
L98.459	HCC383	Chronic Ulcer of Skin, Except Pressure, Not Specified as Through to Bone or Muscle	
L98.461	HCC383	Chronic Ulcer of Skin, Except Pressure, Not Specified as Through to Bone or Muscle	
L98.462	HCC383	Chronic Ulcer of Skin, Except Pressure, Not Specified as Through to Bone or Muscle	
L98.463	HCC380	Chronic Ulcer of Skin, Except Pressure, Through to Bone or Muscle	
L98.464	HCC380	Chronic Ulcer of Skin, Except Pressure, Through to Bone or Muscle	
L98.465	HCC380	Chronic Ulcer of Skin, Except Pressure, Through to Bone or Muscle	
L98.466	HCC380	Chronic Ulcer of Skin, Except Pressure, Through to Bone or Muscle	
L98.468	HCC383	Chronic Ulcer of Skin, Except Pressure, Not Specified as Through to Bone or Muscle	
L98.469	HCC383	Chronic Ulcer of Skin, Except Pressure, Not Specified as Through to Bone or Muscle	
L98.471	HCC383	Chronic Ulcer of Skin, Except Pressure, Not Specified as Through to Bone or Muscle	
L98.472	HCC383	Chronic Ulcer of Skin, Except Pressure, Not Specified as Through to Bone or Muscle	
L98.473	HCC380	Chronic Ulcer of Skin, Except Pressure, Through to Bone or Muscle	
L98.474	HCC380	Chronic Ulcer of Skin, Except Pressure, Through to Bone or Muscle	
L98.475	HCC380	Chronic Ulcer of Skin, Except Pressure, Through to Bone or Muscle	
L98.476	HCC380	Chronic Ulcer of Skin, Except Pressure, Through to Bone or Muscle	
L98.478	HCC383	Chronic Ulcer of Skin, Except Pressure, Not Specified as Through to Bone or Muscle	
L98.479	HCC383	Chronic Ulcer of Skin, Except Pressure, Not Specified as Through to Bone or Muscle	
L98.491	HCC383	Chronic Ulcer of Skin, Except Pressure, Not Specified as Through to Bone or Muscle	
L98.492	HCC383	Chronic Ulcer of Skin, Except Pressure, Not Specified as Through to Bone or Muscle	
L98.493	HCC380	Chronic Ulcer of Skin, Except Pressure, Through to Bone or Muscle	
L98.494	HCC380	Chronic Ulcer of Skin, Except Pressure, Through to Bone or Muscle	
L98.495	HCC380	Chronic Ulcer of Skin, Except Pressure, Through to Bone or Muscle	
L98.496	HCC380	Chronic Ulcer of Skin, Except Pressure, Through to Bone or Muscle	
L98.498	HCC383	Chronic Ulcer of Skin, Except Pressure, Not Specified as Through to Bone or Muscle	
L98.499	HCC383	Chronic Ulcer of Skin, Except Pressure, Not Specified as Through to Bone or Muscle	
L98.A111	HCC383	Chronic Ulcer of Skin, Except Pressure, Not Specified as Through to Bone or Muscle	
L98.A112	HCC383	Chronic Ulcer of Skin, Except Pressure, Not Specified as Through to Bone or Muscle	
L98.A113	HCC380	Chronic Ulcer of Skin, Except Pressure, Through to Bone or Muscle	
L98.A114	HCC380	Chronic Ulcer of Skin, Except Pressure, Through to Bone or Muscle	
L98.A115	HCC380	Chronic Ulcer of Skin, Except Pressure, Through to Bone or Muscle	
L98.A116	HCC380	Chronic Ulcer of Skin, Except Pressure, Through to Bone or Muscle	
L98.A118	HCC383	Chronic Ulcer of Skin, Except Pressure, Not Specified as Through to Bone or Muscle	
L98.A119	HCC383	Chronic Ulcer of Skin, Except Pressure, Not Specified as Through to Bone or Muscle	
L98.A121	HCC383	Chronic Ulcer of Skin, Except Pressure, Not Specified as Through to Bone or Muscle	
L98.A122	HCC383	Chronic Ulcer of Skin, Except Pressure, Not Specified as Through to Bone or Muscle	
L98.A123	HCC380	Chronic Ulcer of Skin, Except Pressure, Through to Bone or Muscle	
L98.A124	HCC380	Chronic Ulcer of Skin, Except Pressure, Through to Bone or Muscle	
L98.A125	HCC380	Chronic Ulcer of Skin, Except Pressure, Through to Bone or Muscle	
L98.A126	HCC380	Chronic Ulcer of Skin, Except Pressure, Through to Bone or Muscle	
L98.A128	HCC383	Chronic Ulcer of Skin, Except Pressure, Not Specified as Through to Bone or Muscle	
L98.A129	HCC383	Chronic Ulcer of Skin, Except Pressure, Not Specified as Through to Bone or Muscle	
L98.A191	HCC383	Chronic Ulcer of Skin, Except Pressure, Not Specified as Through to Bone or Muscle	
L98.A192	HCC383	Chronic Ulcer of Skin, Except Pressure, Not Specified as Through to Bone or Muscle	
L98.A193	HCC380	Chronic Ulcer of Skin, Except Pressure, Through to Bone or Muscle	
L98.A194	HCC380	Chronic Ulcer of Skin, Except Pressure, Through to Bone or Muscle	
L98.A195	HCC380	Chronic Ulcer of Skin, Except Pressure, Through to Bone or Muscle	
L98.A196	HCC380	Chronic Ulcer of Skin, Except Pressure, Through to Bone or Muscle	
L98.A198	HCC383	Chronic Ulcer of Skin, Except Pressure, Not Specified as Through to Bone or Muscle	
L98.A199	HCC383	Chronic Ulcer of Skin, Except Pressure, Not Specified as Through to Bone or Muscle	
L98.A211	HCC383	Chronic Ulcer of Skin, Except Pressure, Not Specified as Through to Bone or Muscle	
L98.A212	HCC383	Chronic Ulcer of Skin, Except Pressure, Not Specified as Through to Bone or Muscle	
L98.A213	HCC380	Chronic Ulcer of Skin, Except Pressure, Through to Bone or Muscle	
L98.A214	HCC380	Chronic Ulcer of Skin, Except Pressure, Through to Bone or Muscle	
L98.A215	HCC380	Chronic Ulcer of Skin, Except Pressure, Through to Bone or Muscle	
L98.A216	HCC380	Chronic Ulcer of Skin, Except Pressure, Through to Bone or Muscle	
L98.A218	HCC383	Chronic Ulcer of Skin, Except Pressure, Not Specified as Through to Bone or Muscle	
L98.A219	HCC383	Chronic Ulcer of Skin, Except Pressure, Not Specified as Through to Bone or Muscle	
L98.A221	HCC383	Chronic Ulcer of Skin, Except Pressure, Not Specified as Through to Bone or Muscle	
L98.A222	HCC383	Chronic Ulcer of Skin, Except Pressure, Not Specified as Through to Bone or Muscle	
L98.A223	HCC380	Chronic Ulcer of Skin, Except Pressure, Through to Bone or Muscle	
L98.A224	HCC380	Chronic Ulcer of Skin, Except Pressure, Through to Bone or Muscle	
L98.A225	HCC380	Chronic Ulcer of Skin, Except Pressure, Through to Bone or Muscle	
L98.A226	HCC380	Chronic Ulcer of Skin, Except Pressure, Through to Bone or Muscle	
L98.A228	HCC383	Chronic Ulcer of Skin, Except Pressure, Not Specified as Through to Bone or Muscle	
L98.A229	HCC383	Chronic Ulcer of Skin, Except Pressure, Not Specified as Through to Bone or Muscle	
L98.A291	HCC383	Chronic Ulcer of Skin, Except Pressure, Not Specified as Through to Bone or Muscle	
L98.A292	HCC383	Chronic Ulcer of Skin, Except Pressure, Not Specified as Through to Bone or Muscle	
L98.A293	HCC380	Chronic Ulcer of Skin, Except Pressure, Through to Bone or Muscle	
L98.A294	HCC380	Chronic Ulcer of Skin, Except Pressure, Through to Bone or Muscle	
L98.A295	HCC380	Chronic Ulcer of Skin, Except Pressure, Through to Bone or Muscle	
L98.A296	HCC380	Chronic Ulcer of Skin, Except Pressure, Through to Bone or Muscle	
L98.A298	HCC383	Chronic Ulcer of Skin, Except Pressure, Not Specified as Through to Bone or Muscle	
L98.A299	HCC383	Chronic Ulcer of Skin, Except Pressure, Not Specified as Through to Bone or Muscle	
L98.A311	HCC383	Chronic Ulcer of Skin, Except Pressure, Not Specified as Through to Bone or Muscle	
L98.A312	HCC383	Chronic Ulcer of Skin, Except Pressure, Not Specified as Through to Bone or Muscle	
L98.A313	HCC380	Chronic Ulcer of Skin, Except Pressure, Through to Bone or Muscle	
L98.A314	HCC380	Chronic Ulcer of Skin, Except Pressure, Through to Bone or Muscle	
L98.A315	HCC380	Chronic Ulcer of Skin, Except Pressure, Through to Bone or Muscle	
L98.A316	HCC380	Chronic Ulcer of Skin, Except Pressure, Through to Bone or Muscle	
L98.A318	HCC383	Chronic Ulcer of Skin, Except Pressure, Not Specified as Through to Bone or Muscle	
L98.A319	HCC383	Chronic Ulcer of Skin, Except Pressure, Not Specified as Through to Bone or Muscle	
L98.A321	HCC383	Chronic Ulcer of Skin, Except Pressure, Not Specified as Through to Bone or Muscle	
L98.A322	HCC383	Chronic Ulcer of Skin, Except Pressure, Not Specified as Through to Bone or Muscle	
L98.A323	HCC380	Chronic Ulcer of Skin, Except Pressure, Through to Bone or Muscle	
L98.A324	HCC380	Chronic Ulcer of Skin, Except Pressure, Through to Bone or Muscle	
L98.A325	HCC380	Chronic Ulcer of Skin, Except Pressure, Through to Bone or Muscle	
L98.A326	HCC380	Chronic Ulcer of Skin, Except Pressure, Through to Bone or Muscle	
L98.A328	HCC383	Chronic Ulcer of Skin, Except Pressure, Not Specified as Through to Bone or Muscle	
L98.A329	HCC383	Chronic Ulcer of Skin, Except Pressure, Not Specified as Through to Bone or Muscle	
L98.A391	HCC383	Chronic Ulcer of Skin, Except Pressure, Not Specified as Through to Bone or Muscle	
L98.A392	HCC383	Chronic Ulcer of Skin, Except Pressure, Not Specified as Through to Bone or Muscle	
L98.A393	HCC380	Chronic Ulcer of Skin, Except Pressure, Through to Bone or Muscle	
L98.A394	HCC380	Chronic Ulcer of Skin, Except Pressure, Through to Bone or Muscle	
L98.A395	HCC380	Chronic Ulcer of Skin, Except Pressure, Through to Bone or Muscle	
L98.A396	HCC380	Chronic Ulcer of Skin, Except Pressure, Through to Bone or Muscle	
L98.A398	HCC383	Chronic Ulcer of Skin, Except Pressure, Not Specified as Through to Bone or Muscle	
L98.A399	HCC383	Chronic Ulcer of Skin, Except Pressure, Not Specified as Through to Bone or Muscle	
M00.00	HCC92	Bone/Joint/Muscle/Severe Soft Tissue Infections/Necrosis	
M00.011	HCC92	Bone/Joint/Muscle/Severe Soft Tissue Infections/Necrosis	
M00.012	HCC92	Bone/Joint/Muscle/Severe Soft Tissue Infections/Necrosis	
M00.019	HCC92	Bone/Joint/Muscle/Severe Soft Tissue Infections/Necrosis	
M00.021	HCC92	Bone/Joint/Muscle/Severe Soft Tissue Infections/Necrosis	
M00.022	HCC92	Bone/Joint/Muscle/Severe Soft Tissue Infections/Necrosis	
M00.029	HCC92	Bone/Joint/Muscle/Severe Soft Tissue Infections/Necrosis	
M00.031	HCC92	Bone/Joint/Muscle/Severe Soft Tissue Infections/Necrosis	
M00.032	HCC92	Bone/Joint/Muscle/Severe Soft Tissue Infections/Necrosis	
M00.039	HCC92	Bone/Joint/Muscle/Severe Soft Tissue Infections/Necrosis	
M00.041	HCC92	Bone/Joint/Muscle/Severe Soft Tissue Infections/Necrosis	
M00.042	HCC92	Bone/Joint/Muscle/Severe Soft Tissue Infections/Necrosis	
M00.049	HCC92	Bone/Joint/Muscle/Severe Soft Tissue Infections/Necrosis	
M00.051	HCC92	Bone/Joint/Muscle/Severe Soft Tissue Infections/Necrosis	
M00.052	HCC92	Bone/Joint/Muscle/Severe Soft Tissue Infections/Necrosis	
M00.059	HCC92	Bone/Joint/Muscle/Severe Soft Tissue Infections/Necrosis	
M00.061	HCC92	Bone/Joint/Muscle/Severe Soft Tissue Infections/Necrosis	
M00.062	HCC92	Bone/Joint/Muscle/Severe Soft Tissue Infections/Necrosis	
M00.069	HCC92	Bone/Joint/Muscle/Severe Soft Tissue Infections/Necrosis	
M00.071	HCC92	Bone/Joint/Muscle/Severe Soft Tissue Infections/Necrosis	
M00.072	HCC92	Bone/Joint/Muscle/Severe Soft Tissue Infections/Necrosis	
M00.079	HCC92	Bone/Joint/Muscle/Severe Soft Tissue Infections/Necrosis	
M00.08	HCC92	Bone/Joint/Muscle/Severe Soft Tissue Infections/Necrosis	
M00.09	HCC92	Bone/Joint/Muscle/Severe Soft Tissue Infections/Necrosis	
M00.10	HCC92	Bone/Joint/Muscle/Severe Soft Tissue Infections/Necrosis	
M00.111	HCC92	Bone/Joint/Muscle/Severe Soft Tissue Infections/Necrosis	
M00.112	HCC92	Bone/Joint/Muscle/Severe Soft Tissue Infections/Necrosis	
M00.119	HCC92	Bone/Joint/Muscle/Severe Soft Tissue Infections/Necrosis	
M00.121	HCC92	Bone/Joint/Muscle/Severe Soft Tissue Infections/Necrosis	
M00.122	HCC92	Bone/Joint/Muscle/Severe Soft Tissue Infections/Necrosis	
M00.129	HCC92	Bone/Joint/Muscle/Severe Soft Tissue Infections/Necrosis	
M00.131	HCC92	Bone/Joint/Muscle/Severe Soft Tissue Infections/Necrosis	
M00.132	HCC92	Bone/Joint/Muscle/Severe Soft Tissue Infections/Necrosis	
M00.139	HCC92	Bone/Joint/Muscle/Severe Soft Tissue Infections/Necrosis	
M00.141	HCC92	Bone/Joint/Muscle/Severe Soft Tissue Infections/Necrosis	
M00.142	HCC92	Bone/Joint/Muscle/Severe Soft Tissue Infections/Necrosis	
M00.149	HCC92	Bone/Joint/Muscle/Severe Soft Tissue Infections/Necrosis	
M00.151	HCC92	Bone/Joint/Muscle/Severe Soft Tissue Infections/Necrosis	
M00.152	HCC92	Bone/Joint/Muscle/Severe Soft Tissue Infections/Necrosis	
M00.159	HCC92	Bone/Joint/Muscle/Severe Soft Tissue Infections/Necrosis	
M00.161	HCC92	Bone/Joint/Muscle/Severe Soft Tissue Infections/Necrosis	
M00.162	HCC92	Bone/Joint/Muscle/Severe Soft Tissue Infections/Necrosis	
M00.169	HCC92	Bone/Joint/Muscle/Severe Soft Tissue Infections/Necrosis	
M00.171	HCC92	Bone/Joint/Muscle/Severe Soft Tissue Infections/Necrosis	
M00.172	HCC92	Bone/Joint/Muscle/Severe Soft Tissue Infections/Necrosis	
M00.179	HCC92	Bone/Joint/Muscle/Severe Soft Tissue Infections/Necrosis	
M00.18	HCC92	Bone/Joint/Muscle/Severe Soft Tissue Infections/Necrosis	
M00.19	HCC92	Bone/Joint/Muscle/Severe Soft Tissue Infections/Necrosis	
M00.20	HCC92	Bone/Joint/Muscle/Severe Soft Tissue Infections/Necrosis	
M00.211	HCC92	Bone/Joint/Muscle/Severe Soft Tissue Infections/Necrosis	
M00.212	HCC92	Bone/Joint/Muscle/Severe Soft Tissue Infections/Necrosis	
M00.219	HCC92	Bone/Joint/Muscle/Severe Soft Tissue Infections/Necrosis	
M00.221	HCC92	Bone/Joint/Muscle/Severe Soft Tissue Infections/Necrosis	
M00.222	HCC92	Bone/Joint/Muscle/Severe Soft Tissue Infections/Necrosis	
M00.229	HCC92	Bone/Joint/Muscle/Severe Soft Tissue Infections/Necrosis	
M00.231	HCC92	Bone/Joint/Muscle/Severe Soft Tissue Infections/Necrosis	
M00.232	HCC92	Bone/Joint/Muscle/Severe Soft Tissue Infections/Necrosis	
M00.239	HCC92	Bone/Joint/Muscle/Severe Soft Tissue Infections/Necrosis	
M00.241	HCC92	Bone/Joint/Muscle/Severe Soft Tissue Infections/Necrosis	
M00.242	HCC92	Bone/Joint/Muscle/Severe Soft Tissue Infections/Necrosis	
M00.249	HCC92	Bone/Joint/Muscle/Severe Soft Tissue Infections/Necrosis	
M00.251	HCC92	Bone/Joint/Muscle/Severe Soft Tissue Infections/Necrosis	
M00.252	HCC92	Bone/Joint/Muscle/Severe Soft Tissue Infections/Necrosis	
M00.259	HCC92	Bone/Joint/Muscle/Severe Soft Tissue Infections/Necrosis	
M00.261	HCC92	Bone/Joint/Muscle/Severe Soft Tissue Infections/Necrosis	
M00.262	HCC92	Bone/Joint/Muscle/Severe Soft Tissue Infections/Necrosis	
M00.269	HCC92	Bone/Joint/Muscle/Severe Soft Tissue Infections/Necrosis	
M00.271	HCC92	Bone/Joint/Muscle/Severe Soft Tissue Infections/Necrosis	
M00.272	HCC92	Bone/Joint/Muscle/Severe Soft Tissue Infections/Necrosis	
M00.279	HCC92	Bone/Joint/Muscle/Severe Soft Tissue Infections/Necrosis	
M00.28	HCC92	Bone/Joint/Muscle/Severe Soft Tissue Infections/Necrosis	
M00.29	HCC92	Bone/Joint/Muscle/Severe Soft Tissue Infections/Necrosis	
M00.80	HCC92	Bone/Joint/Muscle/Severe Soft Tissue Infections/Necrosis	
M00.811	HCC92	Bone/Joint/Muscle/Severe Soft Tissue Infections/Necrosis	
M00.812	HCC92	Bone/Joint/Muscle/Severe Soft Tissue Infections/Necrosis	
M00.819	HCC92	Bone/Joint/Muscle/Severe Soft Tissue Infections/Necrosis	
M00.821	HCC92	Bone/Joint/Muscle/Severe Soft Tissue Infections/Necrosis	
M00.822	HCC92	Bone/Joint/Muscle/Severe Soft Tissue Infections/Necrosis	
M00.829	HCC92	Bone/Joint/Muscle/Severe Soft Tissue Infections/Necrosis	
M00.831	HCC92	Bone/Joint/Muscle/Severe Soft Tissue Infections/Necrosis	
M00.832	HCC92	Bone/Joint/Muscle/Severe Soft Tissue Infections/Necrosis	
M00.839	HCC92	Bone/Joint/Muscle/Severe Soft Tissue Infections/Necrosis	
M00.841	HCC92	Bone/Joint/Muscle/Severe Soft Tissue Infections/Necrosis	
M00.842	HCC92	Bone/Joint/Muscle/Severe Soft Tissue Infections/Necrosis	
M00.849	HCC92	Bone/Joint/Muscle/Severe Soft Tissue Infections/Necrosis	
M00.851	HCC92	Bone/Joint/Muscle/Severe Soft Tissue Infections/Necrosis	
M00.852	HCC92	Bone/Joint/Muscle/Severe Soft Tissue Infections/Necrosis	
M00.859	HCC92	Bone/Joint/Muscle/Severe Soft Tissue Infections/Necrosis	
M00.861	HCC92	Bone/Joint/Muscle/Severe Soft Tissue Infections/Necrosis	
M00.862	HCC92	Bone/Joint/Muscle/Severe Soft Tissue Infections/Necrosis	
M00.869	HCC92	Bone/Joint/Muscle/Severe Soft Tissue Infections/Necrosis	
M00.871	HCC92	Bone/Joint/Muscle/Severe Soft Tissue Infections/Necrosis	
M00.872	HCC92	Bone/Joint/Muscle/Severe Soft Tissue Infections/Necrosis	
M00.879	HCC92	Bone/Joint/Muscle/Severe Soft Tissue Infections/Necrosis	
M00.88	HCC92	Bone/Joint/Muscle/Severe Soft Tissue Infections/Necrosis	
M00.89	HCC92	Bone/Joint/Muscle/Severe Soft Tissue Infections/Necrosis	
M00.9	HCC92	Bone/Joint/Muscle/Severe Soft Tissue Infections/Necrosis	
M01.X0	HCC92	Bone/Joint/Muscle/Severe Soft Tissue Infections/Necrosis	
M01.X11	HCC92	Bone/Joint/Muscle/Severe Soft Tissue Infections/Necrosis	
M01.X12	HCC92	Bone/Joint/Muscle/Severe Soft Tissue Infections/Necrosis	
M01.X19	HCC92	Bone/Joint/Muscle/Severe Soft Tissue Infections/Necrosis	
M01.X21	HCC92	Bone/Joint/Muscle/Severe Soft Tissue Infections/Necrosis	
M01.X22	HCC92	Bone/Joint/Muscle/Severe Soft Tissue Infections/Necrosis	
M01.X29	HCC92	Bone/Joint/Muscle/Severe Soft Tissue Infections/Necrosis	
M01.X31	HCC92	Bone/Joint/Muscle/Severe Soft Tissue Infections/Necrosis	
M01.X32	HCC92	Bone/Joint/Muscle/Severe Soft Tissue Infections/Necrosis	
M01.X39	HCC92	Bone/Joint/Muscle/Severe Soft Tissue Infections/Necrosis	
M01.X41	HCC92	Bone/Joint/Muscle/Severe Soft Tissue Infections/Necrosis	
M01.X42	HCC92	Bone/Joint/Muscle/Severe Soft Tissue Infections/Necrosis	
M01.X49	HCC92	Bone/Joint/Muscle/Severe Soft Tissue Infections/Necrosis	
M01.X51	HCC92	Bone/Joint/Muscle/Severe Soft Tissue Infections/Necrosis	
M01.X52	HCC92	Bone/Joint/Muscle/Severe Soft Tissue Infections/Necrosis	
M01.X59	HCC92	Bone/Joint/Muscle/Severe Soft Tissue Infections/Necrosis	
M01.X61	HCC92	Bone/Joint/Muscle/Severe Soft Tissue Infections/Necrosis	
M01.X62	HCC92	Bone/Joint/Muscle/Severe Soft Tissue Infections/Necrosis	
M01.X69	HCC92	Bone/Joint/Muscle/Severe Soft Tissue Infections/Necrosis	
M01.X71	HCC92	Bone/Joint/Muscle/Severe Soft Tissue Infections/Necrosis	
M01.X72	HCC92	Bone/Joint/Muscle/Severe Soft Tissue Infections/Necrosis	
M01.X79	HCC92	Bone/Joint/Muscle/Severe Soft Tissue Infections/Necrosis	
M01.X8	HCC92	Bone/Joint/Muscle/Severe Soft Tissue Infections/Necrosis	
M01.X9	HCC92	Bone/Joint/Muscle/Severe Soft Tissue Infections/Necrosis	
M02.10	HCC92	Bone/Joint/Muscle/Severe Soft Tissue Infections/Necrosis	
M02.111	HCC92	Bone/Joint/Muscle/Severe Soft Tissue Infections/Necrosis	
M02.112	HCC92	Bone/Joint/Muscle/Severe Soft Tissue Infections/Necrosis	
M02.119	HCC92	Bone/Joint/Muscle/Severe Soft Tissue Infections/Necrosis	
M02.121	HCC92	Bone/Joint/Muscle/Severe Soft Tissue Infections/Necrosis	
M02.122	HCC92	Bone/Joint/Muscle/Severe Soft Tissue Infections/Necrosis	
M02.129	HCC92	Bone/Joint/Muscle/Severe Soft Tissue Infections/Necrosis	
M02.131	HCC92	Bone/Joint/Muscle/Severe Soft Tissue Infections/Necrosis	
M02.132	HCC92	Bone/Joint/Muscle/Severe Soft Tissue Infections/Necrosis	
M02.139	HCC92	Bone/Joint/Muscle/Severe Soft Tissue Infections/Necrosis	
M02.141	HCC92	Bone/Joint/Muscle/Severe Soft Tissue Infections/Necrosis	
M02.142	HCC92	Bone/Joint/Muscle/Severe Soft Tissue Infections/Necrosis	
M02.149	HCC92	Bone/Joint/Muscle/Severe Soft Tissue Infections/Necrosis	
M02.151	HCC92	Bone/Joint/Muscle/Severe Soft Tissue Infections/Necrosis	
M02.152	HCC92	Bone/Joint/Muscle/Severe Soft Tissue Infections/Necrosis	
M02.159	HCC92	Bone/Joint/Muscle/Severe Soft Tissue Infections/Necrosis	
M02.161	HCC92	Bone/Joint/Muscle/Severe Soft Tissue Infections/Necrosis	
M02.162	HCC92	Bone/Joint/Muscle/Severe Soft Tissue Infections/Necrosis	
M02.169	HCC92	Bone/Joint/Muscle/Severe Soft Tissue Infections/Necrosis	
M02.171	HCC92	Bone/Joint/Muscle/Severe Soft Tissue Infections/Necrosis	
M02.172	HCC92	Bone/Joint/Muscle/Severe Soft Tissue Infections/Necrosis	
M02.179	HCC92	Bone/Joint/Muscle/Severe Soft Tissue Infections/Necrosis	
M02.18	HCC92	Bone/Joint/Muscle/Severe Soft Tissue Infections/Necrosis	
M02.19	HCC92	Bone/Joint/Muscle/Severe Soft Tissue Infections/Necrosis	
M02.30	HCC94	Systemic Lupus Erythematosus and Other Specified Systemic Connective Tissue Disorders	
M02.311	HCC94	Systemic Lupus Erythematosus and Other Specified Systemic Connective Tissue Disorders	
M02.312	HCC94	Systemic Lupus Erythematosus and Other Specified Systemic Connective Tissue Disorders	
M02.319	HCC94	Systemic Lupus Erythematosus and Other Specified Systemic Connective Tissue Disorders	
M02.321	HCC94	Systemic Lupus Erythematosus and Other Specified Systemic Connective Tissue Disorders	
M02.322	HCC94	Systemic Lupus Erythematosus and Other Specified Systemic Connective Tissue Disorders	
M02.329	HCC94	Systemic Lupus Erythematosus and Other Specified Systemic Connective Tissue Disorders	
M02.331	HCC94	Systemic Lupus Erythematosus and Other Specified Systemic Connective Tissue Disorders	
M02.332	HCC94	Systemic Lupus Erythematosus and Other Specified Systemic Connective Tissue Disorders	
M02.339	HCC94	Systemic Lupus Erythematosus and Other Specified Systemic Connective Tissue Disorders	
M02.341	HCC94	Systemic Lupus Erythematosus and Other Specified Systemic Connective Tissue Disorders	
M02.342	HCC94	Systemic Lupus Erythematosus and Other Specified Systemic Connective Tissue Disorders	
M02.349	HCC94	Systemic Lupus Erythematosus and Other Specified Systemic Connective Tissue Disorders	
M02.351	HCC94	Systemic Lupus Erythematosus and Other Specified Systemic Connective Tissue Disorders	
M02.352	HCC94	Systemic Lupus Erythematosus and Other Specified Systemic Connective Tissue Disorders	
M02.359	HCC94	Systemic Lupus Erythematosus and Other Specified Systemic Connective Tissue Disorders	
M02.361	HCC94	Systemic Lupus Erythematosus and Other Specified Systemic Connective Tissue Disorders	
M02.362	HCC94	Systemic Lupus Erythematosus and Other Specified Systemic Connective Tissue Disorders	
M02.369	HCC94	Systemic Lupus Erythematosus and Other Specified Systemic Connective Tissue Disorders	
M02.371	HCC94	Systemic Lupus Erythematosus and Other Specified Systemic Connective Tissue Disorders	
M02.372	HCC94	Systemic Lupus Erythematosus and Other Specified Systemic Connective Tissue Disorders	
M02.379	HCC94	Systemic Lupus Erythematosus and Other Specified Systemic Connective Tissue Disorders	
M02.38	HCC94	Systemic Lupus Erythematosus and Other Specified Systemic Connective Tissue Disorders	
M02.39	HCC94	Systemic Lupus Erythematosus and Other Specified Systemic Connective Tissue Disorders	
M02.80	HCC92	Bone/Joint/Muscle/Severe Soft Tissue Infections/Necrosis	
M02.811	HCC92	Bone/Joint/Muscle/Severe Soft Tissue Infections/Necrosis	
M02.812	HCC92	Bone/Joint/Muscle/Severe Soft Tissue Infections/Necrosis	
M02.819	HCC92	Bone/Joint/Muscle/Severe Soft Tissue Infections/Necrosis	
M02.821	HCC92	Bone/Joint/Muscle/Severe Soft Tissue Infections/Necrosis	
M02.822	HCC92	Bone/Joint/Muscle/Severe Soft Tissue Infections/Necrosis	
M02.829	HCC92	Bone/Joint/Muscle/Severe Soft Tissue Infections/Necrosis	
M02.831	HCC92	Bone/Joint/Muscle/Severe Soft Tissue Infections/Necrosis	
M02.832	HCC92	Bone/Joint/Muscle/Severe Soft Tissue Infections/Necrosis	
M02.839	HCC92	Bone/Joint/Muscle/Severe Soft Tissue Infections/Necrosis	
M02.841	HCC92	Bone/Joint/Muscle/Severe Soft Tissue Infections/Necrosis	
M02.842	HCC92	Bone/Joint/Muscle/Severe Soft Tissue Infections/Necrosis	
M02.849	HCC92	Bone/Joint/Muscle/Severe Soft Tissue Infections/Necrosis	
M02.851	HCC92	Bone/Joint/Muscle/Severe Soft Tissue Infections/Necrosis	
M02.852	HCC92	Bone/Joint/Muscle/Severe Soft Tissue Infections/Necrosis	
M02.859	HCC92	Bone/Joint/Muscle/Severe Soft Tissue Infections/Necrosis	
M02.861	HCC92	Bone/Joint/Muscle/Severe Soft Tissue Infections/Necrosis	
M02.862	HCC92	Bone/Joint/Muscle/Severe Soft Tissue Infections/Necrosis	
M02.869	HCC92	Bone/Joint/Muscle/Severe Soft Tissue Infections/Necrosis	
M02.871	HCC92	Bone/Joint/Muscle/Severe Soft Tissue Infections/Necrosis	
M02.872	HCC92	Bone/Joint/Muscle/Severe Soft Tissue Infections/Necrosis	
M02.879	HCC92	Bone/Joint/Muscle/Severe Soft Tissue Infections/Necrosis	
M02.88	HCC92	Bone/Joint/Muscle/Severe Soft Tissue Infections/Necrosis	
M02.89	HCC92	Bone/Joint/Muscle/Severe Soft Tissue Infections/Necrosis	
M02.9	HCC92	Bone/Joint/Muscle/Severe Soft Tissue Infections/Necrosis	
M04.1	HCC94	Systemic Lupus Erythematosus and Other Specified Systemic Connective Tissue Disorders	
M04.2	HCC94	Systemic Lupus Erythematosus and Other Specified Systemic Connective Tissue Disorders	
M04.8	HCC94	Systemic Lupus Erythematosus and Other Specified Systemic Connective Tissue Disorders	
M04.9	HCC94	Systemic Lupus Erythematosus and Other Specified Systemic Connective Tissue Disorders	
M05.00	HCC93	Rheumatoid Arthritis and Other Specified Inflammatory Rheumatic Disorders	
M05.011	HCC93	Rheumatoid Arthritis and Other Specified Inflammatory Rheumatic Disorders	
M05.012	HCC93	Rheumatoid Arthritis and Other Specified Inflammatory Rheumatic Disorders	
M05.019	HCC93	Rheumatoid Arthritis and Other Specified Inflammatory Rheumatic Disorders	
M05.021	HCC93	Rheumatoid Arthritis and Other Specified Inflammatory Rheumatic Disorders	
M05.022	HCC93	Rheumatoid Arthritis and Other Specified Inflammatory Rheumatic Disorders	
M05.029	HCC93	Rheumatoid Arthritis and Other Specified Inflammatory Rheumatic Disorders	
M05.031	HCC93	Rheumatoid Arthritis and Other Specified Inflammatory Rheumatic Disorders	
M05.032	HCC93	Rheumatoid Arthritis and Other Specified Inflammatory Rheumatic Disorders	
M05.039	HCC93	Rheumatoid Arthritis and Other Specified Inflammatory Rheumatic Disorders	
M05.041	HCC93	Rheumatoid Arthritis and Other Specified Inflammatory Rheumatic Disorders	
M05.042	HCC93	Rheumatoid Arthritis and Other Specified Inflammatory Rheumatic Disorders	
M05.049	HCC93	Rheumatoid Arthritis and Other Specified Inflammatory Rheumatic Disorders	
M05.051	HCC93	Rheumatoid Arthritis and Other Specified Inflammatory Rheumatic Disorders	
M05.052	HCC93	Rheumatoid Arthritis and Other Specified Inflammatory Rheumatic Disorders	
M05.059	HCC93	Rheumatoid Arthritis and Other Specified Inflammatory Rheumatic Disorders	
M05.061	HCC93	Rheumatoid Arthritis and Other Specified Inflammatory Rheumatic Disorders	
M05.062	HCC93	Rheumatoid Arthritis and Other Specified Inflammatory Rheumatic Disorders	
M05.069	HCC93	Rheumatoid Arthritis and Other Specified Inflammatory Rheumatic Disorders	
M05.071	HCC93	Rheumatoid Arthritis and Other Specified Inflammatory Rheumatic Disorders	
M05.072	HCC93	Rheumatoid Arthritis and Other Specified Inflammatory Rheumatic Disorders	
M05.079	HCC93	Rheumatoid Arthritis and Other Specified Inflammatory Rheumatic Disorders	
M05.09	HCC93	Rheumatoid Arthritis and Other Specified Inflammatory Rheumatic Disorders	
M05.10	HCC93	Rheumatoid Arthritis and Other Specified Inflammatory Rheumatic Disorders	
M05.111	HCC93	Rheumatoid Arthritis and Other Specified Inflammatory Rheumatic Disorders	
M05.112	HCC93	Rheumatoid Arthritis and Other Specified Inflammatory Rheumatic Disorders	
M05.119	HCC93	Rheumatoid Arthritis and Other Specified Inflammatory Rheumatic Disorders	
M05.121	HCC93	Rheumatoid Arthritis and Other Specified Inflammatory Rheumatic Disorders	
M05.122	HCC93	Rheumatoid Arthritis and Other Specified Inflammatory Rheumatic Disorders	
M05.129	HCC93	Rheumatoid Arthritis and Other Specified Inflammatory Rheumatic Disorders	
M05.131	HCC93	Rheumatoid Arthritis and Other Specified Inflammatory Rheumatic Disorders	
M05.132	HCC93	Rheumatoid Arthritis and Other Specified Inflammatory Rheumatic Disorders	
M05.139	HCC93	Rheumatoid Arthritis and Other Specified Inflammatory Rheumatic Disorders	
M05.141	HCC93	Rheumatoid Arthritis and Other Specified Inflammatory Rheumatic Disorders	
M05.142	HCC93	Rheumatoid Arthritis and Other Specified Inflammatory Rheumatic Disorders	
M05.149	HCC93	Rheumatoid Arthritis and Other Specified Inflammatory Rheumatic Disorders	
M05.151	HCC93	Rheumatoid Arthritis and Other Specified Inflammatory Rheumatic Disorders	
M05.152	HCC93	Rheumatoid Arthritis and Other Specified Inflammatory Rheumatic Disorders	
M05.159	HCC93	Rheumatoid Arthritis and Other Specified Inflammatory Rheumatic Disorders	
M05.161	HCC93	Rheumatoid Arthritis and Other Specified Inflammatory Rheumatic Disorders	
M05.162	HCC93	Rheumatoid Arthritis and Other Specified Inflammatory Rheumatic Disorders	
M05.169	HCC93	Rheumatoid Arthritis and Other Specified Inflammatory Rheumatic Disorders	
M05.171	HCC93	Rheumatoid Arthritis and Other Specified Inflammatory Rheumatic Disorders	
M05.172	HCC93	Rheumatoid Arthritis and Other Specified Inflammatory Rheumatic Disorders	
M05.179	HCC93	Rheumatoid Arthritis and Other Specified Inflammatory Rheumatic Disorders	
M05.19	HCC93	Rheumatoid Arthritis and Other Specified Inflammatory Rheumatic Disorders	
M05.20	HCC93	Rheumatoid Arthritis and Other Specified Inflammatory Rheumatic Disorders	
M05.211	HCC93	Rheumatoid Arthritis and Other Specified Inflammatory Rheumatic Disorders	
M05.212	HCC93	Rheumatoid Arthritis and Other Specified Inflammatory Rheumatic Disorders	
M05.219	HCC93	Rheumatoid Arthritis and Other Specified Inflammatory Rheumatic Disorders	
M05.221	HCC93	Rheumatoid Arthritis and Other Specified Inflammatory Rheumatic Disorders	
M05.222	HCC93	Rheumatoid Arthritis and Other Specified Inflammatory Rheumatic Disorders	
M05.229	HCC93	Rheumatoid Arthritis and Other Specified Inflammatory Rheumatic Disorders	
M05.231	HCC93	Rheumatoid Arthritis and Other Specified Inflammatory Rheumatic Disorders	
M05.232	HCC93	Rheumatoid Arthritis and Other Specified Inflammatory Rheumatic Disorders	
M05.239	HCC93	Rheumatoid Arthritis and Other Specified Inflammatory Rheumatic Disorders	
M05.241	HCC93	Rheumatoid Arthritis and Other Specified Inflammatory Rheumatic Disorders	
M05.242	HCC93	Rheumatoid Arthritis and Other Specified Inflammatory Rheumatic Disorders	
M05.249	HCC93	Rheumatoid Arthritis and Other Specified Inflammatory Rheumatic Disorders	
M05.251	HCC93	Rheumatoid Arthritis and Other Specified Inflammatory Rheumatic Disorders	
M05.252	HCC93	Rheumatoid Arthritis and Other Specified Inflammatory Rheumatic Disorders	
M05.259	HCC93	Rheumatoid Arthritis and Other Specified Inflammatory Rheumatic Disorders	
M05.261	HCC93	Rheumatoid Arthritis and Other Specified Inflammatory Rheumatic Disorders	
M05.262	HCC93	Rheumatoid Arthritis and Other Specified Inflammatory Rheumatic Disorders	
M05.269	HCC93	Rheumatoid Arthritis and Other Specified Inflammatory Rheumatic Disorders	
M05.271	HCC93	Rheumatoid Arthritis and Other Specified Inflammatory Rheumatic Disorders	
M05.272	HCC93	Rheumatoid Arthritis and Other Specified Inflammatory Rheumatic Disorders	
M05.279	HCC93	Rheumatoid Arthritis and Other Specified Inflammatory Rheumatic Disorders	
M05.29	HCC93	Rheumatoid Arthritis and Other Specified Inflammatory Rheumatic Disorders	
M05.30	HCC93	Rheumatoid Arthritis and Other Specified Inflammatory Rheumatic Disorders	
M05.311	HCC93	Rheumatoid Arthritis and Other Specified Inflammatory Rheumatic Disorders	
M05.312	HCC93	Rheumatoid Arthritis and Other Specified Inflammatory Rheumatic Disorders	
M05.319	HCC93	Rheumatoid Arthritis and Other Specified Inflammatory Rheumatic Disorders	
M05.321	HCC93	Rheumatoid Arthritis and Other Specified Inflammatory Rheumatic Disorders	
M05.322	HCC93	Rheumatoid Arthritis and Other Specified Inflammatory Rheumatic Disorders	
M05.329	HCC93	Rheumatoid Arthritis and Other Specified Inflammatory Rheumatic Disorders	
M05.331	HCC93	Rheumatoid Arthritis and Other Specified Inflammatory Rheumatic Disorders	
M05.332	HCC93	Rheumatoid Arthritis and Other Specified Inflammatory Rheumatic Disorders	
M05.339	HCC93	Rheumatoid Arthritis and Other Specified Inflammatory Rheumatic Disorders	
M05.341	HCC93	Rheumatoid Arthritis and Other Specified Inflammatory Rheumatic Disorders	
M05.342	HCC93	Rheumatoid Arthritis and Other Specified Inflammatory Rheumatic Disorders	
M05.349	HCC93	Rheumatoid Arthritis and Other Specified Inflammatory Rheumatic Disorders	
M05.351	HCC93	Rheumatoid Arthritis and Other Specified Inflammatory Rheumatic Disorders	
M05.352	HCC93	Rheumatoid Arthritis and Other Specified Inflammatory Rheumatic Disorders	
M05.359	HCC93	Rheumatoid Arthritis and Other Specified Inflammatory Rheumatic Disorders	
M05.361	HCC93	Rheumatoid Arthritis and Other Specified Inflammatory Rheumatic Disorders	
M05.362	HCC93	Rheumatoid Arthritis and Other Specified Inflammatory Rheumatic Disorders	
M05.369	HCC93	Rheumatoid Arthritis and Other Specified Inflammatory Rheumatic Disorders	
M05.371	HCC93	Rheumatoid Arthritis and Other Specified Inflammatory Rheumatic Disorders	
M05.372	HCC93	Rheumatoid Arthritis and Other Specified Inflammatory Rheumatic Disorders	
M05.379	HCC93	Rheumatoid Arthritis and Other Specified Inflammatory Rheumatic Disorders	
M05.39	HCC93	Rheumatoid Arthritis and Other Specified Inflammatory Rheumatic Disorders	
M05.40	HCC93	Rheumatoid Arthritis and Other Specified Inflammatory Rheumatic Disorders	
M05.411	HCC93	Rheumatoid Arthritis and Other Specified Inflammatory Rheumatic Disorders	
M05.412	HCC93	Rheumatoid Arthritis and Other Specified Inflammatory Rheumatic Disorders	
M05.419	HCC93	Rheumatoid Arthritis and Other Specified Inflammatory Rheumatic Disorders	
M05.421	HCC93	Rheumatoid Arthritis and Other Specified Inflammatory Rheumatic Disorders	
M05.422	HCC93	Rheumatoid Arthritis and Other Specified Inflammatory Rheumatic Disorders	
M05.429	HCC93	Rheumatoid Arthritis and Other Specified Inflammatory Rheumatic Disorders	
M05.431	HCC93	Rheumatoid Arthritis and Other Specified Inflammatory Rheumatic Disorders	
M05.432	HCC93	Rheumatoid Arthritis and Other Specified Inflammatory Rheumatic Disorders	
M05.439	HCC93	Rheumatoid Arthritis and Other Specified Inflammatory Rheumatic Disorders	
M05.441	HCC93	Rheumatoid Arthritis and Other Specified Inflammatory Rheumatic Disorders	
M05.442	HCC93	Rheumatoid Arthritis and Other Specified Inflammatory Rheumatic Disorders	
M05.449	HCC93	Rheumatoid Arthritis and Other Specified Inflammatory Rheumatic Disorders	
M05.451	HCC93	Rheumatoid Arthritis and Other Specified Inflammatory Rheumatic Disorders	
M05.452	HCC93	Rheumatoid Arthritis and Other Specified Inflammatory Rheumatic Disorders	
M05.459	HCC93	Rheumatoid Arthritis and Other Specified Inflammatory Rheumatic Disorders	
M05.461	HCC93	Rheumatoid Arthritis and Other Specified Inflammatory Rheumatic Disorders	
M05.462	HCC93	Rheumatoid Arthritis and Other Specified Inflammatory Rheumatic Disorders	
M05.469	HCC93	Rheumatoid Arthritis and Other Specified Inflammatory Rheumatic Disorders	
M05.471	HCC93	Rheumatoid Arthritis and Other Specified Inflammatory Rheumatic Disorders	
M05.472	HCC93	Rheumatoid Arthritis and Other Specified Inflammatory Rheumatic Disorders	
M05.479	HCC93	Rheumatoid Arthritis and Other Specified Inflammatory Rheumatic Disorders	
M05.49	HCC93	Rheumatoid Arthritis and Other Specified Inflammatory Rheumatic Disorders	
M05.50	HCC93	Rheumatoid Arthritis and Other Specified Inflammatory Rheumatic Disorders	
M05.511	HCC93	Rheumatoid Arthritis and Other Specified Inflammatory Rheumatic Disorders	
M05.512	HCC93	Rheumatoid Arthritis and Other Specified Inflammatory Rheumatic Disorders	
M05.519	HCC93	Rheumatoid Arthritis and Other Specified Inflammatory Rheumatic Disorders	
M05.521	HCC93	Rheumatoid Arthritis and Other Specified Inflammatory Rheumatic Disorders	
M05.522	HCC93	Rheumatoid Arthritis and Other Specified Inflammatory Rheumatic Disorders	
M05.529	HCC93	Rheumatoid Arthritis and Other Specified Inflammatory Rheumatic Disorders	
M05.531	HCC93	Rheumatoid Arthritis and Other Specified Inflammatory Rheumatic Disorders	
M05.532	HCC93	Rheumatoid Arthritis and Other Specified Inflammatory Rheumatic Disorders	
M05.539	HCC93	Rheumatoid Arthritis and Other Specified Inflammatory Rheumatic Disorders	
M05.541	HCC93	Rheumatoid Arthritis and Other Specified Inflammatory Rheumatic Disorders	
M05.542	HCC93	Rheumatoid Arthritis and Other Specified Inflammatory Rheumatic Disorders	
M05.549	HCC93	Rheumatoid Arthritis and Other Specified Inflammatory Rheumatic Disorders	
M05.551	HCC93	Rheumatoid Arthritis and Other Specified Inflammatory Rheumatic Disorders	
M05.552	HCC93	Rheumatoid Arthritis and Other Specified Inflammatory Rheumatic Disorders	
M05.559	HCC93	Rheumatoid Arthritis and Other Specified Inflammatory Rheumatic Disorders	
M05.561	HCC93	Rheumatoid Arthritis and Other Specified Inflammatory Rheumatic Disorders	
M05.562	HCC93	Rheumatoid Arthritis and Other Specified Inflammatory Rheumatic Disorders	
M05.569	HCC93	Rheumatoid Arthritis and Other Specified Inflammatory Rheumatic Disorders	
M05.571	HCC93	Rheumatoid Arthritis and Other Specified Inflammatory Rheumatic Disorders	
M05.572	HCC93	Rheumatoid Arthritis and Other Specified Inflammatory Rheumatic Disorders	
M05.579	HCC93	Rheumatoid Arthritis and Other Specified Inflammatory Rheumatic Disorders	
M05.59	HCC93	Rheumatoid Arthritis and Other Specified Inflammatory Rheumatic Disorders	
M05.60	HCC93	Rheumatoid Arthritis and Other Specified Inflammatory Rheumatic Disorders	
M05.611	HCC93	Rheumatoid Arthritis and Other Specified Inflammatory Rheumatic Disorders	
M05.612	HCC93	Rheumatoid Arthritis and Other Specified Inflammatory Rheumatic Disorders	
M05.619	HCC93	Rheumatoid Arthritis and Other Specified Inflammatory Rheumatic Disorders	
M05.621	HCC93	Rheumatoid Arthritis and Other Specified Inflammatory Rheumatic Disorders	
M05.622	HCC93	Rheumatoid Arthritis and Other Specified Inflammatory Rheumatic Disorders	
M05.629	HCC93	Rheumatoid Arthritis and Other Specified Inflammatory Rheumatic Disorders	
M05.631	HCC93	Rheumatoid Arthritis and Other Specified Inflammatory Rheumatic Disorders	
M05.632	HCC93	Rheumatoid Arthritis and Other Specified Inflammatory Rheumatic Disorders	
M05.639	HCC93	Rheumatoid Arthritis and Other Specified Inflammatory Rheumatic Disorders	
M05.641	HCC93	Rheumatoid Arthritis and Other Specified Inflammatory Rheumatic Disorders	
M05.642	HCC93	Rheumatoid Arthritis and Other Specified Inflammatory Rheumatic Disorders	
M05.649	HCC93	Rheumatoid Arthritis and Other Specified Inflammatory Rheumatic Disorders	
M05.651	HCC93	Rheumatoid Arthritis and Other Specified Inflammatory Rheumatic Disorders	
M05.652	HCC93	Rheumatoid Arthritis and Other Specified Inflammatory Rheumatic Disorders	
M05.659	HCC93	Rheumatoid Arthritis and Other Specified Inflammatory Rheumatic Disorders	
M05.661	HCC93	Rheumatoid Arthritis and Other Specified Inflammatory Rheumatic Disorders	
M05.662	HCC93	Rheumatoid Arthritis and Other Specified Inflammatory Rheumatic Disorders	
M05.669	HCC93	Rheumatoid Arthritis and Other Specified Inflammatory Rheumatic Disorders	
M05.671	HCC93	Rheumatoid Arthritis and Other Specified Inflammatory Rheumatic Disorders	
M05.672	HCC93	Rheumatoid Arthritis and Other Specified Inflammatory Rheumatic Disorders	
M05.679	HCC93	Rheumatoid Arthritis and Other Specified Inflammatory Rheumatic Disorders	
M05.69	HCC93	Rheumatoid Arthritis and Other Specified Inflammatory Rheumatic Disorders	
M05.70	HCC93	Rheumatoid Arthritis and Other Specified Inflammatory Rheumatic Disorders	
M05.711	HCC93	Rheumatoid Arthritis and Other Specified Inflammatory Rheumatic Disorders	
M05.712	HCC93	Rheumatoid Arthritis and Other Specified Inflammatory Rheumatic Disorders	
M05.719	HCC93	Rheumatoid Arthritis and Other Specified Inflammatory Rheumatic Disorders	
M05.721	HCC93	Rheumatoid Arthritis and Other Specified Inflammatory Rheumatic Disorders	
M05.722	HCC93	Rheumatoid Arthritis and Other Specified Inflammatory Rheumatic Disorders	
M05.729	HCC93	Rheumatoid Arthritis and Other Specified Inflammatory Rheumatic Disorders	
M05.731	HCC93	Rheumatoid Arthritis and Other Specified Inflammatory Rheumatic Disorders	
M05.732	HCC93	Rheumatoid Arthritis and Other Specified Inflammatory Rheumatic Disorders	
M05.739	HCC93	Rheumatoid Arthritis and Other Specified Inflammatory Rheumatic Disorders	
M05.741	HCC93	Rheumatoid Arthritis and Other Specified Inflammatory Rheumatic Disorders	
M05.742	HCC93	Rheumatoid Arthritis and Other Specified Inflammatory Rheumatic Disorders	
M05.749	HCC93	Rheumatoid Arthritis and Other Specified Inflammatory Rheumatic Disorders	
M05.751	HCC93	Rheumatoid Arthritis and Other Specified Inflammatory Rheumatic Disorders	
M05.752	HCC93	Rheumatoid Arthritis and Other Specified Inflammatory Rheumatic Disorders	
M05.759	HCC93	Rheumatoid Arthritis and Other Specified Inflammatory Rheumatic Disorders	
M05.761	HCC93	Rheumatoid Arthritis and Other Specified Inflammatory Rheumatic Disorders	
M05.762	HCC93	Rheumatoid Arthritis and Other Specified Inflammatory Rheumatic Disorders	
M05.769	HCC93	Rheumatoid Arthritis and Other Specified Inflammatory Rheumatic Disorders	
M05.771	HCC93	Rheumatoid Arthritis and Other Specified Inflammatory Rheumatic Disorders	
M05.772	HCC93	Rheumatoid Arthritis and Other Specified Inflammatory Rheumatic Disorders	
M05.779	HCC93	Rheumatoid Arthritis and Other Specified Inflammatory Rheumatic Disorders	
M05.79	HCC93	Rheumatoid Arthritis and Other Specified Inflammatory Rheumatic Disorders	
M05.7A	HCC93	Rheumatoid Arthritis and Other Specified Inflammatory Rheumatic Disorders	
M05.80	HCC93	Rheumatoid Arthritis and Other Specified Inflammatory Rheumatic Disorders	
M05.811	HCC93	Rheumatoid Arthritis and Other Specified Inflammatory Rheumatic Disorders	
M05.812	HCC93	Rheumatoid Arthritis and Other Specified Inflammatory Rheumatic Disorders	
M05.819	HCC93	Rheumatoid Arthritis and Other Specified Inflammatory Rheumatic Disorders	
M05.821	HCC93	Rheumatoid Arthritis and Other Specified Inflammatory Rheumatic Disorders	
M05.822	HCC93	Rheumatoid Arthritis and Other Specified Inflammatory Rheumatic Disorders	
M05.829	HCC93	Rheumatoid Arthritis and Other Specified Inflammatory Rheumatic Disorders	
M05.831	HCC93	Rheumatoid Arthritis and Other Specified Inflammatory Rheumatic Disorders	
M05.832	HCC93	Rheumatoid Arthritis and Other Specified Inflammatory Rheumatic Disorders	
M05.839	HCC93	Rheumatoid Arthritis and Other Specified Inflammatory Rheumatic Disorders	
M05.841	HCC93	Rheumatoid Arthritis and Other Specified Inflammatory Rheumatic Disorders	
M05.842	HCC93	Rheumatoid Arthritis and Other Specified Inflammatory Rheumatic Disorders	
M05.849	HCC93	Rheumatoid Arthritis and Other Specified Inflammatory Rheumatic Disorders	
M05.851	HCC93	Rheumatoid Arthritis and Other Specified Inflammatory Rheumatic Disorders	
M05.852	HCC93	Rheumatoid Arthritis and Other Specified Inflammatory Rheumatic Disorders	
M05.859	HCC93	Rheumatoid Arthritis and Other Specified Inflammatory Rheumatic Disorders	
M05.861	HCC93	Rheumatoid Arthritis and Other Specified Inflammatory Rheumatic Disorders	
M05.862	HCC93	Rheumatoid Arthritis and Other Specified Inflammatory Rheumatic Disorders	
M05.869	HCC93	Rheumatoid Arthritis and Other Specified Inflammatory Rheumatic Disorders	
M05.871	HCC93	Rheumatoid Arthritis and Other Specified Inflammatory Rheumatic Disorders	
M05.872	HCC93	Rheumatoid Arthritis and Other Specified Inflammatory Rheumatic Disorders	
M05.879	HCC93	Rheumatoid Arthritis and Other Specified Inflammatory Rheumatic Disorders	
M05.89	HCC93	Rheumatoid Arthritis and Other Specified Inflammatory Rheumatic Disorders	
M05.8A	HCC93	Rheumatoid Arthritis and Other Specified Inflammatory Rheumatic Disorders	
M05.9	HCC93	Rheumatoid Arthritis and Other Specified Inflammatory Rheumatic Disorders	
M05.A	HCC93	Rheumatoid Arthritis and Other Specified Inflammatory Rheumatic Disorders	
M06.00	HCC93	Rheumatoid Arthritis and Other Specified Inflammatory Rheumatic Disorders	
M06.011	HCC93	Rheumatoid Arthritis and Other Specified Inflammatory Rheumatic Disorders	
M06.012	HCC93	Rheumatoid Arthritis and Other Specified Inflammatory Rheumatic Disorders	
M06.019	HCC93	Rheumatoid Arthritis and Other Specified Inflammatory Rheumatic Disorders	
M06.021	HCC93	Rheumatoid Arthritis and Other Specified Inflammatory Rheumatic Disorders	
M06.022	HCC93	Rheumatoid Arthritis and Other Specified Inflammatory Rheumatic Disorders	
M06.029	HCC93	Rheumatoid Arthritis and Other Specified Inflammatory Rheumatic Disorders	
M06.031	HCC93	Rheumatoid Arthritis and Other Specified Inflammatory Rheumatic Disorders	
M06.032	HCC93	Rheumatoid Arthritis and Other Specified Inflammatory Rheumatic Disorders	
M06.039	HCC93	Rheumatoid Arthritis and Other Specified Inflammatory Rheumatic Disorders	
M06.041	HCC93	Rheumatoid Arthritis and Other Specified Inflammatory Rheumatic Disorders	
M06.042	HCC93	Rheumatoid Arthritis and Other Specified Inflammatory Rheumatic Disorders	
M06.049	HCC93	Rheumatoid Arthritis and Other Specified Inflammatory Rheumatic Disorders	
M06.051	HCC93	Rheumatoid Arthritis and Other Specified Inflammatory Rheumatic Disorders	
M06.052	HCC93	Rheumatoid Arthritis and Other Specified Inflammatory Rheumatic Disorders	
M06.059	HCC93	Rheumatoid Arthritis and Other Specified Inflammatory Rheumatic Disorders	
M06.061	HCC93	Rheumatoid Arthritis and Other Specified Inflammatory Rheumatic Disorders	
M06.062	HCC93	Rheumatoid Arthritis and Other Specified Inflammatory Rheumatic Disorders	
M06.069	HCC93	Rheumatoid Arthritis and Other Specified Inflammatory Rheumatic Disorders	
M06.071	HCC93	Rheumatoid Arthritis and Other Specified Inflammatory Rheumatic Disorders	
M06.072	HCC93	Rheumatoid Arthritis and Other Specified Inflammatory Rheumatic Disorders	
M06.079	HCC93	Rheumatoid Arthritis and Other Specified Inflammatory Rheumatic Disorders	
M06.08	HCC93	Rheumatoid Arthritis and Other Specified Inflammatory Rheumatic Disorders	
M06.09	HCC93	Rheumatoid Arthritis and Other Specified Inflammatory Rheumatic Disorders	
M06.0A	HCC93	Rheumatoid Arthritis and Other Specified Inflammatory Rheumatic Disorders	
M06.1	HCC93	Rheumatoid Arthritis and Other Specified Inflammatory Rheumatic Disorders	mce: age >= 15
M06.20	HCC93	Rheumatoid Arthritis and Other Specified Inflammatory Rheumatic Disorders	
M06.211	HCC93	Rheumatoid Arthritis and Other Specified Inflammatory Rheumatic Disorders	
M06.212	HCC93	Rheumatoid Arthritis and Other Specified Inflammatory Rheumatic Disorders	
M06.219	HCC93	Rheumatoid Arthritis and Other Specified Inflammatory Rheumatic Disorders	
M06.221	HCC93	Rheumatoid Arthritis and Other Specified Inflammatory Rheumatic Disorders	
M06.222	HCC93	Rheumatoid Arthritis and Other Specified Inflammatory Rheumatic Disorders	
M06.229	HCC93	Rheumatoid Arthritis and Other Specified Inflammatory Rheumatic Disorders	
M06.231	HCC93	Rheumatoid Arthritis and Other Specified Inflammatory Rheumatic Disorders	
M06.232	HCC93	Rheumatoid Arthritis and Other Specified Inflammatory Rheumatic Disorders	
M06.239	HCC93	Rheumatoid Arthritis and Other Specified Inflammatory Rheumatic Disorders	
M06.241	HCC93	Rheumatoid Arthritis and Other Specified Inflammatory Rheumatic Disorders	
M06.242	HCC93	Rheumatoid Arthritis and Other Specified Inflammatory Rheumatic Disorders	
M06.249	HCC93	Rheumatoid Arthritis and Other Specified Inflammatory Rheumatic Disorders	
M06.251	HCC93	Rheumatoid Arthritis and Other Specified Inflammatory Rheumatic Disorders	
M06.252	HCC93	Rheumatoid Arthritis and Other Specified Inflammatory Rheumatic Disorders	
M06.259	HCC93	Rheumatoid Arthritis and Other Specified Inflammatory Rheumatic Disorders	
M06.261	HCC93	Rheumatoid Arthritis and Other Specified Inflammatory Rheumatic Disorders	
M06.262	HCC93	Rheumatoid Arthritis and Other Specified Inflammatory Rheumatic Disorders	
M06.269	HCC93	Rheumatoid Arthritis and Other Specified Inflammatory Rheumatic Disorders	
M06.271	HCC93	Rheumatoid Arthritis and Other Specified Inflammatory Rheumatic Disorders	
M06.272	HCC93	Rheumatoid Arthritis and Other Specified Inflammatory Rheumatic Disorders	
M06.279	HCC93	Rheumatoid Arthritis and Other Specified Inflammatory Rheumatic Disorders	
M06.28	HCC93	Rheumatoid Arthritis and Other Specified Inflammatory Rheumatic Disorders	
M06.29	HCC93	Rheumatoid Arthritis and Other Specified Inflammatory Rheumatic Disorders	
M06.30	HCC93	Rheumatoid Arthritis and Other Specified Inflammatory Rheumatic Disorders	
M06.311	HCC93	Rheumatoid Arthritis and Other Specified Inflammatory Rheumatic Disorders	
M06.312	HCC93	Rheumatoid Arthritis and Other Specified Inflammatory Rheumatic Disorders	
M06.319	HCC93	Rheumatoid Arthritis and Other Specified Inflammatory Rheumatic Disorders	
M06.321	HCC93	Rheumatoid Arthritis and Other Specified Inflammatory Rheumatic Disorders	
M06.322	HCC93	Rheumatoid Arthritis and Other Specified Inflammatory Rheumatic Disorders	
M06.329	HCC93	Rheumatoid Arthritis and Other Specified Inflammatory Rheumatic Disorders	
M06.331	HCC93	Rheumatoid Arthritis and Other Specified Inflammatory Rheumatic Disorders	
M06.332	HCC93	Rheumatoid Arthritis and Other Specified Inflammatory Rheumatic Disorders	
M06.339	HCC93	Rheumatoid Arthritis and Other Specified Inflammatory Rheumatic Disorders	
M06.341	HCC93	Rheumatoid Arthritis and Other Specified Inflammatory Rheumatic Disorders	
M06.342	HCC93	Rheumatoid Arthritis and Other Specified Inflammatory Rheumatic Disorders	
M06.349	HCC93	Rheumatoid Arthritis and Other Specified Inflammatory Rheumatic Disorders	
M06.351	HCC93	Rheumatoid Arthritis and Other Specified Inflammatory Rheumatic Disorders	
M06.352	HCC93	Rheumatoid Arthritis and Other Specified Inflammatory Rheumatic Disorders	
M06.359	HCC93	Rheumatoid Arthritis and Other Specified Inflammatory Rheumatic Disorders	
M06.361	HCC93	Rheumatoid Arthritis and Other Specified Inflammatory Rheumatic Disorders	
M06.362	HCC93	Rheumatoid Arthritis and Other Specified Inflammatory Rheumatic Disorders	
M06.369	HCC93	Rheumatoid Arthritis and Other Specified Inflammatory Rheumatic Disorders	
M06.371	HCC93	Rheumatoid Arthritis and Other Specified Inflammatory Rheumatic Disorders	
M06.372	HCC93	Rheumatoid Arthritis and Other Specified Inflammatory Rheumatic Disorders	
M06.379	HCC93	Rheumatoid Arthritis and Other Specified Inflammatory Rheumatic Disorders	
M06.38	HCC93	Rheumatoid Arthritis and Other Specified Inflammatory Rheumatic Disorders	
M06.39	HCC93	Rheumatoid Arthritis and Other Specified Inflammatory Rheumatic Disorders	
M06.4	HCC94	Systemic Lupus Erythematosus and Other Specified Systemic Connective Tissue Disorders	
M06.80	HCC93	Rheumatoid Arthritis and Other Specified Inflammatory Rheumatic Disorders	
M06.811	HCC93	Rheumatoid Arthritis and Other Specified Inflammatory Rheumatic Disorders	
M06.812	HCC93	Rheumatoid Arthritis and Other Specified Inflammatory Rheumatic Disorders	
M06.819	HCC93	Rheumatoid Arthritis and Other Specified Inflammatory Rheumatic Disorders	
M06.821	HCC93	Rheumatoid Arthritis and Other Specified Inflammatory Rheumatic Disorders	
M06.822	HCC93	Rheumatoid Arthritis and Other Specified Inflammatory Rheumatic Disorders	
M06.829	HCC93	Rheumatoid Arthritis and Other Specified Inflammatory Rheumatic Disorders	
M06.831	HCC93	Rheumatoid Arthritis and Other Specified Inflammatory Rheumatic Disorders	
M06.832	HCC93	Rheumatoid Arthritis and Other Specified Inflammatory Rheumatic Disorders	
M06.839	HCC93	Rheumatoid Arthritis and Other Specified Inflammatory Rheumatic Disorders	
M06.841	HCC93	Rheumatoid Arthritis and Other Specified Inflammatory Rheumatic Disorders	
M06.842	HCC93	Rheumatoid Arthritis and Other Specified Inflammatory Rheumatic Disorders	
M06.849	HCC93	Rheumatoid Arthritis and Other Specified Inflammatory Rheumatic Disorders	
M06.851	HCC93	Rheumatoid Arthritis and Other Specified Inflammatory Rheumatic Disorders	
M06.852	HCC93	Rheumatoid Arthritis and Other Specified Inflammatory Rheumatic Disorders	
M06.859	HCC93	Rheumatoid Arthritis and Other Specified Inflammatory Rheumatic Disorders	
M06.861	HCC93	Rheumatoid Arthritis and Other Specified Inflammatory Rheumatic Disorders	
M06.862	HCC93	Rheumatoid Arthritis and Other Specified Inflammatory Rheumatic Disorders	
M06.869	HCC93	Rheumatoid Arthritis and Other Specified Inflammatory Rheumatic Disorders	
M06.871	HCC93	Rheumatoid Arthritis and Other Specified Inflammatory Rheumatic Disorders	
M06.872	HCC93	Rheumatoid Arthritis and Other Specified Inflammatory Rheumatic Disorders	
M06.879	HCC93	Rheumatoid Arthritis and Other Specified Inflammatory Rheumatic Disorders	
M06.88	HCC93	Rheumatoid Arthritis and Other Specified Inflammatory Rheumatic Disorders	
M06.89	HCC93	Rheumatoid Arthritis and Other Specified Inflammatory Rheumatic Disorders	
M06.8A	HCC93	Rheumatoid Arthritis and Other Specified Inflammatory Rheumatic Disorders	
M06.9	HCC93	Rheumatoid Arthritis and Other Specified Inflammatory Rheumatic Disorders	
M08.00	HCC93	Rheumatoid Arthritis and Other Specified Inflammatory Rheumatic Disorders	
M08.011	HCC93	Rheumatoid Arthritis and Other Specified Inflammatory Rheumatic Disorders	
M08.012	HCC93	Rheumatoid Arthritis and Other Specified Inflammatory Rheumatic Disorders	
M08.019	HCC93	Rheumatoid Arthritis and Other Specified Inflammatory Rheumatic Disorders	
M08.021	HCC93	Rheumatoid Arthritis and Other Specified Inflammatory Rheumatic Disorders	
M08.022	HCC93	Rheumatoid Arthritis and Other Specified Inflammatory Rheumatic Disorders	
M08.029	HCC93	Rheumatoid Arthritis and Other Specified Inflammatory Rheumatic Disorders	
M08.031	HCC93	Rheumatoid Arthritis and Other Specified Inflammatory Rheumatic Disorders	
M08.032	HCC93	Rheumatoid Arthritis and Other Specified Inflammatory Rheumatic Disorders	
M08.039	HCC93	Rheumatoid Arthritis and Other Specified Inflammatory Rheumatic Disorders	
M08.041	HCC93	Rheumatoid Arthritis and Other Specified Inflammatory Rheumatic Disorders	
M08.042	HCC93	Rheumatoid Arthritis and Other Specified Inflammatory Rheumatic Disorders	
M08.049	HCC93	Rheumatoid Arthritis and Other Specified Inflammatory Rheumatic Disorders	
M08.051	HCC93	Rheumatoid Arthritis and Other Specified Inflammatory Rheumatic Disorders	
M08.052	HCC93	Rheumatoid Arthritis and Other Specified Inflammatory Rheumatic Disorders	
M08.059	HCC93	Rheumatoid Arthritis and Other Specified Inflammatory Rheumatic Disorders	
M08.061	HCC93	Rheumatoid Arthritis and Other Specified Inflammatory Rheumatic Disorders	
M08.062	HCC93	Rheumatoid Arthritis and Other Specified Inflammatory Rheumatic Disorders	
M08.069	HCC93	Rheumatoid Arthritis and Other Specified Inflammatory Rheumatic Disorders	
M08.071	HCC93	Rheumatoid Arthritis and Other Specified Inflammatory Rheumatic Disorders	
M08.072	HCC93	Rheumatoid Arthritis and Other Specified Inflammatory Rheumatic Disorders	
M08.079	HCC93	Rheumatoid Arthritis and Other Specified Inflammatory Rheumatic Disorders	
M08.08	HCC93	Rheumatoid Arthritis and Other Specified Inflammatory Rheumatic Disorders	
M08.09	HCC93	Rheumatoid Arthritis and Other Specified Inflammatory Rheumatic Disorders	
M08.0A	HCC93	Rheumatoid Arthritis and Other Specified Inflammatory Rheumatic Disorders	
M08.1	HCC93	Rheumatoid Arthritis and Other Specified Inflammatory Rheumatic Disorders	
M08.20	HCC93	Rheumatoid Arthritis and Other Specified Inflammatory Rheumatic Disorders	
M08.211	HCC93	Rheumatoid Arthritis and Other Specified Inflammatory Rheumatic Disorders	
M08.212	HCC93	Rheumatoid Arthritis and Other Specified Inflammatory Rheumatic Disorders	
M08.219	HCC93	Rheumatoid Arthritis and Other Specified Inflammatory Rheumatic Disorders	
M08.221	HCC93	Rheumatoid Arthritis and Other Specified Inflammatory Rheumatic Disorders	
M08.222	HCC93	Rheumatoid Arthritis and Other Specified Inflammatory Rheumatic Disorders	
M08.229	HCC93	Rheumatoid Arthritis and Other Specified Inflammatory Rheumatic Disorders	
M08.231	HCC93	Rheumatoid Arthritis and Other Specified Inflammatory Rheumatic Disorders	
M08.232	HCC93	Rheumatoid Arthritis and Other Specified Inflammatory Rheumatic Disorders	
M08.239	HCC93	Rheumatoid Arthritis and Other Specified Inflammatory Rheumatic Disorders	
M08.241	HCC93	Rheumatoid Arthritis and Other Specified Inflammatory Rheumatic Disorders	
M08.242	HCC93	Rheumatoid Arthritis and Other Specified Inflammatory Rheumatic Disorders	
M08.249	HCC93	Rheumatoid Arthritis and Other Specified Inflammatory Rheumatic Disorders	
M08.251	HCC93	Rheumatoid Arthritis and Other Specified Inflammatory Rheumatic Disorders	
M08.252	HCC93	Rheumatoid Arthritis and Other Specified Inflammatory Rheumatic Disorders	
M08.259	HCC93	Rheumatoid Arthritis and Other Specified Inflammatory Rheumatic Disorders	
M08.261	HCC93	Rheumatoid Arthritis and Other Specified Inflammatory Rheumatic Disorders	
M08.262	HCC93	Rheumatoid Arthritis and Other Specified Inflammatory Rheumatic Disorders	
M08.269	HCC93	Rheumatoid Arthritis and Other Specified Inflammatory Rheumatic Disorders	
M08.271	HCC93	Rheumatoid Arthritis and Other Specified Inflammatory Rheumatic Disorders	
M08.272	HCC93	Rheumatoid Arthritis and Other Specified Inflammatory Rheumatic Disorders	
M08.279	HCC93	Rheumatoid Arthritis and Other Specified Inflammatory Rheumatic Disorders	
M08.28	HCC93	Rheumatoid Arthritis and Other Specified Inflammatory Rheumatic Disorders	
M08.29	HCC93	Rheumatoid Arthritis and Other Specified Inflammatory Rheumatic Disorders	
M08.2A	HCC93	Rheumatoid Arthritis and Other Specified Inflammatory Rheumatic Disorders	
M08.3	HCC93	Rheumatoid Arthritis and Other Specified Inflammatory Rheumatic Disorders	
M08.40	HCC93	Rheumatoid Arthritis and Other Specified Inflammatory Rheumatic Disorders	
M08.411	HCC93	Rheumatoid Arthritis and Other Specified Inflammatory Rheumatic Disorders	
M08.412	HCC93	Rheumatoid Arthritis and Other Specified Inflammatory Rheumatic Disorders	
M08.419	HCC93	Rheumatoid Arthritis and Other Specified Inflammatory Rheumatic Disorders	
M08.421	HCC93	Rheumatoid Arthritis and Other Specified Inflammatory Rheumatic Disorders	
M08.422	HCC93	Rheumatoid Arthritis and Other Specified Inflammatory Rheumatic Disorders	
M08.429	HCC93	Rheumatoid Arthritis and Other Specified Inflammatory Rheumatic Disorders	
M08.431	HCC93	Rheumatoid Arthritis and Other Specified Inflammatory Rheumatic Disorders	
M08.432	HCC93	Rheumatoid Arthritis and Other Specified Inflammatory Rheumatic Disorders	
M08.439	HCC93	Rheumatoid Arthritis and Other Specified Inflammatory Rheumatic Disorders	
M08.441	HCC93	Rheumatoid Arthritis and Other Specified Inflammatory Rheumatic Disorders	
M08.442	HCC93	Rheumatoid Arthritis and Other Specified Inflammatory Rheumatic Disorders	
M08.449	HCC93	Rheumatoid Arthritis and Other Specified Inflammatory Rheumatic Disorders	
M08.451	HCC93	Rheumatoid Arthritis and Other Specified Inflammatory Rheumatic Disorders	
M08.452	HCC93	Rheumatoid Arthritis and Other Specified Inflammatory Rheumatic Disorders	
M08.459	HCC93	Rheumatoid Arthritis and Other Specified Inflammatory Rheumatic Disorders	
M08.461	HCC93	Rheumatoid Arthritis and Other Specified Inflammatory Rheumatic Disorders	
M08.462	HCC93	Rheumatoid Arthritis and Other Specified Inflammatory Rheumatic Disorders	
M08.469	HCC93	Rheumatoid Arthritis and Other Specified Inflammatory Rheumatic Disorders	
M08.471	HCC93	Rheumatoid Arthritis and Other Specified Inflammatory Rheumatic Disorders	
M08.472	HCC93	Rheumatoid Arthritis and Other Specified Inflammatory Rheumatic Disorders	
M08.479	HCC93	Rheumatoid Arthritis and Other Specified Inflammatory Rheumatic Disorders	
M08.48	HCC93	Rheumatoid Arthritis and Other Specified Inflammatory Rheumatic Disorders	
M08.4A	HCC93	Rheumatoid Arthritis and Other Specified Inflammatory Rheumatic Disorders	
M08.80	HCC93	Rheumatoid Arthritis and Other Specified Inflammatory Rheumatic Disorders	
M08.811	HCC93	Rheumatoid Arthritis and Other Specified Inflammatory Rheumatic Disorders	
M08.812	HCC93	Rheumatoid Arthritis and Other Specified Inflammatory Rheumatic Disorders	
M08.819	HCC93	Rheumatoid Arthritis and Other Specified Inflammatory Rheumatic Disorders	
M08.821	HCC93	Rheumatoid Arthritis and Other Specified Inflammatory Rheumatic Disorders	
M08.822	HCC93	Rheumatoid Arthritis and Other Specified Inflammatory Rheumatic Disorders	
M08.829	HCC93	Rheumatoid Arthritis and Other Specified Inflammatory Rheumatic Disorders	
M08.831	HCC93	Rheumatoid Arthritis and Other Specified Inflammatory Rheumatic Disorders	
M08.832	HCC93	Rheumatoid Arthritis and Other Specified Inflammatory Rheumatic Disorders	
M08.839	HCC93	Rheumatoid Arthritis and Other Specified Inflammatory Rheumatic Disorders	
M08.841	HCC93	Rheumatoid Arthritis and Other Specified Inflammatory Rheumatic Disorders	
M08.842	HCC93	Rheumatoid Arthritis and Other Specified Inflammatory Rheumatic Disorders	
M08.849	HCC93	Rheumatoid Arthritis and Other Specified Inflammatory Rheumatic Disorders	
M08.851	HCC93	Rheumatoid Arthritis and Other Specified Inflammatory Rheumatic Disorders	
M08.852	HCC93	Rheumatoid Arthritis and Other Specified Inflammatory Rheumatic Disorders	
M08.859	HCC93	Rheumatoid Arthritis and Other Specified Inflammatory Rheumatic Disorders	
M08.861	HCC93	Rheumatoid Arthritis and Other Specified Inflammatory Rheumatic Disorders	
M08.862	HCC93	Rheumatoid Arthritis and Other Specified Inflammatory Rheumatic Disorders	
M08.869	HCC93	Rheumatoid Arthritis and Other Specified Inflammatory Rheumatic Disorders	
M08.871	HCC93	Rheumatoid Arthritis and Other Specified Inflammatory Rheumatic Disorders	
M08.872	HCC93	Rheumatoid Arthritis and Other Specified Inflammatory Rheumatic Disorders	
M08.879	HCC93	Rheumatoid Arthritis and Other Specified Inflammatory Rheumatic Disorders	
M08.88	HCC93	Rheumatoid Arthritis and Other Specified Inflammatory Rheumatic Disorders	
M08.89	HCC93	Rheumatoid Arthritis and Other Specified Inflammatory Rheumatic Disorders	
M08.90	HCC93	Rheumatoid Arthritis and Other Specified Inflammatory Rheumatic Disorders	
M08.911	HCC93	Rheumatoid Arthritis and Other Specified Inflammatory Rheumatic Disorders	
M08.912	HCC93	Rheumatoid Arthritis and Other Specified Inflammatory Rheumatic Disorders	
M08.919	HCC93	Rheumatoid Arthritis and Other Specified Inflammatory Rheumatic Disorders	
M08.921	HCC93	Rheumatoid Arthritis and Other Specified Inflammatory Rheumatic Disorders	
M08.922	HCC93	Rheumatoid Arthritis and Other Specified Inflammatory Rheumatic Disorders	
M08.929	HCC93	Rheumatoid Arthritis and Other Specified Inflammatory Rheumatic Disorders	
M08.931	HCC93	Rheumatoid Arthritis and Other Specified Inflammatory Rheumatic Disorders	
M08.932	HCC93	Rheumatoid Arthritis and Other Specified Inflammatory Rheumatic Disorders	
M08.939	HCC93	Rheumatoid Arthritis and Other Specified Inflammatory Rheumatic Disorders	
M08.941	HCC93	Rheumatoid Arthritis and Other Specified Inflammatory Rheumatic Disorders	
M08.942	HCC93	Rheumatoid Arthritis and Other Specified Inflammatory Rheumatic Disorders	
M08.949	HCC93	Rheumatoid Arthritis and Other Specified Inflammatory Rheumatic Disorders	
M08.951	HCC93	Rheumatoid Arthritis and Other Specified Inflammatory Rheumatic Disorders	
M08.952	HCC93	Rheumatoid Arthritis and Other Specified Inflammatory Rheumatic Disorders	
M08.959	HCC93	Rheumatoid Arthritis and Other Specified Inflammatory Rheumatic Disorders	
M08.961	HCC93	Rheumatoid Arthritis and Other Specified Inflammatory Rheumatic Disorders	
M08.962	HCC93	Rheumatoid Arthritis and Other Specified Inflammatory Rheumatic Disorders	
M08.969	HCC93	Rheumatoid Arthritis and Other Specified Inflammatory Rheumatic Disorders	
M08.971	HCC93	Rheumatoid Arthritis and Other Specified Inflammatory Rheumatic Disorders	
M08.972	HCC93	Rheumatoid Arthritis and Other Specified Inflammatory Rheumatic Disorders	
M08.979	HCC93	Rheumatoid Arthritis and Other Specified Inflammatory Rheumatic Disorders	
M08.98	HCC93	Rheumatoid Arthritis and Other Specified Inflammatory Rheumatic Disorders	
M08.99	HCC93	Rheumatoid Arthritis and Other Specified Inflammatory Rheumatic Disorders	
M08.9A	HCC93	Rheumatoid Arthritis and Other Specified Inflammatory Rheumatic Disorders	
M12.00	HCC94	Systemic Lupus Erythematosus and Other Specified Systemic Connective Tissue Disorders	
M12.011	HCC94	Systemic Lupus Erythematosus and Other Specified Systemic Connective Tissue Disorders	
M12.012	HCC94	Systemic Lupus Erythematosus and Other Specified Systemic Connective Tissue Disorders	
M12.019	HCC94	Systemic Lupus Erythematosus and Other Specified Systemic Connective Tissue Disorders	
M12.021	HCC94	Systemic Lupus Erythematosus and Other Specified Systemic Connective Tissue Disorders	
M12.022	HCC94	Systemic Lupus Erythematosus and Other Specified Systemic Connective Tissue Disorders	
M12.029	HCC94	Systemic Lupus Erythematosus and Other Specified Systemic Connective Tissue Disorders	
M12.031	HCC94	Systemic Lupus Erythematosus and Other Specified Systemic Connective Tissue Disorders	
M12.032	HCC94	Systemic Lupus Erythematosus and Other Specified Systemic Connective Tissue Disorders	
M12.039	HCC94	Systemic Lupus Erythematosus and Other Specified Systemic Connective Tissue Disorders	
M12.041	HCC94	Systemic Lupus Erythematosus and Other Specified Systemic Connective Tissue Disorders	
M12.042	HCC94	Systemic Lupus Erythematosus and Other Specified Systemic Connective Tissue Disorders	
M12.049	HCC94	Systemic Lupus Erythematosus and Other Specified Systemic Connective Tissue Disorders	
M12.051	HCC94	Systemic Lupus Erythematosus and Other Specified Systemic Connective Tissue Disorders	
M12.052	HCC94	Systemic Lupus Erythematosus and Other Specified Systemic Connective Tissue Disorders	
M12.059	HCC94	Systemic Lupus Erythematosus and Other Specified Systemic Connective Tissue Disorders	
M12.061	HCC94	Systemic Lupus Erythematosus and Other Specified Systemic Connective Tissue Disorders	
M12.062	HCC94	Systemic Lupus Erythematosus and Other Specified Systemic Connective Tissue Disorders	
M12.069	HCC94	Systemic Lupus Erythematosus and Other Specified Systemic Connective Tissue Disorders	
M12.071	HCC94	Systemic Lupus Erythematosus and Other Specified Systemic Connective Tissue Disorders	
M12.072	HCC94	Systemic Lupus Erythematosus and Other Specified Systemic Connective Tissue Disorders	
M12.079	HCC94	Systemic Lupus Erythematosus and Other Specified Systemic Connective Tissue Disorders	
M12.08	HCC94	Systemic Lupus Erythematosus and Other Specified Systemic Connective Tissue Disorders	
M12.09	HCC94	Systemic Lupus Erythematosus and Other Specified Systemic Connective Tissue Disorders	
M30.0	HCC94	Systemic Lupus Erythematosus and Other Specified Systemic Connective Tissue Disorders	
M30.1	HCC278	Idiopathic Pulmonary Fibrosis and Lung Involvement in Systemic Sclerosis	
M30.2	HCC94	Systemic Lupus Erythematosus and Other Specified Systemic Connective Tissue Disorders	
M30.3	HCC93	Rheumatoid Arthritis and Other Specified Inflammatory Rheumatic Disorders	
M30.8	HCC94	Systemic Lupus Erythematosus and Other Specified Systemic Connective Tissue Disorders	
M31.0	HCC93	Rheumatoid Arthritis and Other Specified Inflammatory Rheumatic Disorders	
M31.10	HCC112	Immune Thrombocytopenia and Specified Coagulation Defects and Hemorrhagic Conditions	
M31.11	HCC454	Stem Cell, Including Bone Marrow, Transplant Status/Complications	
M31.19	HCC112	Immune Thrombocytopenia and Specified Coagulation Defects and Hemorrhagic Conditions	
M31.2	HCC93	Rheumatoid Arthritis and Other Specified Inflammatory Rheumatic Disorders	
M31.30	HCC93	Rheumatoid Arthritis and Other Specified Inflammatory Rheumatic Disorders	
M31.31	HCC93	Rheumatoid Arthritis and Other Specified Inflammatory Rheumatic Disorders	
M31.4	HCC93	Rheumatoid Arthritis and Other Specified Inflammatory Rheumatic Disorders	
M31.5	HCC94	Systemic Lupus Erythematosus and Other Specified Systemic Connective Tissue Disorders	
M31.6	HCC94	Systemic Lupus Erythematosus and Other Specified Systemic Connective Tissue Disorders	
M31.7	HCC94	Systemic Lupus Erythematosus and Other Specified Systemic Connective Tissue Disorders	
M31.8	HCC94	Systemic Lupus Erythematosus and Other Specified Systemic Connective Tissue Disorders	
M31.9	HCC94	Systemic Lupus Erythematosus and Other Specified Systemic Connective Tissue Disorders	
M32.10	HCC94	Systemic Lupus Erythematosus and Other Specified Systemic Connective Tissue Disorders	
M32.11	HCC94	Systemic Lupus Erythematosus and Other Specified Systemic Connective Tissue Disorders	
M32.12	HCC94	Systemic Lupus Erythematosus and Other Specified Systemic Connective Tissue Disorders	
M32.13	HCC280	Chronic Obstructive Pulmonary Disease, Interstitial Lung Disorders, and Other Chronic Lung Disorders	
M32.13	HCC94	Systemic Lupus Erythematosus and Other Specified Systemic Connective Tissue Disorders	
M32.14	HCC94	Systemic Lupus Erythematosus and Other Specified Systemic Connective Tissue Disorders	
M32.15	HCC94	Systemic Lupus Erythematosus and Other Specified Systemic Connective Tissue Disorders	
M32.19	HCC94	Systemic Lupus Erythematosus and Other Specified Systemic Connective Tissue Disorders	
M32.8	HCC94	Systemic Lupus Erythematosus and Other Specified Systemic Connective Tissue Disorders	
M32.9	HCC94	Systemic Lupus Erythematosus and Other Specified Systemic Connective Tissue Disorders	
M33.00	HCC93	Rheumatoid Arthritis and Other Specified Inflammatory Rheumatic Disorders	
M33.01	HCC280	Chronic Obstructive Pulmonary Disease, Interstitial Lung Disorders, and Other Chronic Lung Disorders	
M33.01	HCC93	Rheumatoid Arthritis and Other Specified Inflammatory Rheumatic Disorders	
M33.02	HCC93	Rheumatoid Arthritis and Other Specified Inflammatory Rheumatic Disorders	
M33.03	HCC93	Rheumatoid Arthritis and Other Specified Inflammatory Rheumatic Disorders	
M33.09	HCC93	Rheumatoid Arthritis and Other Specified Inflammatory Rheumatic Disorders	
M33.10	HCC93	Rheumatoid Arthritis and Other Specified Inflammatory Rheumatic Disorders	
M33.11	HCC280	Chronic Obstructive Pulmonary Disease, Interstitial Lung Disorders, and Other Chronic Lung Disorders	
M33.11	HCC93	Rheumatoid Arthritis and Other Specified Inflammatory Rheumatic Disorders	
M33.12	HCC93	Rheumatoid Arthritis and Other Specified Inflammatory Rheumatic Disorders	
M33.13	HCC93	Rheumatoid Arthritis and Other Specified Inflammatory Rheumatic Disorders	
M33.19	HCC93	Rheumatoid Arthritis and Other Specified Inflammatory Rheumatic Disorders	
M33.20	HCC93	Rheumatoid Arthritis and Other Specified Inflammatory Rheumatic Disorders	
M33.21	HCC280	Chronic Obstructive Pulmonary Disease, Interstitial Lung Disorders, and Other Chronic Lung Disorders	
M33.21	HCC93	Rheumatoid Arthritis and Other Specified Inflammatory Rheumatic Disorders	
M33.22	HCC93	Rheumatoid Arthritis and Other Specified Inflammatory Rheumatic Disorders	
M33.29	HCC93	Rheumatoid Arthritis and Other Specified Inflammatory Rheumatic Disorders	
M33.90	HCC93	Rheumatoid Arthritis and Other Specified Inflammatory Rheumatic Disorders	
M33.91	HCC280	Chronic Obstructive Pulmonary Disease, Interstitial Lung Disorders, and Other Chronic Lung Disorders	
M33.91	HCC93	Rheumatoid Arthritis and Other Specified Inflammatory Rheumatic Disorders	
M33.92	HCC93	Rheumatoid Arthritis and Other Specified Inflammatory Rheumatic Disorders	
M33.93	HCC93	Rheumatoid Arthritis and Other Specified Inflammatory Rheumatic Disorders	
M33.99	HCC93	Rheumatoid Arthritis and Other Specified Inflammatory Rheumatic Disorders	
M34.0	HCC93	Rheumatoid Arthritis and Other Specified Inflammatory Rheumatic Disorders	
M34.1	HCC93	Rheumatoid Arthritis and Other Specified Inflammatory Rheumatic Disorders	
M34.81	HCC278	Idiopathic Pulmonary Fibrosis and Lung Involvement in Systemic Sclerosis	
M34.81	HCC93	Rheumatoid Arthritis and Other Specified Inflammatory Rheumatic Disorders	
M34.82	HCC93	Rheumatoid Arthritis and Other Specified Inflammatory Rheumatic Disorders	
M34.83	HCC93	Rheumatoid Arthritis and Other Specified Inflammatory Rheumatic Disorders	
M34.89	HCC93	Rheumatoid Arthritis and Other Specified Inflammatory Rheumatic Disorders	
M34.9	HCC93	Rheumatoid Arthritis and Other Specified Inflammatory Rheumatic Disorders	
M35.02	HCC280	Chronic Obstructive Pulmonary Disease, Interstitial Lung Disorders, and Other Chronic Lung Disorders	
M35.2	HCC94	Systemic Lupus Erythematosus and Other Specified Systemic Connective Tissue Disorders	
M35.81	HCC2	Septicemia, Sepsis, Systemic Inflammatory Response Syndrome/Shock	
M36.0	HCC93	Rheumatoid Arthritis and Other Specified Inflammatory Rheumatic Disorders	
M45.0	HCC93	Rheumatoid Arthritis and Other Specified Inflammatory Rheumatic Disorders	
M45.1	HCC93	Rheumatoid Arthritis and Other Specified Inflammatory Rheumatic Disorders	
M45.2	HCC93	Rheumatoid Arthritis and Other Specified Inflammatory Rheumatic Disorders	
M45.3	HCC93	Rheumatoid Arthritis and Other Specified Inflammatory Rheumatic Disorders	
M45.4	HCC93	Rheumatoid Arthritis and Other Specified Inflammatory Rheumatic Disorders	
M45.5	HCC93	Rheumatoid Arthritis and Other Specified Inflammatory Rheumatic Disorders	
M45.6	HCC93	Rheumatoid Arthritis and Other Specified Inflammatory Rheumatic Disorders	
M45.7	HCC93	Rheumatoid Arthritis and Other Specified Inflammatory Rheumatic Disorders	
M45.8	HCC93	Rheumatoid Arthritis and Other Specified Inflammatory Rheumatic Disorders	
M45.9	HCC93	Rheumatoid Arthritis and Other Specified Inflammatory Rheumatic Disorders	
M45.A0	HCC93	Rheumatoid Arthritis and Other Specified Inflammatory Rheumatic Disorders	
M45.A1	HCC93	Rheumatoid Arthritis and Other Specified Inflammatory Rheumatic Disorders	
M45.A2	HCC93	Rheumatoid Arthritis and Other Specified Inflammatory Rheumatic Disorders	
M45.A3	HCC93	Rheumatoid Arthritis and Other Specified Inflammatory Rheumatic Disorders	
M45.A4	HCC93	Rheumatoid Arthritis and Other Specified Inflammatory Rheumatic Disorders	
M45.A5	HCC93	Rheumatoid Arthritis and Other Specified Inflammatory Rheumatic Disorders	
M45.A6	HCC93	Rheumatoid Arthritis and Other Specified Inflammatory Rheumatic Disorders	
M45.A7	HCC93	Rheumatoid Arthritis and Other Specified Inflammatory Rheumatic Disorders	
M45.A8	HCC93	Rheumatoid Arthritis and Other Specified Inflammatory Rheumatic Disorders	
M45.AB	HCC93	Rheumatoid Arthritis and Other Specified Inflammatory Rheumatic Disorders	
M46.20	HCC92	Bone/Joint/Muscle/Severe Soft Tissue Infections/Necrosis	
M46.21	HCC92	Bone/Joint/Muscle/Severe Soft Tissue Infections/Necrosis	
M46.22	HCC92	Bone/Joint/Muscle/Severe Soft Tissue Infections/Necrosis	
M46.23	HCC92	Bone/Joint/Muscle/Severe Soft Tissue Infections/Necrosis	
M46.24	HCC92	Bone/Joint/Muscle/Severe Soft Tissue Infections/Necrosis	
M46.25	HCC92	Bone/Joint/Muscle/Severe Soft Tissue Infections/Necrosis	
M46.26	HCC92	Bone/Joint/Muscle/Severe Soft Tissue Infections/Necrosis	
M46.27	HCC92	Bone/Joint/Muscle/Severe Soft Tissue Infections/Necrosis	
M46.28	HCC92	Bone/Joint/Muscle/Severe Soft Tissue Infections/Necrosis	
M46.30	HCC92	Bone/Joint/Muscle/Severe Soft Tissue Infections/Necrosis	
M46.31	HCC92	Bone/Joint/Muscle/Severe Soft Tissue Infections/Necrosis	
M46.32	HCC92	Bone/Joint/Muscle/Severe Soft Tissue Infections/Necrosis	
M46.33	HCC92	Bone/Joint/Muscle/Severe Soft Tissue Infections/Necrosis	
M46.34	HCC92	Bone/Joint/Muscle/Severe Soft Tissue Infections/Necrosis	
M46.35	HCC92	Bone/Joint/Muscle/Severe Soft Tissue Infections/Necrosis	
M46.36	HCC92	Bone/Joint/Muscle/Severe Soft Tissue Infections/Necrosis	
M46.37	HCC92	Bone/Joint/Muscle/Severe Soft Tissue Infections/Necrosis	
M46.38	HCC92	Bone/Joint/Muscle/Severe Soft Tissue Infections/Necrosis	
M46.39	HCC92	Bone/Joint/Muscle/Severe Soft Tissue Infections/Necrosis	
M48.50XA	HCC401	Vertebral Fractures without Spinal Cord Injury	
M48.51XA	HCC401	Vertebral Fractures without Spinal Cord Injury	
M48.52XA	HCC401	Vertebral Fractures without Spinal Cord Injury	
M48.53XA	HCC401	Vertebral Fractures without Spinal Cord Injury	
M48.54XA	HCC401	Vertebral Fractures without Spinal Cord Injury	
M48.55XA	HCC401	Vertebral Fractures without Spinal Cord Injury	
M48.56XA	HCC401	Vertebral Fractures without Spinal Cord Injury	
M48.57XA	HCC401	Vertebral Fractures without Spinal Cord Injury	
M48.58XA	HCC401	Vertebral Fractures without Spinal Cord Injury	
M48.8X1	HCC93	Rheumatoid Arthritis and Other Specified Inflammatory Rheumatic Disorders	
M48.8X2	HCC93	Rheumatoid Arthritis and Other Specified Inflammatory Rheumatic Disorders	
M48.8X3	HCC93	Rheumatoid Arthritis and Other Specified Inflammatory Rheumatic Disorders	
M48.8X4	HCC93	Rheumatoid Arthritis and Other Specified Inflammatory Rheumatic Disorders	
M48.8X5	HCC93	Rheumatoid Arthritis and Other Specified Inflammatory Rheumatic Disorders	
M48.8X6	HCC93	Rheumatoid Arthritis and Other Specified Inflammatory Rheumatic Disorders	
M48.8X7	HCC93	Rheumatoid Arthritis and Other Specified Inflammatory Rheumatic Disorders	
M48.8X8	HCC93	Rheumatoid Arthritis and Other Specified Inflammatory Rheumatic Disorders	
M48.8X9	HCC93	Rheumatoid Arthritis and Other Specified Inflammatory Rheumatic Disorders	
M72.6	HCC92	Bone/Joint/Muscle/Severe Soft Tissue Infections/Necrosis	
M80.051A	HCC402	Hip Fracture/Dislocation	mce: age >= 15
M80.052A	HCC402	Hip Fracture/Dislocation	mce: age >= 15
M80.059A	HCC402	Hip Fracture/Dislocation	mce: age >= 15
M80.08XA	HCC401	Vertebral Fractures without Spinal Cord Injury	mce: age >= 15
M80.851A	HCC402	Hip Fracture/Dislocation	
M80.852A	HCC402	Hip Fracture/Dislocation	
M80.859A	HCC402	Hip Fracture/Dislocation	
M80.88XA	HCC401	Vertebral Fractures without Spinal Cord Injury	
M84.451A	HCC402	Hip Fracture/Dislocation	
M84.452A	HCC402	Hip Fracture/Dislocation	
M84.453A	HCC402	Hip Fracture/Dislocation	
M84.459A	HCC402	Hip Fracture/Dislocation	
M84.551A	HCC402	Hip Fracture/Dislocation	
M84.552A	HCC402	Hip Fracture/Dislocation	
M84.553A	HCC402	Hip Fracture/Dislocation	
M84.559A	HCC402	Hip Fracture/Dislocation	
M84.651A	HCC402	Hip Fracture/Dislocation	
M84.652A	HCC402	Hip Fracture/Dislocation	
M84.653A	HCC402	Hip Fracture/Dislocation	
M84.659A	HCC402	Hip Fracture/Dislocation	
M84.754A	HCC402	Hip Fracture/Dislocation	
M84.755A	HCC402	Hip Fracture/Dislocation	
M84.756A	HCC402	Hip Fracture/Dislocation	
M84.757A	HCC402	Hip Fracture/Dislocation	
M84.758A	HCC402	Hip Fracture/Dislocation	
M84.759A	HCC402	Hip Fracture/Dislocation	
M86.00	HCC92	Bone/Joint/Muscle/Severe Soft Tissue Infections/Necrosis	
M86.011	HCC92	Bone/Joint/Muscle/Severe Soft Tissue Infections/Necrosis	
M86.012	HCC92	Bone/Joint/Muscle/Severe Soft Tissue Infections/Necrosis	
M86.019	HCC92	Bone/Joint/Muscle/Severe Soft Tissue Infections/Necrosis	
M86.021	HCC92	Bone/Joint/Muscle/Severe Soft Tissue Infections/Necrosis	
M86.022	HCC92	Bone/Joint/Muscle/Severe Soft Tissue Infections/Necrosis	
M86.029	HCC92	Bone/Joint/Muscle/Severe Soft Tissue Infections/Necrosis	
M86.031	HCC92	Bone/Joint/Muscle/Severe Soft Tissue Infections/Necrosis	
M86.032	HCC92	Bone/Joint/Muscle/Severe Soft Tissue Infections/Necrosis	
M86.039	HCC92	Bone/Joint/Muscle/Severe Soft Tissue Infections/Necrosis	
M86.041	HCC92	Bone/Joint/Muscle/Severe Soft Tissue Infections/Necrosis	
M86.042	HCC92	Bone/Joint/Muscle/Severe Soft Tissue Infections/Necrosis	
M86.049	HCC92	Bone/Joint/Muscle/Severe Soft Tissue Infections/Necrosis	
M86.051	HCC92	Bone/Joint/Muscle/Severe Soft Tissue Infections/Necrosis	
M86.052	HCC92	Bone/Joint/Muscle/Severe Soft Tissue Infections/Necrosis	
M86.059	HCC92	Bone/Joint/Muscle/Severe Soft Tissue Infections/Necrosis	
M86.061	HCC92	Bone/Joint/Muscle/Severe Soft Tissue Infections/Necrosis	
M86.062	HCC92	Bone/Joint/Muscle/Severe Soft Tissue Infections/Necrosis	
M86.069	HCC92	Bone/Joint/Muscle/Severe Soft Tissue Infections/Necrosis	
M86.071	HCC92	Bone/Joint/Muscle/Severe Soft Tissue Infections/Necrosis	
M86.072	HCC92	Bone/Joint/Muscle/Severe Soft Tissue Infections/Necrosis	
M86.079	HCC92	Bone/Joint/Muscle/Severe Soft Tissue Infections/Necrosis	
M86.08	HCC92	Bone/Joint/Muscle/Severe Soft Tissue Infections/Necrosis	
M86.09	HCC92	Bone/Joint/Muscle/Severe Soft Tissue Infections/Necrosis	
M86.10	HCC92	Bone/Joint/Muscle/Severe Soft Tissue Infections/Necrosis	
M86.111	HCC92	Bone/Joint/Muscle/Severe Soft Tissue Infections/Necrosis	
M86.112	HCC92	Bone/Joint/Muscle/Severe Soft Tissue Infections/Necrosis	
M86.119	HCC92	Bone/Joint/Muscle/Severe Soft Tissue Infections/Necrosis	
M86.121	HCC92	Bone/Joint/Muscle/Severe Soft Tissue Infections/Necrosis	
M86.122	HCC92	Bone/Joint/Muscle/Severe Soft Tissue Infections/Necrosis	
M86.129	HCC92	Bone/Joint/Muscle/Severe Soft Tissue Infections/Necrosis	
M86.131	HCC92	Bone/Joint/Muscle/Severe Soft Tissue Infections/Necrosis	
M86.132	HCC92	Bone/Joint/Muscle/Severe Soft Tissue Infections/Necrosis	
M86.139	HCC92	Bone/Joint/Muscle/Severe Soft Tissue Infections/Necrosis	
M86.141	HCC92	Bone/Joint/Muscle/Severe Soft Tissue Infections/Necrosis	
M86.142	HCC92	Bone/Joint/Muscle/Severe Soft Tissue Infections/Necrosis	
M86.149	HCC92	Bone/Joint/Muscle/Severe Soft Tissue Infections/Necrosis	
M86.151	HCC92	Bone/Joint/Muscle/Severe Soft Tissue Infections/Necrosis	
M86.152	HCC92	Bone/Joint/Muscle/Severe Soft Tissue Infections/Necrosis	
M86.159	HCC92	Bone/Joint/Muscle/Severe Soft Tissue Infections/Necrosis	
M86.161	HCC92	Bone/Joint/Muscle/Severe Soft Tissue Infections/Necrosis	
M86.162	HCC92	Bone/Joint/Muscle/Severe Soft Tissue Infections/Necrosis	
M86.169	HCC92	Bone/Joint/Muscle/Severe Soft Tissue Infections/Necrosis	
M86.171	HCC92	Bone/Joint/Muscle/Severe Soft Tissue Infections/Necrosis	
M86.172	HCC92	Bone/Joint/Muscle/Severe Soft Tissue Infections/Necrosis	
M86.179	HCC92	Bone/Joint/Muscle/Severe Soft Tissue Infections/Necrosis	
M86.18	HCC92	Bone/Joint/Muscle/Severe Soft Tissue Infections/Necrosis	
M86.19	HCC92	Bone/Joint/Muscle/Severe Soft Tissue Infections/Necrosis	
M86.20	HCC92	Bone/Joint/Muscle/Severe Soft Tissue Infections/Necrosis	
M86.211	HCC92	Bone/Joint/Muscle/Severe Soft Tissue Infections/Necrosis	
M86.212	HCC92	Bone/Joint/Muscle/Severe Soft Tissue Infections/Necrosis	
M86.219	HCC92	Bone/Joint/Muscle/Severe Soft Tissue Infections/Necrosis	
M86.221	HCC92	Bone/Joint/Muscle/Severe Soft Tissue Infections/Necrosis	
M86.222	HCC92	Bone/Joint/Muscle/Severe Soft Tissue Infections/Necrosis	
M86.229	HCC92	Bone/Joint/Muscle/Severe Soft Tissue Infections/Necrosis	
M86.231	HCC92	Bone/Joint/Muscle/Severe Soft Tissue Infections/Necrosis	
M86.232	HCC92	Bone/Joint/Muscle/Severe Soft Tissue Infections/Necrosis	
M86.239	HCC92	Bone/Joint/Muscle/Severe Soft Tissue Infections/Necrosis	
M86.241	HCC92	Bone/Joint/Muscle/Severe Soft Tissue Infections/Necrosis	
M86.242	HCC92	Bone/Joint/Muscle/Severe Soft Tissue Infections/Necrosis	
M86.249	HCC92	Bone/Joint/Muscle/Severe Soft Tissue Infections/Necrosis	
M86.251	HCC92	Bone/Joint/Muscle/Severe Soft Tissue Infections/Necrosis	
M86.252	HCC92	Bone/Joint/Muscle/Severe Soft Tissue Infections/Necrosis	
M86.259	HCC92	Bone/Joint/Muscle/Severe Soft Tissue Infections/Necrosis	
M86.261	HCC92	Bone/Joint/Muscle/Severe Soft Tissue Infections/Necrosis	
M86.262	HCC92	Bone/Joint/Muscle/Severe Soft Tissue Infections/Necrosis	
M86.269	HCC92	Bone/Joint/Muscle/Severe Soft Tissue Infections/Necrosis	
M86.271	HCC92	Bone/Joint/Muscle/Severe Soft Tissue Infections/Necrosis	
M86.272	HCC92	Bone/Joint/Muscle/Severe Soft Tissue Infections/Necrosis	
M86.279	HCC92	Bone/Joint/Muscle/Severe Soft Tissue Infections/Necrosis	
M86.28	HCC92	Bone/Joint/Muscle/Severe Soft Tissue Infections/Necrosis	
M86.29	HCC92	Bone/Joint/Muscle/Severe Soft Tissue Infections/Necrosis	
M86.30	HCC92	Bone/Joint/Muscle/Severe Soft Tissue Infections/Necrosis	
M86.311	HCC92	Bone/Joint/Muscle/Severe Soft Tissue Infections/Necrosis	
M86.312	HCC92	Bone/Joint/Muscle/Severe Soft Tissue Infections/Necrosis	
M86.319	HCC92	Bone/Joint/Muscle/Severe Soft Tissue Infections/Necrosis	
M86.321	HCC92	Bone/Joint/Muscle/Severe Soft Tissue Infections/Necrosis	
M86.322	HCC92	Bone/Joint/Muscle/Severe Soft Tissue Infections/Necrosis	
M86.329	HCC92	Bone/Joint/Muscle/Severe Soft Tissue Infections/Necrosis	
M86.331	HCC92	Bone/Joint/Muscle/Severe Soft Tissue Infections/Necrosis	
M86.332	HCC92	Bone/Joint/Muscle/Severe Soft Tissue Infections/Necrosis	
M86.339	HCC92	Bone/Joint/Muscle/Severe Soft Tissue Infections/Necrosis	
M86.341	HCC92	Bone/Joint/Muscle/Severe Soft Tissue Infections/Necrosis	
M86.342	HCC92	Bone/Joint/Muscle/Severe Soft Tissue Infections/Necrosis	
M86.349	HCC92	Bone/Joint/Muscle/Severe Soft Tissue Infections/Necrosis	
M86.351	HCC92	Bone/Joint/Muscle/Severe Soft Tissue Infections/Necrosis	
M86.352	HCC92	Bone/Joint/Muscle/Severe Soft Tissue Infections/Necrosis	
M86.359	HCC92	Bone/Joint/Muscle/Severe Soft Tissue Infections/Necrosis	
M86.361	HCC92	Bone/Joint/Muscle/Severe Soft Tissue Infections/Necrosis	
M86.362	HCC92	Bone/Joint/Muscle/Severe Soft Tissue Infections/Necrosis	
M86.369	HCC92	Bone/Joint/Muscle/Severe Soft Tissue Infections/Necrosis	
M86.371	HCC92	Bone/Joint/Muscle/Severe Soft Tissue Infections/Necrosis	
M86.372	HCC92	Bone/Joint/Muscle/Severe Soft Tissue Infections/Necrosis	
M86.379	HCC92	Bone/Joint/Muscle/Severe Soft Tissue Infections/Necrosis	
M86.38	HCC92	Bone/Joint/Muscle/Severe Soft Tissue Infections/Necrosis	
M86.39	HCC92	Bone/Joint/Muscle/Severe Soft Tissue Infections/Necrosis	
M86.40	HCC92	Bone/Joint/Muscle/Severe Soft Tissue Infections/Necrosis	
M86.411	HCC92	Bone/Joint/Muscle/Severe Soft Tissue Infections/Necrosis	
M86.412	HCC92	Bone/Joint/Muscle/Severe Soft Tissue Infections/Necrosis	
M86.419	HCC92	Bone/Joint/Muscle/Severe Soft Tissue Infections/Necrosis	
M86.421	HCC92	Bone/Joint/Muscle/Severe Soft Tissue Infections/Necrosis	
M86.422	HCC92	Bone/Joint/Muscle/Severe Soft Tissue Infections/Necrosis	
M86.429	HCC92	Bone/Joint/Muscle/Severe Soft Tissue Infections/Necrosis	
M86.431	HCC92	Bone/Joint/Muscle/Severe Soft Tissue Infections/Necrosis	
M86.432	HCC92	Bone/Joint/Muscle/Severe Soft Tissue Infections/Necrosis	
M86.439	HCC92	Bone/Joint/Muscle/Severe Soft Tissue Infections/Necrosis	
M86.441	HCC92	Bone/Joint/Muscle/Severe Soft Tissue Infections/Necrosis	
M86.442	HCC92	Bone/Joint/Muscle/Severe Soft Tissue Infections/Necrosis	
M86.449	HCC92	Bone/Joint/Muscle/Severe Soft Tissue Infections/Necrosis	
M86.451	HCC92	Bone/Joint/Muscle/Severe Soft Tissue Infections/Necrosis	
M86.452	HCC92	Bone/Joint/Muscle/Severe Soft Tissue Infections/Necrosis	
M86.459	HCC92	Bone/Joint/Muscle/Severe Soft Tissue Infections/Necrosis	
M86.461	HCC92	Bone/Joint/Muscle/Severe Soft Tissue Infections/Necrosis	
M86.462	HCC92	Bone/Joint/Muscle/Severe Soft Tissue Infections/Necrosis	
M86.469	HCC92	Bone/Joint/Muscle/Severe Soft Tissue Infections/Necrosis	
M86.471	HCC92	Bone/Joint/Muscle/Severe Soft Tissue Infections/Necrosis	
M86.472	HCC92	Bone/Joint/Muscle/Severe Soft Tissue Infections/Necrosis	
M86.479	HCC92	Bone/Joint/Muscle/Severe Soft Tissue Infections/Necrosis	
M86.48	HCC92	Bone/Joint/Muscle/Severe Soft Tissue Infections/Necrosis	
M86.49	HCC92	Bone/Joint/Muscle/Severe Soft Tissue Infections/Necrosis	
M86.50	HCC92	Bone/Joint/Muscle/Severe Soft Tissue Infections/Necrosis	
M86.511	HCC92	Bone/Joint/Muscle/Severe Soft Tissue Infections/Necrosis	
M86.512	HCC92	Bone/Joint/Muscle/Severe Soft Tissue Infections/Necrosis	
M86.519	HCC92	Bone/Joint/Muscle/Severe Soft Tissue Infections/Necrosis	
M86.521	HCC92	Bone/Joint/Muscle/Severe Soft Tissue Infections/Necrosis	
M86.522	HCC92	Bone/Joint/Muscle/Severe Soft Tissue Infections/Necrosis	
M86.529	HCC92	Bone/Joint/Muscle/Severe Soft Tissue Infections/Necrosis	
M86.531	HCC92	Bone/Joint/Muscle/Severe Soft Tissue Infections/Necrosis	
M86.532	HCC92	Bone/Joint/Muscle/Severe Soft Tissue Infections/Necrosis	
M86.539	HCC92	Bone/Joint/Muscle/Severe Soft Tissue Infections/Necrosis	
M86.541	HCC92	Bone/Joint/Muscle/Severe Soft Tissue Infections/Necrosis	
M86.542	HCC92	Bone/Joint/Muscle/Severe Soft Tissue Infections/Necrosis	
M86.549	HCC92	Bone/Joint/Muscle/Severe Soft Tissue Infections/Necrosis	
M86.551	HCC92	Bone/Joint/Muscle/Severe Soft Tissue Infections/Necrosis	
M86.552	HCC92	Bone/Joint/Muscle/Severe Soft Tissue Infections/Necrosis	
M86.559	HCC92	Bone/Joint/Muscle/Severe Soft Tissue Infections/Necrosis	
M86.561	HCC92	Bone/Joint/Muscle/Severe Soft Tissue Infections/Necrosis	
M86.562	HCC92	Bone/Joint/Muscle/Severe Soft Tissue Infections/Necrosis	
M86.569	HCC92	Bone/Joint/Muscle/Severe Soft Tissue Infections/Necrosis	
M86.571	HCC92	Bone/Joint/Muscle/Severe Soft Tissue Infections/Necrosis	
M86.572	HCC92	Bone/Joint/Muscle/Severe Soft Tissue Infections/Necrosis	
M86.579	HCC92	Bone/Joint/Muscle/Severe Soft Tissue Infections/Necrosis	
M86.58	HCC92	Bone/Joint/Muscle/Severe Soft Tissue Infections/Necrosis	
M86.59	HCC92	Bone/Joint/Muscle/Severe Soft Tissue Infections/Necrosis	
M86.60	HCC92	Bone/Joint/Muscle/Severe Soft Tissue Infections/Necrosis	
M86.611	HCC92	Bone/Joint/Muscle/Severe Soft Tissue Infections/Necrosis	
M86.612	HCC92	Bone/Joint/Muscle/Severe Soft Tissue Infections/Necrosis	
M86.619	HCC92	Bone/Joint/Muscle/Severe Soft Tissue Infections/Necrosis	
M86.621	HCC92	Bone/Joint/Muscle/Severe Soft Tissue Infections/Necrosis	
M86.622	HCC92	Bone/Joint/Muscle/Severe Soft Tissue Infections/Necrosis	
M86.629	HCC92	Bone/Joint/Muscle/Severe Soft Tissue Infections/Necrosis	
M86.631	HCC92	Bone/Joint/Muscle/Severe Soft Tissue Infections/Necrosis	
M86.632	HCC92	Bone/Joint/Muscle/Severe Soft Tissue Infections/Necrosis	
M86.639	HCC92	Bone/Joint/Muscle/Severe Soft Tissue Infections/Necrosis	
M86.641	HCC92	Bone/Joint/Muscle/Severe Soft Tissue Infections/Necrosis	
M86.642	HCC92	Bone/Joint/Muscle/Severe Soft Tissue Infections/Necrosis	
M86.649	HCC92	Bone/Joint/Muscle/Severe Soft Tissue Infections/Necrosis	
M86.651	HCC92	Bone/Joint/Muscle/Severe Soft Tissue Infections/Necrosis	
M86.652	HCC92	Bone/Joint/Muscle/Severe Soft Tissue Infections/Necrosis	
M86.659	HCC92	Bone/Joint/Muscle/Severe Soft Tissue Infections/Necrosis	
M86.661	HCC92	Bone/Joint/Muscle/Severe Soft Tissue Infections/Necrosis	
M86.662	HCC92	Bone/Joint/Muscle/Severe Soft Tissue Infections/Necrosis	
M86.669	HCC92	Bone/Joint/Muscle/Severe Soft Tissue Infections/Necrosis	
M86.671	HCC92	Bone/Joint/Muscle/Severe Soft Tissue Infections/Necrosis	
M86.672	HCC92	Bone/Joint/Muscle/Severe Soft Tissue Infections/Necrosis	
M86.679	HCC92	Bone/Joint/Muscle/Severe Soft Tissue Infections/Necrosis	
M86.68	HCC92	Bone/Joint/Muscle/Severe Soft Tissue Infections/Necrosis	
M86.69	HCC92	Bone/Joint/Muscle/Severe Soft Tissue Infections/Necrosis	
M86.8X0	HCC92	Bone/Joint/Muscle/Severe Soft Tissue Infections/Necrosis	
M86.8X1	HCC92	Bone/Joint/Muscle/Severe Soft Tissue Infections/Necrosis	
M86.8X2	HCC92	Bone/Joint/Muscle/Severe Soft Tissue Infections/Necrosis	
M86.8X3	HCC92	Bone/Joint/Muscle/Severe Soft Tissue Infections/Necrosis	
M86.8X4	HCC92	Bone/Joint/Muscle/Severe Soft Tissue Infections/Necrosis	
M86.8X5	HCC92	Bone/Joint/Muscle/Severe Soft Tissue Infections/Necrosis	
M86.8X6	HCC92	Bone/Joint/Muscle/Severe Soft Tissue Infections/Necrosis	
M86.8X7	HCC92	Bone/Joint/Muscle/Severe Soft Tissue Infections/Necrosis	
M86.8X8	HCC92	Bone/Joint/Muscle/Severe Soft Tissue Infections/Necrosis	
M86.8X9	HCC92	Bone/Joint/Muscle/Severe Soft Tissue Infections/Necrosis	
M86.9	HCC92	Bone/Joint/Muscle/Severe Soft Tissue Infections/Necrosis	
M87.00	HCC92	Bone/Joint/Muscle/Severe Soft Tissue Infections/Necrosis	
M87.011	HCC92	Bone/Joint/Muscle/Severe Soft Tissue Infections/Necrosis	
M87.012	HCC92	Bone/Joint/Muscle/Severe Soft Tissue Infections/Necrosis	
M87.019	HCC92	Bone/Joint/Muscle/Severe Soft Tissue Infections/Necrosis	
M87.021	HCC92	Bone/Joint/Muscle/Severe Soft Tissue Infections/Necrosis	
M87.022	HCC92	Bone/Joint/Muscle/Severe Soft Tissue Infections/Necrosis	
M87.029	HCC92	Bone/Joint/Muscle/Severe Soft Tissue Infections/Necrosis	
M87.031	HCC92	Bone/Joint/Muscle/Severe Soft Tissue Infections/Necrosis	
M87.032	HCC92	Bone/Joint/Muscle/Severe Soft Tissue Infections/Necrosis	
M87.033	HCC92	Bone/Joint/Muscle/Severe Soft Tissue Infections/Necrosis	
M87.034	HCC92	Bone/Joint/Muscle/Severe Soft Tissue Infections/Necrosis	
M87.035	HCC92	Bone/Joint/Muscle/Severe Soft Tissue Infections/Necrosis	
M87.036	HCC92	Bone/Joint/Muscle/Severe Soft Tissue Infections/Necrosis	
M87.037	HCC92	Bone/Joint/Muscle/Severe Soft Tissue Infections/Necrosis	
M87.038	HCC92	Bone/Joint/Muscle/Severe Soft Tissue Infections/Necrosis	
M87.039	HCC92	Bone/Joint/Muscle/Severe Soft Tissue Infections/Necrosis	
M87.041	HCC92	Bone/Joint/Muscle/Severe Soft Tissue Infections/Necrosis	
M87.042	HCC92	Bone/Joint/Muscle/Severe Soft Tissue Infections/Necrosis	
M87.043	HCC92	Bone/Joint/Muscle/Severe Soft Tissue Infections/Necrosis	
M87.044	HCC92	Bone/Joint/Muscle/Severe Soft Tissue Infections/Necrosis	
M87.045	HCC92	Bone/Joint/Muscle/Severe Soft Tissue Infections/Necrosis	
M87.046	HCC92	Bone/Joint/Muscle/Severe Soft Tissue Infections/Necrosis	
M87.050	HCC92	Bone/Joint/Muscle/Severe Soft Tissue Infections/Necrosis	
M87.051	HCC92	Bone/Joint/Muscle/Severe Soft Tissue Infections/Necrosis	
M87.052	HCC92	Bone/Joint/Muscle/Severe Soft Tissue Infections/Necrosis	
M87.059	HCC92	Bone/Joint/Muscle/Severe Soft Tissue Infections/Necrosis	
M87.061	HCC92	Bone/Joint/Muscle/Severe Soft Tissue Infections/Necrosis	
M87.062	HCC92	Bone/Joint/Muscle/Severe Soft Tissue Infections/Necrosis	
M87.063	HCC92	Bone/Joint/Muscle/Severe Soft Tissue Infections/Necrosis	
M87.064	HCC92	Bone/Joint/Muscle/Severe Soft Tissue Infections/Necrosis	
M87.065	HCC92	Bone/Joint/Muscle/Severe Soft Tissue Infections/Necrosis	
M87.066	HCC92	Bone/Joint/Muscle/Severe Soft Tissue Infections/Necrosis	
M87.071	HCC92	Bone/Joint/Muscle/Severe Soft Tissue Infections/Necrosis	
M87.072	HCC92	Bone/Joint/Muscle/Severe Soft Tissue Infections/Necrosis	
M87.073	HCC92	Bone/Joint/Muscle/Severe Soft Tissue Infections/Necrosis	
M87.074	HCC92	Bone/Joint/Muscle/Severe Soft Tissue Infections/Necrosis	
M87.075	HCC92	Bone/Joint/Muscle/Severe Soft Tissue Infections/Necrosis	
M87.076	HCC92	Bone/Joint/Muscle/Severe Soft Tissue Infections/Necrosis	
M87.077	HCC92	Bone/Joint/Muscle/Severe Soft Tissue Infections/Necrosis	
M87.078	HCC92	Bone/Joint/Muscle/Severe Soft Tissue Infections/Necrosis	
M87.079	HCC92	Bone/Joint/Muscle/Severe Soft Tissue Infections/Necrosis	
M87.08	HCC92	Bone/Joint/Muscle/Severe Soft Tissue Infections/Necrosis	
M87.09	HCC92	Bone/Joint/Muscle/Severe Soft Tissue Infections/Necrosis	
M87.20	HCC92	Bone/Joint/Muscle/Severe Soft Tissue Infections/Necrosis	
M87.211	HCC92	Bone/Joint/Muscle/Severe Soft Tissue Infections/Necrosis	
M87.212	HCC92	Bone/Joint/Muscle/Severe Soft Tissue Infections/Necrosis	
M87.219	HCC92	Bone/Joint/Muscle/Severe Soft Tissue Infections/Necrosis	
M87.221	HCC92	Bone/Joint/Muscle/Severe Soft Tissue Infections/Necrosis	
M87.222	HCC92	Bone/Joint/Muscle/Severe Soft Tissue Infections/Necrosis	
M87.229	HCC92	Bone/Joint/Muscle/Severe Soft Tissue Infections/Necrosis	
M87.231	HCC92	Bone/Joint/Muscle/Severe Soft Tissue Infections/Necrosis	
M87.232	HCC92	Bone/Joint/Muscle/Severe Soft Tissue Infections/Necrosis	
M87.233	HCC92	Bone/Joint/Muscle/Severe Soft Tissue Infections/Necrosis	
M87.234	HCC92	Bone/Joint/Muscle/Severe Soft Tissue Infections/Necrosis	
M87.235	HCC92	Bone/Joint/Muscle/Severe Soft Tissue Infections/Necrosis	
M87.236	HCC92	Bone/Joint/Muscle/Severe Soft Tissue Infections/Necrosis	
M87.237	HCC92	Bone/Joint/Muscle/Severe Soft Tissue Infections/Necrosis	
M87.238	HCC92	Bone/Joint/Muscle/Severe Soft Tissue Infections/Necrosis	
M87.239	HCC92	Bone/Joint/Muscle/Severe Soft Tissue Infections/Necrosis	
M87.241	HCC92	Bone/Joint/Muscle/Severe Soft Tissue Infections/Necrosis	
M87.242	HCC92	Bone/Joint/Muscle/Severe Soft Tissue Infections/Necrosis	
M87.243	HCC92	Bone/Joint/Muscle/Severe Soft Tissue Infections/Necrosis	
M87.244	HCC92	Bone/Joint/Muscle/Severe Soft Tissue Infections/Necrosis	
M87.245	HCC92	Bone/Joint/Muscle/Severe Soft Tissue Infections/Necrosis	
M87.246	HCC92	Bone/Joint/Muscle/Severe Soft Tissue Infections/Necrosis	
M87.250	HCC92	Bone/Joint/Muscle/Severe Soft Tissue Infections/Necrosis	
M87.251	HCC92	Bone/Joint/Muscle/Severe Soft Tissue Infections/Necrosis	
M87.252	HCC92	Bone/Joint/Muscle/Severe Soft Tissue Infections/Necrosis	
M87.256	HCC92	Bone/Joint/Muscle/Severe Soft Tissue Infections/Necrosis	
M87.261	HCC92	Bone/Joint/Muscle/Severe Soft Tissue Infections/Necrosis	
M87.262	HCC92	Bone/Joint/Muscle/Severe Soft Tissue Infections/Necrosis	
M87.263	HCC92	Bone/Joint/Muscle/Severe Soft Tissue Infections/Necrosis	
M87.264	HCC92	Bone/Joint/Muscle/Severe Soft Tissue Infections/Necrosis	
M87.265	HCC92	Bone/Joint/Muscle/Severe Soft Tissue Infections/Necrosis	
M87.266	HCC92	Bone/Joint/Muscle/Severe Soft Tissue Infections/Necrosis	
M87.271	HCC92	Bone/Joint/Muscle/Severe Soft Tissue Infections/Necrosis	
M87.272	HCC92	Bone/Joint/Muscle/Severe Soft Tissue Infections/Necrosis	
M87.273	HCC92	Bone/Joint/Muscle/Severe Soft Tissue Infections/Necrosis	
M87.274	HCC92	Bone/Joint/Muscle/Severe Soft Tissue Infections/Necrosis	
M87.275	HCC92	Bone/Joint/Muscle/Severe Soft Tissue Infections/Necrosis	
M87.276	HCC92	Bone/Joint/Muscle/Severe Soft Tissue Infections/Necrosis	
M87.277	HCC92	Bone/Joint/Muscle/Severe Soft Tissue Infections/Necrosis	
M87.278	HCC92	Bone/Joint/Muscle/Severe Soft Tissue Infections/Necrosis	
M87.279	HCC92	Bone/Joint/Muscle/Severe Soft Tissue Infections/Necrosis	
M87.28	HCC92	Bone/Joint/Muscle/Severe Soft Tissue Infections/Necrosis	
M87.29	HCC92	Bone/Joint/Muscle/Severe Soft Tissue Infections/Necrosis	
M87.30	HCC92	Bone/Joint/Muscle/Severe Soft Tissue Infections/Necrosis	
M87.311	HCC92	Bone/Joint/Muscle/Severe Soft Tissue Infections/Necrosis	
M87.312	HCC92	Bone/Joint/Muscle/Severe Soft Tissue Infections/Necrosis	
M87.319	HCC92	Bone/Joint/Muscle/Severe Soft Tissue Infections/Necrosis	
M87.321	HCC92	Bone/Joint/Muscle/Severe Soft Tissue Infections/Necrosis	
M87.322	HCC92	Bone/Joint/Muscle/Severe Soft Tissue Infections/Necrosis	
M87.329	HCC92	Bone/Joint/Muscle/Severe Soft Tissue Infections/Necrosis	
M87.331	HCC92	Bone/Joint/Muscle/Severe Soft Tissue Infections/Necrosis	
M87.332	HCC92	Bone/Joint/Muscle/Severe Soft Tissue Infections/Necrosis	
M87.333	HCC92	Bone/Joint/Muscle/Severe Soft Tissue Infections/Necrosis	
M87.334	HCC92	Bone/Joint/Muscle/Severe Soft Tissue Infections/Necrosis	
M87.335	HCC92	Bone/Joint/Muscle/Severe Soft Tissue Infections/Necrosis	
M87.336	HCC92	Bone/Joint/Muscle/Severe Soft Tissue Infections/Necrosis	
M87.337	HCC92	Bone/Joint/Muscle/Severe Soft Tissue Infections/Necrosis	
M87.338	HCC92	Bone/Joint/Muscle/Severe Soft Tissue Infections/Necrosis	
M87.339	HCC92	Bone/Joint/Muscle/Severe Soft Tissue Infections/Necrosis	
M87.341	HCC92	Bone/Joint/Muscle/Severe Soft Tissue Infections/Necrosis	
M87.342	HCC92	Bone/Joint/Muscle/Severe Soft Tissue Infections/Necrosis	
M87.343	HCC92	Bone/Joint/Muscle/Severe Soft Tissue Infections/Necrosis	
M87.344	HCC92	Bone/Joint/Muscle/Severe Soft Tissue Infections/Necrosis	
M87.345	HCC92	Bone/Joint/Muscle/Severe Soft Tissue Infections/Necrosis	
M87.346	HCC92	Bone/Joint/Muscle/Severe Soft Tissue Infections/Necrosis	
M87.350	HCC92	Bone/Joint/Muscle/Severe Soft Tissue Infections/Necrosis	
M87.351	HCC92	Bone/Joint/Muscle/Severe Soft Tissue Infections/Necrosis	
M87.352	HCC92	Bone/Joint/Muscle/Severe Soft Tissue Infections/Necrosis	
M87.353	HCC92	Bone/Joint/Muscle/Severe Soft Tissue Infections/Necrosis	
M87.361	HCC92	Bone/Joint/Muscle/Severe Soft Tissue Infections/Necrosis	
M87.362	HCC92	Bone/Joint/Muscle/Severe Soft Tissue Infections/Necrosis	
M87.363	HCC92	Bone/Joint/Muscle/Severe Soft Tissue Infections/Necrosis	
M87.364	HCC92	Bone/Joint/Muscle/Severe Soft Tissue Infections/Necrosis	
M87.365	HCC92	Bone/Joint/Muscle/Severe Soft Tissue Infections/Necrosis	
M87.366	HCC92	Bone/Joint/Muscle/Severe Soft Tissue Infections/Necrosis	
M87.371	HCC92	Bone/Joint/Muscle/Severe Soft Tissue Infections/Necrosis	
M87.372	HCC92	Bone/Joint/Muscle/Severe Soft Tissue Infections/Necrosis	
M87.373	HCC92	Bone/Joint/Muscle/Severe Soft Tissue Infections/Necrosis	
M87.374	HCC92	Bone/Joint/Muscle/Severe Soft Tissue Infections/Necrosis	
M87.375	HCC92	Bone/Joint/Muscle/Severe Soft Tissue Infections/Necrosis	
M87.376	HCC92	Bone/Joint/Muscle/Severe Soft Tissue Infections/Necrosis	
M87.377	HCC92	Bone/Joint/Muscle/Severe Soft Tissue Infections/Necrosis	
M87.378	HCC92	Bone/Joint/Muscle/Severe Soft Tissue Infections/Necrosis	
M87.379	HCC92	Bone/Joint/Muscle/Severe Soft Tissue Infections/Necrosis	
M87.38	HCC92	Bone/Joint/Muscle/Severe Soft Tissue Infections/Necrosis	
M87.39	HCC92	Bone/Joint/Muscle/Severe Soft Tissue Infections/Necrosis	
M87.80	HCC92	Bone/Joint/Muscle/Severe Soft Tissue Infections/Necrosis	
M87.811	HCC92	Bone/Joint/Muscle/Severe Soft Tissue Infections/Necrosis	
M87.812	HCC92	Bone/Joint/Muscle/Severe Soft Tissue Infections/Necrosis	
M87.819	HCC92	Bone/Joint/Muscle/Severe Soft Tissue Infections/Necrosis	
M87.821	HCC92	Bone/Joint/Muscle/Severe Soft Tissue Infections/Necrosis	
M87.822	HCC92	Bone/Joint/Muscle/Severe Soft Tissue Infections/Necrosis	
M87.829	HCC92	Bone/Joint/Muscle/Severe Soft Tissue Infections/Necrosis	
M87.831	HCC92	Bone/Joint/Muscle/Severe Soft Tissue Infections/Necrosis	
M87.832	HCC92	Bone/Joint/Muscle/Severe Soft Tissue Infections/Necrosis	
M87.833	HCC92	Bone/Joint/Muscle/Severe Soft Tissue Infections/Necrosis	
M87.834	HCC92	Bone/Joint/Muscle/Severe Soft Tissue Infections/Necrosis	
M87.835	HCC92	Bone/Joint/Muscle/Severe Soft Tissue Infections/Necrosis	
M87.836	HCC92	Bone/Joint/Muscle/Severe Soft Tissue Infections/Necrosis	
M87.837	HCC92	Bone/Joint/Muscle/Severe Soft Tissue Infections/Necrosis	
M87.838	HCC92	Bone/Joint/Muscle/Severe Soft Tissue Infections/Necrosis	
M87.839	HCC92	Bone/Joint/Muscle/Severe Soft Tissue Infections/Necrosis	
M87.841	HCC92	Bone/Joint/Muscle/Severe Soft Tissue Infections/Necrosis	
M87.842	HCC92	Bone/Joint/Muscle/Severe Soft Tissue Infections/Necrosis	
M87.843	HCC92	Bone/Joint/Muscle/Severe Soft Tissue Infections/Necrosis	
M87.844	HCC92	Bone/Joint/Muscle/Severe Soft Tissue Infections/Necrosis	
M87.845	HCC92	Bone/Joint/Muscle/Severe Soft Tissue Infections/Necrosis	
M87.849	HCC92	Bone/Joint/Muscle/Severe Soft Tissue Infections/Necrosis	
M87.850	HCC92	Bone/Joint/Muscle/Severe Soft Tissue Infections/Necrosis	
M87.851	HCC92	Bone/Joint/Muscle/Severe Soft Tissue Infections/Necrosis	
M87.852	HCC92	Bone/Joint/Muscle/Severe Soft Tissue Infections/Necrosis	
M87.859	HCC92	Bone/Joint/Muscle/Severe Soft Tissue Infections/Necrosis	
M87.861	HCC92	Bone/Joint/Muscle/Severe Soft Tissue Infections/Necrosis	
M87.862	HCC92	Bone/Joint/Muscle/Severe Soft Tissue Infections/Necrosis	
M87.863	HCC92	Bone/Joint/Muscle/Severe Soft Tissue Infections/Necrosis	
M87.864	HCC92	Bone/Joint/Muscle/Severe Soft Tissue Infections/Necrosis	
M87.865	HCC92	Bone/Joint/Muscle/Severe Soft Tissue Infections/Necrosis	
M87.869	HCC92	Bone/Joint/Muscle/Severe Soft Tissue Infections/Necrosis	
M87.871	HCC92	Bone/Joint/Muscle/Severe Soft Tissue Infections/Necrosis	
M87.872	HCC92	Bone/Joint/Muscle/Severe Soft Tissue Infections/Necrosis	
M87.873	HCC92	Bone/Joint/Muscle/Severe Soft Tissue Infections/Necrosis	
M87.874	HCC92	Bone/Joint/Muscle/Severe Soft Tissue Infections/Necrosis	
M87.875	HCC92	Bone/Joint/Muscle/Severe Soft Tissue Infections/Necrosis	
M87.876	HCC92	Bone/Joint/Muscle/Severe Soft Tissue Infections/Necrosis	
M87.877	HCC92	Bone/Joint/Muscle/Severe Soft Tissue Infections/Necrosis	
M87.878	HCC92	Bone/Joint/Muscle/Severe Soft Tissue Infections/Necrosis	
M87.879	HCC92	Bone/Joint/Muscle/Severe Soft Tissue Infections/Necrosis	
M87.88	HCC92	Bone/Joint/Muscle/Severe Soft Tissue Infections/Necrosis	
M87.89	HCC92	Bone/Joint/Muscle/Severe Soft Tissue Infections/Necrosis	
M87.9	HCC92	Bone/Joint/Muscle/Severe Soft Tissue Infections/Necrosis	
M89.60	HCC92	Bone/Joint/Muscle/Severe Soft Tissue Infections/Necrosis	
M89.611	HCC92	Bone/Joint/Muscle/Severe Soft Tissue Infections/Necrosis	
M89.612	HCC92	Bone/Joint/Muscle/Severe Soft Tissue Infections/Necrosis	
M89.619	HCC92	Bone/Joint/Muscle/Severe Soft Tissue Infections/Necrosis	
M89.621	HCC92	Bone/Joint/Muscle/Severe Soft Tissue Infections/Necrosis	
M89.622	HCC92	Bone/Joint/Muscle/Severe Soft Tissue Infections/Necrosis	
M89.629	HCC92	Bone/Joint/Muscle/Severe Soft Tissue Infections/Necrosis	
M89.631	HCC92	Bone/Joint/Muscle/Severe Soft Tissue Infections/Necrosis	
M89.632	HCC92	Bone/Joint/Muscle/Severe Soft Tissue Infections/Necrosis	
M89.639	HCC92	Bone/Joint/Muscle/Severe Soft Tissue Infections/Necrosis	
M89.641	HCC92	Bone/Joint/Muscle/Severe Soft Tissue Infections/Necrosis	
M89.642	HCC92	Bone/Joint/Muscle/Severe Soft Tissue Infections/Necrosis	
M89.649	HCC92	Bone/Joint/Muscle/Severe Soft Tissue Infections/Necrosis	
M89.651	HCC92	Bone/Joint/Muscle/Severe Soft Tissue Infections/Necrosis	
M89.652	HCC92	Bone/Joint/Muscle/Severe Soft Tissue Infections/Necrosis	
M89.659	HCC92	Bone/Joint/Muscle/Severe Soft Tissue Infections/Necrosis	
M89.661	HCC92	Bone/Joint/Muscle/Severe Soft Tissue Infections/Necrosis	
M89.662	HCC92	Bone/Joint/Muscle/Severe Soft Tissue Infections/Necrosis	
M89.669	HCC92	Bone/Joint/Muscle/Severe Soft Tissue Infections/Necrosis	
M89.671	HCC92	Bone/Joint/Muscle/Severe Soft Tissue Infections/Necrosis	
M89.672	HCC92	Bone/Joint/Muscle/Severe Soft Tissue Infections/Necrosis	
M89.679	HCC92	Bone/Joint/Muscle/Severe Soft Tissue Infections/Necrosis	
M89.68	HCC92	Bone/Joint/Muscle/Severe Soft Tissue Infections/Necrosis	
M89.69	HCC92	Bone/Joint/Muscle/Severe Soft Tissue Infections/Necrosis	
M90.50	HCC92	Bone/Joint/Muscle/Severe Soft Tissue Infections/Necrosis	
M90.511	HCC92	Bone/Joint/Muscle/Severe Soft Tissue Infections/Necrosis	
M90.512	HCC92	Bone/Joint/Muscle/Severe Soft Tissue Infections/Necrosis	
M90.519	HCC92	Bone/Joint/Muscle/Severe Soft Tissue Infections/Necrosis	
M90.521	HCC92	Bone/Joint/Muscle/Severe Soft Tissue Infections/Necrosis	
M90.522	HCC92	Bone/Joint/Muscle/Severe Soft Tissue Infections/Necrosis	
M90.529	HCC92	Bone/Joint/Muscle/Severe Soft Tissue Infections/Necrosis	
M90.531	HCC92	Bone/Joint/Muscle/Severe Soft Tissue Infections/Necrosis	
M90.532	HCC92	Bone/Joint/Muscle/Severe Soft Tissue Infections/Necrosis	
M90.539	HCC92	Bone/Joint/Muscle/Severe Soft Tissue Infections/Necrosis	
M90.541	HCC92	Bone/Joint/Muscle/Severe Soft Tissue Infections/Necrosis	
M90.542	HCC92	Bone/Joint/Muscle/Severe Soft Tissue Infections/Necrosis	
M90.549	HCC92	Bone/Joint/Muscle/Severe Soft Tissue Infections/Necrosis	
M90.551	HCC92	Bone/Joint/Muscle/Severe Soft Tissue Infections/Necrosis	
M90.552	HCC92	Bone/Joint/Muscle/Severe Soft Tissue Infections/Necrosis	
M90.559	HCC92	Bone/Joint/Muscle/Severe Soft Tissue Infections/Necrosis	
M90.561	HCC92	Bone/Joint/Muscle/Severe Soft Tissue Infections/Necrosis	
M90.562	HCC92	Bone/Joint/Muscle/Severe Soft Tissue Infections/Necrosis	
M90.569	HCC92	Bone/Joint/Muscle/Severe Soft Tissue Infections/Necrosis	
M90.571	HCC92	Bone/Joint/Muscle/Severe Soft Tissue Infections/Necrosis	
M90.572	HCC92	Bone/Joint/Muscle/Severe Soft Tissue Infections/Necrosis	
M90.579	HCC92	Bone/Joint/Muscle/Severe Soft Tissue Infections/Necrosis	
M90.58	HCC92	Bone/Joint/Muscle/Severe Soft Tissue Infections/Necrosis	
M90.59	HCC92	Bone/Joint/Muscle/Severe Soft Tissue Infections/Necrosis	
M97.01XA	HCC402	Hip Fracture/Dislocation	
M97.02XA	HCC402	Hip Fracture/Dislocation	
N18.30	HCC329	Chronic Kidney Disease, Moderate (Stage 3, Except 3B)	
N18.31	HCC329	Chronic Kidney Disease, Moderate (Stage 3, Except 3B)	
N18.32	HCC328	Chronic Kidney Disease, Moderate (Stage 3B)	
N18.4	HCC327	Chronic Kidney Disease, Severe (Stage 4)	
N18.5	HCC326	Chronic Kidney Disease, Stage 5	
N18.6	HCC326	Chronic Kidney Disease, Stage 5	
N49.3	HCC92	Bone/Joint/Muscle/Severe Soft Tissue Infections/Necrosis	
N76.82	HCC92	Bone/Joint/Muscle/Severe Soft Tissue Infections/Necrosis	
P02.70	HCC2	Septicemia, Sepsis, Systemic Inflammatory Response Syndrome/Shock	
P04.0	HCC137	Drug Use Disorder, Moderate/Severe, or Drug Use with Non-Psychotic Complications	age: age < 2
P04.11	HCC137	Drug Use Disorder, Moderate/Severe, or Drug Use with Non-Psychotic Complications	age: age < 2
P04.12	HCC137	Drug Use Disorder, Moderate/Severe, or Drug Use with Non-Psychotic Complications	age: age < 2
P04.13	HCC137	Drug Use Disorder, Moderate/Severe, or Drug Use with Non-Psychotic Complications	age: age < 2
P04.14	HCC137	Drug Use Disorder, Moderate/Severe, or Drug Use with Non-Psychotic Complications	age: age < 2
P04.15	HCC137	Drug Use Disorder, Moderate/Severe, or Drug Use with Non-Psychotic Complications	age: age < 2
P04.16	HCC137	Drug Use Disorder, Moderate/Severe, or Drug Use with Non-Psychotic Complications	age: age < 2
P04.17	HCC137	Drug Use Disorder, Moderate/Severe, or Drug Use with Non-Psychotic Complications	age: age < 2
P04.18	HCC137	Drug Use Disorder, Moderate/Severe, or Drug Use with Non-Psychotic Complications	age: age < 2
P04.19	HCC137	Drug Use Disorder, Moderate/Severe, or Drug Use with Non-Psychotic Complications	age: age < 2
P04.1A	HCC137	Drug Use Disorder, Moderate/Severe, or Drug Use with Non-Psychotic Complications	age: age < 2
P04.2	HCC137	Drug Use Disorder, Moderate/Severe, or Drug Use with Non-Psychotic Complications	age: age < 2
P04.3	HCC137	Drug Use Disorder, Moderate/Severe, or Drug Use with Non-Psychotic Complications	age: age < 2
P04.40	HCC137	Drug Use Disorder, Moderate/Severe, or Drug Use with Non-Psychotic Complications	age: age < 2
P04.41	HCC137	Drug Use Disorder, Moderate/Severe, or Drug Use with Non-Psychotic Complications	age: age < 2
P04.42	HCC137	Drug Use Disorder, Moderate/Severe, or Drug Use with Non-Psychotic Complications	age: age < 2
P04.49	HCC137	Drug Use Disorder, Moderate/Severe, or Drug Use with Non-Psychotic Complications	age: age < 2
P04.5	HCC137	Drug Use Disorder, Moderate/Severe, or Drug Use with Non-Psychotic Complications	age: age < 2
P04.6	HCC137	Drug Use Disorder, Moderate/Severe, or Drug Use with Non-Psychotic Complications	age: age < 2
P04.81	HCC137	Drug Use Disorder, Moderate/Severe, or Drug Use with Non-Psychotic Complications	age: age < 2
P04.89	HCC137	Drug Use Disorder, Moderate/Severe, or Drug Use with Non-Psychotic Complications	age: age < 2
P04.9	HCC137	Drug Use Disorder, Moderate/Severe, or Drug Use with Non-Psychotic Complications	age: age < 2
P10.0	HCC248	Intracranial Hemorrhage	
P10.1	HCC248	Intracranial Hemorrhage	
P10.2	HCC248	Intracranial Hemorrhage	
P10.3	HCC248	Intracranial Hemorrhage	
P10.4	HCC248	Intracranial Hemorrhage	
P10.8	HCC248	Intracranial Hemorrhage	
P10.9	HCC248	Intracranial Hemorrhage	
P11.0	HCC248	Intracranial Hemorrhage	
P11.1	HCC248	Intracranial Hemorrhage	
P11.2	HCC248	Intracranial Hemorrhage	
P11.5	HCC182	Spinal Cord Disorders/Injuries	
P12.2	HCC399	Major Head Injury without Loss of Consciousness	
P22.0	HCC213	Cardio-Respiratory Failure and Shock	
P26.0	HCC213	Cardio-Respiratory Failure and Shock	
P26.1	HCC213	Cardio-Respiratory Failure and Shock	
P26.8	HCC213	Cardio-Respiratory Failure and Shock	
P26.9	HCC213	Cardio-Respiratory Failure and Shock	
P27.0	HCC213	Cardio-Respiratory Failure and Shock	age: age < 2
P27.1	HCC213	Cardio-Respiratory Failure and Shock	age: age < 2
P27.8	HCC213	Cardio-Respiratory Failure and Shock	age: age < 2
P27.9	HCC213	Cardio-Respiratory Failure and Shock	age: age < 2
P28.0	HCC213	Cardio-Respiratory Failure and Shock	
P28.10	HCC213	Cardio-Respiratory Failure and Shock	
P28.11	HCC213	Cardio-Respiratory Failure and Shock	
P28.19	HCC213	Cardio-Respiratory Failure and Shock	
P28.5	HCC213	Cardio-Respiratory Failure and Shock	
P28.81	HCC212	Respiratory Arrest	
P29.0	HCC225	Acute Heart Failure (Excludes Acute on Chronic)	
P29.81	HCC213	Cardio-Respiratory Failure and Shock	
P36.0	HCC2	Septicemia, Sepsis, Systemic Inflammatory Response Syndrome/Shock	
P36.10	HCC2	Septicemia, Sepsis, Systemic Inflammatory Response Syndrome/Shock	
P36.19	HCC2	Septicemia, Sepsis, Systemic Inflammatory Response Syndrome/Shock	
P36.2	HCC2	Septicemia, Sepsis, Systemic Inflammatory Response Syndrome/Shock	
P36.30	HCC2	Septicemia, Sepsis, Systemic Inflammatory Response Syndrome/Shock	
P36.39	HCC2	Septicemia, Sepsis, Systemic Inflammatory Response Syndrome/Shock	
P36.4	HCC2	Septicemia, Sepsis, Systemic Inflammatory Response Syndrome/Shock	
P36.5	HCC2	Septicemia, Sepsis, Systemic Inflammatory Response Syndrome/Shock	
P36.8	HCC2	Septicemia, Sepsis, Systemic Inflammatory Response Syndrome/Shock	
P36.9	HCC2	Septicemia, Sepsis, Systemic Inflammatory Response Syndrome/Shock	
P52.0	HCC248	Intracranial Hemorrhage	
P52.1	HCC248	Intracranial Hemorrhage	
P52.21	HCC248	Intracranial Hemorrhage	
P52.22	HCC248	Intracranial Hemorrhage	
P52.3	HCC248	Intracranial Hemorrhage	
P52.4	HCC248	Intracranial Hemorrhage	
P52.5	HCC248	Intracranial Hemorrhage	
P52.6	HCC248	Intracranial Hemorrhage	
P52.8	HCC248	Intracranial Hemorrhage	
P52.9	HCC248	Intracranial Hemorrhage	
P55.0	HCC109	Acquired Hemolytic, Aplastic, and Sideroblastic Anemias	
P55.1	HCC109	Acquired Hemolytic, Aplastic, and Sideroblastic Anemias	
P55.8	HCC109	Acquired Hemolytic, Aplastic, and Sideroblastic Anemias	
P55.9	HCC109	Acquired Hemolytic, Aplastic, and Sideroblastic Anemias	
P56.0	HCC109	Acquired Hemolytic, Aplastic, and Sideroblastic Anemias	
P56.90	HCC109	Acquired Hemolytic, Aplastic, and Sideroblastic Anemias	
P56.99	HCC109	Acquired Hemolytic, Aplastic, and Sideroblastic Anemias	
P57.0	HCC192	Cerebral Palsy, Except Quadriplegic	
P57.8	HCC192	Cerebral Palsy, Except Quadriplegic	
P57.9	HCC192	Cerebral Palsy, Except Quadriplegic	
P77.1	HCC78	Intestinal Obstruction/Perforation	
P77.2	HCC78	Intestinal Obstruction/Perforation	
P77.3	HCC78	Intestinal Obstruction/Perforation	
P77.9	HCC78	Intestinal Obstruction/Perforation	
P78.0	HCC78	Intestinal Obstruction/Perforation	
P90	HCC201	Seizure Disorders and Convulsions	
P91.0	HCC202	Coma, Brain Compression/Anoxic Damage	
P91.1	HCC202	Coma, Brain Compression/Anoxic Damage	
P91.2	HCC202	Coma, Brain Compression/Anoxic Damage	
P91.3	HCC202	Coma, Brain Compression/Anoxic Damage	
P91.4	HCC202	Coma, Brain Compression/Anoxic Damage	
P91.5	HCC202	Coma, Brain Compression/Anoxic Damage	
P91.60	HCC202	Coma, Brain Compression/Anoxic Damage	
P91.61	HCC202	Coma, Brain Compression/Anoxic Damage	
P91.62	HCC202	Coma, Brain Compression/Anoxic Damage	
P91.63	HCC202	Coma, Brain Compression/Anoxic Damage	
P91.811	HCC202	Coma, Brain Compression/Anoxic Damage	
P91.819	HCC202	Coma, Brain Compression/Anoxic Damage	
P91.821	HCC249	Ischemic or Unspecified Stroke	
P91.822	HCC249	Ischemic or Unspecified Stroke	
P91.823	HCC249	Ischemic or Unspecified Stroke	
P91.829	HCC249	Ischemic or Unspecified Stroke	
P91.88	HCC202	Coma, Brain Compression/Anoxic Damage	
P91.9	HCC202	Coma, Brain Compression/Anoxic Damage	
P93.0	HCC137	Drug Use Disorder, Moderate/Severe, or Drug Use with Non-Psychotic Complications	age: age < 2
P93.8	HCC137	Drug Use Disorder, Moderate/Severe, or Drug Use with Non-Psychotic Complications	age: age < 2
P96.1	HCC137	Drug Use Disorder, Moderate/Severe, or Drug Use with Non-Psychotic Complications	age: age < 2
P96.2	HCC137	Drug Use Disorder, Moderate/Severe, or Drug Use with Non-Psychotic Complications	age: age < 2
Q00.0	HCC182	Spinal Cord Disorders/Injuries	
Q00.1	HCC182	Spinal Cord Disorders/Injuries	
Q00.2	HCC182	Spinal Cord Disorders/Injuries	
Q01.0	HCC182	Spinal Cord Disorders/Injuries	
Q01.1	HCC182	Spinal Cord Disorders/Injuries	
Q01.2	HCC182	Spinal Cord Disorders/Injuries	
Q01.8	HCC182	Spinal Cord Disorders/Injuries	
Q01.9	HCC182	Spinal Cord Disorders/Injuries	
Q02	HCC182	Spinal Cord Disorders/Injuries	
Q03.0	HCC182	Spinal Cord Disorders/Injuries	
Q03.1	HCC182	Spinal Cord Disorders/Injuries	
Q03.8	HCC182	Spinal Cord Disorders/Injuries	
Q03.9	HCC182	Spinal Cord Disorders/Injuries	
Q04.0	HCC182	Spinal Cord Disorders/Injuries	
Q04.1	HCC182	Spinal Cord Disorders/Injuries	
Q04.2	HCC182	Spinal Cord Disorders/Injuries	
Q04.3	HCC182	Spinal Cord Disorders/Injuries	
Q04.4	HCC182	Spinal Cord Disorders/Injuries	
Q04.5	HCC182	Spinal Cord Disorders/Injuries	
Q04.6	HCC182	Spinal Cord Disorders/Injuries	
Q04.8	HCC182	Spinal Cord Disorders/Injuries	
Q04.9	HCC182	Spinal Cord Disorders/Injuries	
Q05.0	HCC182	Spinal Cord Disorders/Injuries	
Q05.1	HCC182	Spinal Cord Disorders/Injuries	
Q05.2	HCC182	Spinal Cord Disorders/Injuries	
Q05.3	HCC182	Spinal Cord Disorders/Injuries	
Q05.4	HCC182	Spinal Cord Disorders/Injuries	
Q05.5	HCC182	Spinal Cord Disorders/Injuries	
Q05.6	HCC182	Spinal Cord Disorders/Injuries	
Q05.7	HCC182	Spinal Cord Disorders/Injuries	
Q05.8	HCC182	Spinal Cord Disorders/Injuries	
Q05.9	HCC182	Spinal Cord Disorders/Injuries	
Q06.0	HCC182	Spinal Cord Disorders/Injuries	
Q06.1	HCC182	Spinal Cord Disorders/Injuries	
Q06.2	HCC182	Spinal Cord Disorders/Injuries	
Q06.3	HCC182	Spinal Cord Disorders/Injuries	
Q06.4	HCC182	Spinal Cord Disorders/Injuries	
Q06.8	HCC182	Spinal Cord Disorders/Injuries	
Q06.9	HCC182	Spinal Cord Disorders/Injuries	
Q07.00	HCC182	Spinal Cord Disorders/Injuries	
Q07.01	HCC182	Spinal Cord Disorders/Injuries	
Q07.02	HCC182	Spinal Cord Disorders/Injuries	
Q07.03	HCC182	Spinal Cord Disorders/Injuries	
Q07.8	HCC182	Spinal Cord Disorders/Injuries	
Q07.9	HCC182	Spinal Cord Disorders/Injuries	
Q40.0	HCC78	Intestinal Obstruction/Perforation	
Q41.0	HCC78	Intestinal Obstruction/Perforation	
Q41.1	HCC78	Intestinal Obstruction/Perforation	
Q41.2	HCC78	Intestinal Obstruction/Perforation	
Q41.8	HCC78	Intestinal Obstruction/Perforation	
Q41.9	HCC78	Intestinal Obstruction/Perforation	
Q42.0	HCC78	Intestinal Obstruction/Perforation	
Q42.1	HCC78	Intestinal Obstruction/Perforation	
Q42.2	HCC78	Intestinal Obstruction/Perforation	
Q42.3	HCC78	Intestinal Obstruction/Perforation	
Q42.8	HCC78	Intestinal Obstruction/Perforation	
Q42.9	HCC78	Intestinal Obstruction/Perforation	
Q43.1	HCC78	Intestinal Obstruction/Perforation	
Q43.2	HCC78	Intestinal Obstruction/Perforation	
Q43.3	HCC78	Intestinal Obstruction/Perforation	
Q44.2	HCC68	Cholangitis and Obstruction of Bile Duct Without Gallstones	
Q44.3	HCC68	Cholangitis and Obstruction of Bile Duct Without Gallstones	
Q44.71	HCC68	Cholangitis and Obstruction of Bile Duct Without Gallstones	
Q85.00	HCC23	Prostate, Breast, and Other Cancers and Tumors	
Q85.01	HCC23	Prostate, Breast, and Other Cancers and Tumors	
Q85.02	HCC23	Prostate, Breast, and Other Cancers and Tumors	
Q85.03	HCC23	Prostate, Breast, and Other Cancers and Tumors	
Q85.09	HCC23	Prostate, Breast, and Other Cancers and Tumors	
Q85.1	HCC23	Prostate, Breast, and Other Cancers and Tumors	
Q85.81	HCC23	Prostate, Breast, and Other Cancers and Tumors	
Q85.82	HCC23	Prostate, Breast, and Other Cancers and Tumors	
Q85.83	HCC23	Prostate, Breast, and Other Cancers and Tumors	
Q85.89	HCC23	Prostate, Breast, and Other Cancers and Tumors	
Q85.9	HCC23	Prostate, Breast, and Other Cancers and Tumors	
R09.2	HCC212	Respiratory Arrest	
R11.16	HCC137	Drug Use Disorder, Moderate/Severe, or Drug Use with Non-Psychotic Complications	
R18.0	HCC17	Cancer Metastatic to Lung, Liver, Brain, and Other Organs; Acute Myeloid Leukemia Except Promyelocytic	
R40.20	HCC202	Coma, Brain Compression/Anoxic Damage	
R40.2110	HCC202	Coma, Brain Compression/Anoxic Damage	
R40.2111	HCC202	Coma, Brain Compression/Anoxic Damage	
R40.2112	HCC202	Coma, Brain Compression/Anoxic Damage	
R40.2113	HCC202	Coma, Brain Compression/Anoxic Damage	
R40.2114	HCC202	Coma, Brain Compression/Anoxic Damage	
R40.2120	HCC202	Coma, Brain Compression/Anoxic Damage	
R40.2121	HCC202	Coma, Brain Compression/Anoxic Damage	
R40.2122	HCC202	Coma, Brain Compression/Anoxic Damage	
R40.2123	HCC202	Coma, Brain Compression/Anoxic Damage	
R40.2124	HCC202	Coma, Brain Compression/Anoxic Damage	
R40.2210	HCC202	Coma, Brain Compression/Anoxic Damage	
R40.2211	HCC202	Coma, Brain Compression/Anoxic Damage	
R40.2212	HCC202	Coma, Brain Compression/Anoxic Damage	
R40.2213	HCC202	Coma, Brain Compression/Anoxic Damage	
R40.2214	HCC202	Coma, Brain Compression/Anoxic Damage	
R40.2220	HCC202	Coma, Brain Compression/Anoxic Damage	
R40.2221	HCC202	Coma, Brain Compression/Anoxic Damage	
R40.2222	HCC202	Coma, Brain Compression/Anoxic Damage	
R40.2223	HCC202	Coma, Brain Compression/Anoxic Damage	
R40.2224	HCC202	Coma, Brain Compression/Anoxic Damage	
R40.2310	HCC202	Coma, Brain Compression/Anoxic Damage	
R40.2311	HCC202	Coma, Brain Compression/Anoxic Damage	
R40.2312	HCC202	Coma, Brain Compression/Anoxic Damage	
R40.2313	HCC202	Coma, Brain Compression/Anoxic Damage	
R40.2314	HCC202	Coma, Brain Compression/Anoxic Damage	
R40.2320	HCC202	Coma, Brain Compression/Anoxic Damage	
R40.2321	HCC202	Coma, Brain Compression/Anoxic Damage	
R40.2322	HCC202	Coma, Brain Compression/Anoxic Damage	
R40.2323	HCC202	Coma, Brain Compression/Anoxic Damage	
R40.2324	HCC202	Coma, Brain Compression/Anoxic Damage	
R40.2430	HCC202	Coma, Brain Compression/Anoxic Damage	
R40.2431	HCC202	Coma, Brain Compression/Anoxic Damage	
R40.2432	HCC202	Coma, Brain Compression/Anoxic Damage	
R40.2433	HCC202	Coma, Brain Compression/Anoxic Damage	
R40.2434	HCC202	Coma, Brain Compression/Anoxic Damage	
R40.2440	HCC202	Coma, Brain Compression/Anoxic Damage	
R40.2441	HCC202	Coma, Brain Compression/Anoxic Damage	
R40.2442	HCC202	Coma, Brain Compression/Anoxic Damage	
R40.2443	HCC202	Coma, Brain Compression/Anoxic Damage	
R40.2444	HCC202	Coma, Brain Compression/Anoxic Damage	
R40.2A	HCC202	Coma, Brain Compression/Anoxic Damage	
R40.3	HCC202	Coma, Brain Compression/Anoxic Damage	
R45.88	HCC155	Major Depression, Moderate or Severe, without Psychosis	age: age < 2
R45.88	HCC155	Major Depression, Moderate or Severe, without Psychosis	age: age >= 2
R53.2	HCC180	Quadriplegia	
R56.00	HCC201	Seizure Disorders and Convulsions	
R56.01	HCC201	Seizure Disorders and Convulsions	
R56.1	HCC201	Seizure Disorders and Convulsions	
R56.9	HCC201	Seizure Disorders and Convulsions	
R57.0	HCC213	Cardio-Respiratory Failure and Shock	
R57.1	HCC2	Septicemia, Sepsis, Systemic Inflammatory Response Syndrome/Shock	
R57.8	HCC2	Septicemia, Sepsis, Systemic Inflammatory Response Syndrome/Shock	
R57.9	HCC213	Cardio-Respiratory Failure and Shock	
R65.10	HCC2	Septicemia, Sepsis, Systemic Inflammatory Response Syndrome/Shock	
R65.11	HCC2	Septicemia, Sepsis, Systemic Inflammatory Response Syndrome/Shock	
R65.20	HCC2	Septicemia, Sepsis, Systemic Inflammatory Response Syndrome/Shock	
R65.21	HCC2	Septicemia, Sepsis, Systemic Inflammatory Response Syndrome/Shock	
S02.0XXA	HCC399	Major Head Injury without Loss of Consciousness	
S02.0XXB	HCC399	Major Head Injury without Loss of Consciousness	
S02.101A	HCC399	Major Head Injury without Loss of Consciousness	
S02.101B	HCC399	Major Head Injury without Loss of Consciousness	
S02.102A	HCC399	Major Head Injury without Loss of Consciousness	
S02.102B	HCC399	Major Head Injury without Loss of Consciousness	
S02.109A	HCC399	Major Head Injury without Loss of Consciousness	
S02.109B	HCC399	Major Head Injury without Loss of Consciousness	
S02.110A	HCC399	Major Head Injury without Loss of Consciousness	
S02.110B	HCC399	Major Head Injury without Loss of Consciousness	
S02.111A	HCC399	Major Head Injury without Loss of Consciousness	
S02.111B	HCC399	Major Head Injury without Loss of Consciousness	
S02.112A	HCC399	Major Head Injury without Loss of Consciousness	
S02.112B	HCC399	Major Head Injury without Loss of Consciousness	
S02.113A	HCC399	Major Head Injury without Loss of Consciousness	
S02.113B	HCC399	Major Head Injury without Loss of Consciousness	
S02.118A	HCC399	Major Head Injury without Loss of Consciousness	
S02.118B	HCC399	Major Head Injury without Loss of Consciousness	
S02.119A	HCC399	Major Head Injury without Loss of Consciousness	
S02.119B	HCC399	Major Head Injury without Loss of Consciousness	
S02.11AA	HCC399	Major Head Injury without Loss of Consciousness	
S02.11AB	HCC399	Major Head Injury without Loss of Consciousness	
S02.11BA	HCC399	Major Head Injury without Loss of Consciousness	
S02.11BB	HCC399	Major Head Injury without Loss of Consciousness	
S02.11CA	HCC399	Major Head Injury without Loss of Consciousness	
S02.11CB	HCC399	Major Head Injury without Loss of Consciousness	
S02.11DA	HCC399	Major Head Injury without Loss of Consciousness	
S02.11DB	HCC399	Major Head Injury without Loss of Consciousness	
S02.11EA	HCC399	Major Head Injury without Loss of Consciousness	
S02.11EB	HCC399	Major Head Injury without Loss of Consciousness	
S02.11FA	HCC399	Major Head Injury without Loss of Consciousness	
S02.11FB	HCC399	Major Head Injury without Loss of Consciousness	
S02.11GA	HCC399	Major Head Injury without Loss of Consciousness	
S02.11GB	HCC399	Major Head Injury without Loss of Consciousness	
S02.11HA	HCC399	Major Head Injury without Loss of Consciousness	
S02.11HB	HCC399	Major Head Injury without Loss of Consciousness	
S02.121A	HCC399	Major Head Injury without Loss of Consciousness	
S02.121B	HCC399	Major Head Injury without Loss of Consciousness	
S02.122A	HCC399	Major Head Injury without Loss of Consciousness	
S02.122B	HCC399	Major Head Injury without Loss of Consciousness	
S02.129A	HCC399	Major Head Injury without Loss of Consciousness	
S02.129B	HCC399	Major Head Injury without Loss of Consciousness	
S02.19XA	HCC399	Major Head Injury without Loss of Consciousness	
S02.19XB	HCC399	Major Head Injury without Loss of Consciousness	
S02.30XA	HCC399	Major Head Injury without Loss of Consciousness	
S02.30XB	HCC399	Major Head Injury without Loss of Consciousness	
S02.31XA	HCC399	Major Head Injury without Loss of Consciousness	
S02.31XB	HCC399	Major Head Injury without Loss of Consciousness	
S02.32XA	HCC399	Major Head Injury without Loss of Consciousness	
S02.32XB	HCC399	Major Head Injury without Loss of Consciousness	
S02.400A	HCC399	Major Head Injury without Loss of Consciousness	
S02.400B	HCC399	Major Head Injury without Loss of Consciousness	
S02.401A	HCC399	Major Head Injury without Loss of Consciousness	
S02.401B	HCC399	Major Head Injury without Loss of Consciousness	
S02.402A	HCC399	Major Head Injury without Loss of Consciousness	
S02.402B	HCC399	Major Head Injury without Loss of Consciousness	
S02.40AA	HCC399	Major Head Injury without Loss of Consciousness	
S02.40AB	HCC399	Major Head Injury without Loss of Consciousness	
S02.40BA	HCC399	Major Head Injury without Loss of Consciousness	
S02.40BB	HCC399	Major Head Injury without Loss of Consciousness	
S02.40CA	HCC399	Major Head Injury without Loss of Consciousness	
S02.40CB	HCC399	Major Head Injury without Loss of Consciousness	
S02.40DA	HCC399	Major Head Injury without Loss of Consciousness	
S02.40DB	HCC399	Major Head Injury without Loss of Consciousness	
S02.40EA	HCC399	Major Head Injury without Loss of Consciousness	
S02.40EB	HCC399	Major Head Injury without Loss of Consciousness	
S02.40FA	HCC399	Major Head Injury without Loss of Consciousness	
S02.40FB	HCC399	Major Head Injury without Loss of Consciousness	
S02.411A	HCC399	Major Head Injury without Loss of Consciousness	
S02.411B	HCC399	Major Head Injury without Loss of Consciousness	
S02.412A	HCC399	Major Head Injury without Loss of Consciousness	
S02.412B	HCC399	Major Head Injury without Loss of Consciousness	
S02.413A	HCC399	Major Head Injury without Loss of Consciousness	
S02.413B	HCC399	Major Head Injury without Loss of Consciousness	
S02.42XA	HCC399	Major Head Injury without Loss of Consciousness	
S02.42XB	HCC399	Major Head Injury without Loss of Consciousness	
S02.600A	HCC399	Major Head Injury without Loss of Consciousness	
S02.600B	HCC399	Major Head Injury without Loss of Consciousness	
S02.601A	HCC399	Major Head Injury without Loss of Consciousness	
S02.601B	HCC399	Major Head Injury without Loss of Consciousness	
S02.602A	HCC399	Major Head Injury without Loss of Consciousness	
S02.602B	HCC399	Major Head Injury without Loss of Consciousness	
S02.609A	HCC399	Major Head Injury without Loss of Consciousness	
S02.609B	HCC399	Major Head Injury without Loss of Consciousness	
S02.610A	HCC399	Major Head Injury without Loss of Consciousness	
S02.610B	HCC399	Major Head Injury without Loss of Consciousness	
S02.611A	HCC399	Major Head Injury without Loss of Consciousness	
S02.611B	HCC399	Major Head Injury without Loss of Consciousness	
S02.612A	HCC399	Major Head Injury without Loss of Consciousness	
S02.612B	HCC399	Major Head Injury without Loss of Consciousness	
S02.620A	HCC399	Major Head Injury without Loss of Consciousness	
S02.620B	HCC399	Major Head Injury without Loss of Consciousness	
S02.621A	HCC399	Major Head Injury without Loss of Consciousness	
S02.621B	HCC399	Major Head Injury without Loss of Consciousness	
S02.622A	HCC399	Major Head Injury without Loss of Consciousness	
S02.622B	HCC399	Major Head Injury without Loss of Consciousness	
S02.630A	HCC399	Major Head Injury without Loss of Consciousness	
S02.630B	HCC399	Major Head Injury without Loss of Consciousness	
S02.631A	HCC399	Major Head Injury without Loss of Consciousness	
S02.631B	HCC399	Major Head Injury without Loss of Consciousness	
S02.632A	HCC399	Major Head Injury without Loss of Consciousness	
S02.632B	HCC399	Major Head Injury without Loss of Consciousness	
S02.640A	HCC399	Major Head Injury without Loss of Consciousness	
S02.640B	HCC399	Major Head Injury without Loss of Consciousness	
S02.641A	HCC399	Major Head Injury without Loss of Consciousness	
S02.641B	HCC399	Major Head Injury without Loss of Consciousness	
S02.642A	HCC399	Major Head Injury without Loss of Consciousness	
S02.642B	HCC399	Major Head Injury without Loss of Consciousness	
S02.650A	HCC399	Major Head Injury without Loss of Consciousness	
S02.650B	HCC399	Major Head Injury without Loss of Consciousness	
S02.651A	HCC399	Major Head Injury without Loss of Consciousness	
S02.651B	HCC399	Major Head Injury without Loss of Consciousness	
S02.652A	HCC399	Major Head Injury without Loss of Consciousness	
S02.652B	HCC399	Major Head Injury without Loss of Consciousness	
S02.66XA	HCC399	Major Head Injury without Loss of Consciousness	
S02.66XB	HCC399	Major Head Injury without Loss of Consciousness	
S02.670A	HCC399	Major Head Injury without Loss of Consciousness	
S02.670B	HCC399	Major Head Injury without Loss of Consciousness	
S02.671A	HCC399	Major Head Injury without Loss of Consciousness	
S02.671B	HCC399	Major Head Injury without Loss of Consciousness	
S02.672A	HCC399	Major Head Injury without Loss of Consciousness	
S02.672B	HCC399	Major Head Injury without Loss of Consciousness	
S02.69XA	HCC399	Major Head Injury without Loss of Consciousness	
S02.69XB	HCC399	Major Head Injury without Loss of Consciousness	
S02.80XA	HCC399	Major Head Injury without Loss of Consciousness	
S02.80XB	HCC399	Major Head Injury without Loss of Consciousness	
S02.81XA	HCC399	Major Head Injury without Loss of Consciousness	
S02.81XB	HCC399	Major Head Injury without Loss of Consciousness	
S02.82XA	HCC399	Major Head Injury without Loss of Consciousness	
S02.82XB	HCC399	Major Head Injury without Loss of Consciousness	
S02.831A	HCC399	Major Head Injury without Loss of Consciousness	
S02.831B	HCC399	Major Head Injury without Loss of Consciousness	
S02.832A	HCC399	Major Head Injury without Loss of Consciousness	
S02.832B	HCC399	Major Head Injury without Loss of Consciousness	
S02.839A	HCC399	Major Head Injury without Loss of Consciousness	
S02.839B	HCC399	Major Head Injury without Loss of Consciousness	
S02.841A	HCC399	Major Head Injury without Loss of Consciousness	
S02.841B	HCC399	Major Head Injury without Loss of Consciousness	
S02.842A	HCC399	Major Head Injury without Loss of Consciousness	
S02.842B	HCC399	Major Head Injury without Loss of Consciousness	
S02.849A	HCC399	Major Head Injury without Loss of Consciousness	
S02.849B	HCC399	Major Head Injury without Loss of Consciousness	
S02.85XA	HCC399	Major Head Injury without Loss of Consciousness	
S02.85XB	HCC399	Major Head Injury without Loss of Consciousness	
S02.91XA	HCC399	Major Head Injury without Loss of Consciousness	
S02.91XB	HCC399	Major Head Injury without Loss of Consciousness	
S02.92XA	HCC399	Major Head Injury without Loss of Consciousness	
S02.92XB	HCC399	Major Head Injury without Loss of Consciousness	
S06.1X0A	HCC399	Major Head Injury without Loss of Consciousness	
S06.1X1A	HCC398	Major Head Injury with Loss of Consciousness < 1 Hour or Unspecified	
S06.1X2A	HCC398	Major Head Injury with Loss of Consciousness < 1 Hour or Unspecified	
S06.1X3A	HCC397	Major Head Injury with Loss of Consciousness > 1 Hour	
S06.1X4A	HCC397	Major Head Injury with Loss of Consciousness > 1 Hour	
S06.1X5A	HCC397	Major Head Injury with Loss of Consciousness > 1 Hour	
S06.1X6A	HCC397	Major Head Injury with Loss of Consciousness > 1 Hour	
S06.1X9A	HCC398	Major Head Injury with Loss of Consciousness < 1 Hour or Unspecified	
S06.1XAA	HCC399	Major Head Injury without Loss of Consciousness	
S06.2X0A	HCC399	Major Head Injury without Loss of Consciousness	
S06.2X1A	HCC398	Major Head Injury with Loss of Consciousness < 1 Hour or Unspecified	
S06.2X2A	HCC398	Major Head Injury with Loss of Consciousness < 1 Hour or Unspecified	
S06.2X3A	HCC397	Major Head Injury with Loss of Consciousness > 1 Hour	
S06.2X4A	HCC397	Major Head Injury with Loss of Consciousness > 1 Hour	
S06.2X5A	HCC397	Major Head Injury with Loss of Consciousness > 1 Hour	
S06.2X6A	HCC397	Major Head Injury with Loss of Consciousness > 1 Hour	
S06.2X9A	HCC398	Major Head Injury with Loss of Consciousness < 1 Hour or Unspecified	
S06.2XAA	HCC399	Major Head Injury without Loss of Consciousness	
S06.300A	HCC399	Major Head Injury without Loss of Consciousness	
S06.301A	HCC398	Major Head Injury with Loss of Consciousness < 1 Hour or Unspecified	
S06.302A	HCC398	Major Head Injury with Loss of Consciousness < 1 Hour or Unspecified	
S06.303A	HCC397	Major Head Injury with Loss of Consciousness > 1 Hour	
S06.304A	HCC397	Major Head Injury with Loss of Consciousness > 1 Hour	
S06.305A	HCC397	Major Head Injury with Loss of Consciousness > 1 Hour	
S06.306A	HCC397	Major Head Injury with Loss of Consciousness > 1 Hour	
S06.309A	HCC398	Major Head Injury with Loss of Consciousness < 1 Hour or Unspecified	
S06.30AA	HCC399	Major Head Injury without Loss of Consciousness	
S06.310A	HCC399	Major Head Injury without Loss of Consciousness	
S06.311A	HCC398	Major Head Injury with Loss of Consciousness < 1 Hour or Unspecified	
S06.312A	HCC398	Major Head Injury with Loss of Consciousness < 1 Hour or Unspecified	
S06.313A	HCC397	Major Head Injury with Loss of Consciousness > 1 Hour	
S06.314A	HCC397	Major Head Injury with Loss of Consciousness > 1 Hour	
S06.315A	HCC397	Major Head Injury with Loss of Consciousness > 1 Hour	
S06.316A	HCC397	Major Head Injury with Loss of Consciousness > 1 Hour	
S06.319A	HCC398	Major Head Injury with Loss of Consciousness < 1 Hour or Unspecified	
S06.31AA	HCC399	Major Head Injury without Loss of Consciousness	
S06.320A	HCC399	Major Head Injury without Loss of Consciousness	
S06.321A	HCC398	Major Head Injury with Loss of Consciousness < 1 Hour or Unspecified	
S06.322A	HCC398	Major Head Injury with Loss of Consciousness < 1 Hour or Unspecified	
S06.323A	HCC397	Major Head Injury with Loss of Consciousness > 1 Hour	
S06.324A	HCC397	Major Head Injury with Loss of Consciousness > 1 Hour	
S06.325A	HCC397	Major Head Injury with Loss of Consciousness > 1 Hour	
S06.326A	HCC397	Major Head Injury with Loss of Consciousness > 1 Hour	
S06.329A	HCC398	Major Head Injury with Loss of Consciousness < 1 Hour or Unspecified	
S06.32AA	HCC399	Major Head Injury without Loss of Consciousness	
S06.330A	HCC399	Major Head Injury without Loss of Consciousness	
S06.331A	HCC398	Major Head Injury with Loss of Consciousness < 1 Hour or Unspecified	
S06.332A	HCC398	Major Head Injury with Loss of Consciousness < 1 Hour or Unspecified	
S06.333A	HCC397	Major Head Injury with Loss of Consciousness > 1 Hour	
S06.334A	HCC397	Major Head Injury with Loss of Consciousness > 1 Hour	
S06.335A	HCC397	Major Head Injury with Loss of Consciousness > 1 Hour	
S06.336A	HCC397	Major Head Injury with Loss of Consciousness > 1 Hour	
S06.339A	HCC398	Major Head Injury with Loss of Consciousness < 1 Hour or Unspecified	
S06.33AA	HCC399	Major Head Injury without Loss of Consciousness	
S06.340A	HCC399	Major Head Injury without Loss of Consciousness	
S06.341A	HCC398	Major Head Injury with Loss of Consciousness < 1 Hour or Unspecified	
S06.342A	HCC398	Major Head Injury with Loss of Consciousness < 1 Hour or Unspecified	
S06.343A	HCC397	Major Head Injury with Loss of Consciousness > 1 Hour	
S06.344A	HCC397	Major Head Injury with Loss of Consciousness > 1 Hour	
S06.345A	HCC397	Major Head Injury with Loss of Consciousness > 1 Hour	
S06.346A	HCC397	Major Head Injury with Loss of Consciousness > 1 Hour	
S06.349A	HCC398	Major Head Injury with Loss of Consciousness < 1 Hour or Unspecified	
S06.34AA	HCC399	Major Head Injury without Loss of Consciousness	
S06.350A	HCC399	Major Head Injury without Loss of Consciousness	
S06.351A	HCC398	Major Head Injury with Loss of Consciousness < 1 Hour or Unspecified	
S06.352A	HCC398	Major Head Injury with Loss of Consciousness < 1 Hour or Unspecified	
S06.353A	HCC397	Major Head Injury with Loss of Consciousness > 1 Hour	
S06.354A	HCC397	Major Head Injury with Loss of Consciousness > 1 Hour	
S06.355A	HCC397	Major Head Injury with Loss of Consciousness > 1 Hour	
S06.356A	HCC397	Major Head Injury with Loss of Consciousness > 1 Hour	
S06.359A	HCC398	Major Head Injury with Loss of Consciousness < 1 Hour or Unspecified	
S06.35AA	HCC399	Major Head Injury without Loss of Consciousness	
S06.360A	HCC399	Major Head Injury without Loss of Consciousness	
S06.361A	HCC398	Major Head Injury with Loss of Consciousness < 1 Hour or Unspecified	
S06.362A	HCC398	Major Head Injury with Loss of Consciousness < 1 Hour or Unspecified	
S06.363A	HCC397	Major Head Injury with Loss of Consciousness > 1 Hour	
S06.364A	HCC397	Major Head Injury with Loss of Consciousness > 1 Hour	
S06.365A	HCC397	Major Head Injury with Loss of Consciousness > 1 Hour	
S06.366A	HCC397	Major Head Injury with Loss of Consciousness > 1 Hour	
S06.369A	HCC398	Major Head Injury with Loss of Consciousness < 1 Hour or Unspecified	
S06.36AA	HCC399	Major Head Injury without Loss of Consciousness	
S06.370A	HCC399	Major Head Injury without Loss of Consciousness	
S06.371A	HCC398	Major Head Injury with Loss of Consciousness < 1 Hour or Unspecified	
S06.372A	HCC398	Major Head Injury with Loss of Consciousness < 1 Hour or Unspecified	
S06.373A	HCC397	Major Head Injury with Loss of Consciousness > 1 Hour	
S06.374A	HCC397	Major Head Injury with Loss of Consciousness > 1 Hour	
S06.375A	HCC397	Major Head Injury with Loss of Consciousness > 1 Hour	
S06.376A	HCC397	Major Head Injury with Loss of Consciousness > 1 Hour	
S06.379A	HCC398	Major Head Injury with Loss of Consciousness < 1 Hour or Unspecified	
S06.37AA	HCC399	Major Head Injury without Loss of Consciousness	
S06.380A	HCC399	Major Head Injury without Loss of Consciousness	
S06.381A	HCC398	Major Head Injury with Loss of Consciousness < 1 Hour or Unspecified	
S06.382A	HCC398	Major Head Injury with Loss of Consciousness < 1 Hour or Unspecified	
S06.383A	HCC397	Major Head Injury with Loss of Consciousness > 1 Hour	
S06.384A	HCC397	Major Head Injury with Loss of Consciousness > 1 Hour	
S06.385A	HCC397	Major Head Injury with Loss of Consciousness > 1 Hour	
S06.386A	HCC397	Major Head Injury with Loss of Consciousness > 1 Hour	
S06.389A	HCC398	Major Head Injury with Loss of Consciousness < 1 Hour or Unspecified	
S06.38AA	HCC399	Major Head Injury without Loss of Consciousness	
S06.4X0A	HCC399	Major Head Injury without Loss of Consciousness	
S06.4X1A	HCC398	Major Head Injury with Loss of Consciousness < 1 Hour or Unspecified	
S06.4X2A	HCC398	Major Head Injury with Loss of Consciousness < 1 Hour or Unspecified	
S06.4X3A	HCC397	Major Head Injury with Loss of Consciousness > 1 Hour	
S06.4X4A	HCC397	Major Head Injury with Loss of Consciousness > 1 Hour	
S06.4X5A	HCC397	Major Head Injury with Loss of Consciousness > 1 Hour	
S06.4X6A	HCC397	Major Head Injury with Loss of Consciousness > 1 Hour	
S06.4X9A	HCC398	Major Head Injury with Loss of Consciousness < 1 Hour or Unspecified	
S06.4XAA	HCC399	Major Head Injury without Loss of Consciousness	
S06.5X0A	HCC399	Major Head Injury without Loss of Consciousness	
S06.5X1A	HCC398	Major Head Injury with Loss of Consciousness < 1 Hour or Unspecified	
S06.5X2A	HCC398	Major Head Injury with Loss of Consciousness < 1 Hour or Unspecified	
S06.5X3A	HCC397	Major Head Injury with Loss of Consciousness > 1 Hour	
S06.5X4A	HCC397	Major Head Injury with Loss of Consciousness > 1 Hour	
S06.5X5A	HCC397	Major Head Injury with Loss of Consciousness > 1 Hour	
S06.5X6A	HCC397	Major Head Injury with Loss of Consciousness > 1 Hour	
S06.5X9A	HCC398	Major Head Injury with Loss of Consciousness < 1 Hour or Unspecified	
S06.5XAA	HCC399	Major Head Injury without Loss of Consciousness	
S06.6X0A	HCC399	Major Head Injury without Loss of Consciousness	
S06.6X1A	HCC398	Major Head Injury with Loss of Consciousness < 1 Hour or Unspecified	
S06.6X2A	HCC398	Major Head Injury with Loss of Consciousness < 1 Hour or Unspecified	
S06.6X3A	HCC397	Major Head Injury with Loss of Consciousness > 1 Hour	
S06.6X4A	HCC397	Major Head Injury with Loss of Consciousness > 1 Hour	
S06.6X5A	HCC397	Major Head Injury with Loss of Consciousness > 1 Hour	
S06.6X6A	HCC397	Major Head Injury with Loss of Consciousness > 1 Hour	
S06.6X9A	HCC398	Major Head Injury with Loss of Consciousness < 1 Hour or Unspecified	
S06.6XAA	HCC399	Major Head Injury without Loss of Consciousness	
S06.810A	HCC399	Major Head Injury without Loss of Consciousness	
S06.811A	HCC398	Major Head Injury with Loss of Consciousness < 1 Hour or Unspecified	
S06.812A	HCC398	Major Head Injury with Loss of Consciousness < 1 Hour or Unspecified	
S06.813A	HCC397	Major Head Injury with Loss of Consciousness > 1 Hour	
S06.814A	HCC397	Major Head Injury with Loss of Consciousness > 1 Hour	
S06.815A	HCC397	Major Head Injury with Loss of Consciousness > 1 Hour	
S06.816A	HCC397	Major Head Injury with Loss of Consciousness > 1 Hour	
S06.819A	HCC398	Major Head Injury with Loss of Consciousness < 1 Hour or Unspecified	
S06.81AA	HCC399	Major Head Injury without Loss of Consciousness	
S06.820A	HCC399	Major Head Injury without Loss of Consciousness	
S06.821A	HCC398	Major Head Injury with Loss of Consciousness < 1 Hour or Unspecified	
S06.822A	HCC398	Major Head Injury with Loss of Consciousness < 1 Hour or Unspecified	
S06.823A	HCC397	Major Head Injury with Loss of Consciousness > 1 Hour	
S06.824A	HCC397	Major Head Injury with Loss of Consciousness > 1 Hour	
S06.825A	HCC397	Major Head Injury with Loss of Consciousness > 1 Hour	
S06.826A	HCC397	Major Head Injury with Loss of Consciousness > 1 Hour	
S06.829A	HCC398	Major Head Injury with Loss of Consciousness < 1 Hour or Unspecified	
S06.82AA	HCC399	Major Head Injury without Loss of Consciousness	
S06.890A	HCC399	Major Head Injury without Loss of Consciousness	
S06.891A	HCC398	Major Head Injury with Loss of Consciousness < 1 Hour or Unspecified	
S06.892A	HCC398	Major Head Injury with Loss of Consciousness < 1 Hour or Unspecified	
S06.893A	HCC397	Major Head Injury with Loss of Consciousness > 1 Hour	
S06.894A	HCC397	Major Head Injury with Loss of Consciousness > 1 Hour	
S06.895A	HCC397	Major Head Injury with Loss of Consciousness > 1 Hour	
S06.896A	HCC397	Major Head Injury with Loss of Consciousness > 1 Hour	
S06.899A	HCC398	Major Head Injury with Loss of Consciousness < 1 Hour or Unspecified	
S06.89AA	HCC399	Major Head Injury without Loss of Consciousness	
S06.8A0A	HCC399	Major Head Injury without Loss of Consciousness	
S06.8A1A	HCC398	Major Head Injury with Loss of Consciousness < 1 Hour or Unspecified	
S06.8A2A	HCC398	Major Head Injury with Loss of Consciousness < 1 Hour or Unspecified	
S06.8A3A	HCC397	Major Head Injury with Loss of Consciousness > 1 Hour	
S06.8A4A	HCC397	Major Head Injury with Loss of Consciousness > 1 Hour	
S06.8A5A	HCC397	Major Head Injury with Loss of Consciousness > 1 Hour	
S06.8A6A	HCC397	Major Head Injury with Loss of Consciousness > 1 Hour	
S06.8A9A	HCC398	Major Head Injury with Loss of Consciousness < 1 Hour or Unspecified	
S06.8AAA	HCC399	Major Head Injury without Loss of Consciousness	
S06.9X0A	HCC399	Major Head Injury without Loss of Consciousness	
S06.9X1A	HCC398	Major Head Injury with Loss of Consciousness < 1 Hour or Unspecified	
S06.9X2A	HCC398	Major Head Injury with Loss of Consciousness < 1 Hour or Unspecified	
S06.9X3A	HCC397	Major Head Injury with Loss of Consciousness > 1 Hour	
S06.9X4A	HCC397	Major Head Injury with Loss of Consciousness > 1 Hour	
S06.9X5A	HCC397	Major Head Injury with Loss of Consciousness > 1 Hour	
S06.9X6A	HCC397	Major Head Injury with Loss of Consciousness > 1 Hour	
S06.9X9A	HCC398	Major Head Injury with Loss of Consciousness < 1 Hour or Unspecified	
S06.9XAA	HCC399	Major Head Injury without Loss of Consciousness	
S06.A0XA	HCC399	Major Head Injury without Loss of Consciousness	
S06.A1XA	HCC399	Major Head Injury without Loss of Consciousness	
S12.000A	HCC401	Vertebral Fractures without Spinal Cord Injury	
S12.000B	HCC401	Vertebral Fractures without Spinal Cord Injury	
S12.001A	HCC401	Vertebral Fractures without Spinal Cord Injury	
S12.001B	HCC401	Vertebral Fractures without Spinal Cord Injury	
S12.01XA	HCC401	Vertebral Fractures without Spinal Cord Injury	
S12.01XB	HCC401	Vertebral Fractures without Spinal Cord Injury	
S12.02XA	HCC401	Vertebral Fractures without Spinal Cord Injury	
S12.02XB	HCC401	Vertebral Fractures without Spinal Cord Injury	
S12.030A	HCC401	Vertebral Fractures without Spinal Cord Injury	
S12.030B	HCC401	Vertebral Fractures without Spinal Cord Injury	
S12.031A	HCC401	Vertebral Fractures without Spinal Cord Injury	
S12.031B	HCC401	Vertebral Fractures without Spinal Cord Injury	
S12.040A	HCC401	Vertebral Fractures without Spinal Cord Injury	
S12.040B	HCC401	Vertebral Fractures without Spinal Cord Injury	
S12.041A	HCC401	Vertebral Fractures without Spinal Cord Injury	
S12.041B	HCC401	Vertebral Fractures without Spinal Cord Injury	
S12.090A	HCC401	Vertebral Fractures without Spinal Cord Injury	
S12.090B	HCC401	Vertebral Fractures without Spinal Cord Injury	
S12.091A	HCC401	Vertebral Fractures without Spinal Cord Injury	
S12.091B	HCC401	Vertebral Fractures without Spinal Cord Injury	
S12.100A	HCC401	Vertebral Fractures without Spinal Cord Injury	
S12.100B	HCC401	Vertebral Fractures without Spinal Cord Injury	
S12.101A	HCC401	Vertebral Fractures without Spinal Cord Injury	
S12.101B	HCC401	Vertebral Fractures without Spinal Cord Injury	
S12.110A	HCC401	Vertebral Fractures without Spinal Cord Injury	
S12.110B	HCC401	Vertebral Fractures without Spinal Cord Injury	
S12.111A	HCC401	Vertebral Fractures without Spinal Cord Injury	
S12.111B	HCC401	Vertebral Fractures without Spinal Cord Injury	
S12.112A	HCC401	Vertebral Fractures without Spinal Cord Injury	
S12.112B	HCC401	Vertebral Fractures without Spinal Cord Injury	
S12.120A	HCC401	Vertebral Fractures without Spinal Cord Injury	
S12.120B	HCC401	Vertebral Fractures without Spinal Cord Injury	
S12.121A	HCC401	Vertebral Fractures without Spinal Cord Injury	
S12.121B	HCC401	Vertebral Fractures without Spinal Cord Injury	
S12.130A	HCC401	Vertebral Fractures without Spinal Cord Injury	
S12.130B	HCC401	Vertebral Fractures without Spinal Cord Injury	
S12.131A	HCC401	Vertebral Fractures without Spinal Cord Injury	
S12.131B	HCC401	Vertebral Fractures without Spinal Cord Injury	
S12.14XA	HCC401	Vertebral Fractures without Spinal Cord Injury	
S12.14XB	HCC401	Vertebral Fractures without Spinal Cord Injury	
S12.150A	HCC401	Vertebral Fractures without Spinal Cord Injury	
S12.150B	HCC401	Vertebral Fractures without Spinal Cord Injury	
S12.151A	HCC401	Vertebral Fractures without Spinal Cord Injury	
S12.151B	HCC401	Vertebral Fractures without Spinal Cord Injury	
S12.190A	HCC401	Vertebral Fractures without Spinal Cord Injury	
S12.190B	HCC401	Vertebral Fractures without Spinal Cord Injury	
S12.191A	HCC401	Vertebral Fractures without Spinal Cord Injury	
S12.191B	HCC401	Vertebral Fractures without Spinal Cord Injury	
S12.200A	HCC401	Vertebral Fractures without Spinal Cord Injury	
S12.200B	HCC401	Vertebral Fractures without Spinal Cord Injury	
S12.201A	HCC401	Vertebral Fractures without Spinal Cord Injury	
S12.201B	HCC401	Vertebral Fractures without Spinal Cord Injury	
S12.230A	HCC401	Vertebral Fractures without Spinal Cord Injury	
S12.230B	HCC401	Vertebral Fractures without Spinal Cord Injury	
S12.231A	HCC401	Vertebral Fractures without Spinal Cord Injury	
S12.231B	HCC401	Vertebral Fractures without Spinal Cord Injury	
S12.24XA	HCC401	Vertebral Fractures without Spinal Cord Injury	
S12.24XB	HCC401	Vertebral Fractures without Spinal Cord Injury	
S12.250A	HCC401	Vertebral Fractures without Spinal Cord Injury	
S12.250B	HCC401	Vertebral Fractures without Spinal Cord Injury	
S12.251A	HCC401	Vertebral Fractures without Spinal Cord Injury	
S12.251B	HCC401	Vertebral Fractures without Spinal Cord Injury	
S12.290A	HCC401	Vertebral Fractures without Spinal Cord Injury	
S12.290B	HCC401	Vertebral Fractures without Spinal Cord Injury	
S12.291A	HCC401	Vertebral Fractures without Spinal Cord Injury	
S12.291B	HCC401	Vertebral Fractures without Spinal Cord Injury	
S12.300A	HCC401	Vertebral Fractures without Spinal Cord Injury	
S12.300B	HCC401	Vertebral Fractures without Spinal Cord Injury	
S12.301A	HCC401	Vertebral Fractures without Spinal Cord Injury	
S12.301B	HCC401	Vertebral Fractures without Spinal Cord Injury	
S12.330A	HCC401	Vertebral Fractures without Spinal Cord Injury	
S12.330B	HCC401	Vertebral Fractures without Spinal Cord Injury	
S12.331A	HCC401	Vertebral Fractures without Spinal Cord Injury	
S12.331B	HCC401	Vertebral Fractures without Spinal Cord Injury	
S12.34XA	HCC401	Vertebral Fractures without Spinal Cord Injury	
S12.34XB	HCC401	Vertebral Fractures without Spinal Cord Injury	
S12.350A	HCC401	Vertebral Fractures without Spinal Cord Injury	
S12.350B	HCC401	Vertebral Fractures without Spinal Cord Injury	
S12.351A	HCC401	Vertebral Fractures without Spinal Cord Injury	
S12.351B	HCC401	Vertebral Fractures without Spinal Cord Injury	
S12.390A	HCC401	Vertebral Fractures without Spinal Cord Injury	
S12.390B	HCC401	Vertebral Fractures without Spinal Cord Injury	
S12.391A	HCC401	Vertebral Fractures without Spinal Cord Injury	
S12.391B	HCC401	Vertebral Fractures without Spinal Cord Injury	
S12.400A	HCC401	Vertebral Fractures without Spinal Cord Injury	
S12.400B	HCC401	Vertebral Fractures without Spinal Cord Injury	
S12.401A	HCC401	Vertebral Fractures without Spinal Cord Injury	
S12.401B	HCC401	Vertebral Fractures without Spinal Cord Injury	
S12.430A	HCC401	Vertebral Fractures without Spinal Cord Injury	
S12.430B	HCC401	Vertebral Fractures without Spinal Cord Injury	
S12.431A	HCC401	Vertebral Fractures without Spinal Cord Injury	
S12.431B	HCC401	Vertebral Fractures without Spinal Cord Injury	
S12.44XA	HCC401	Vertebral Fractures without Spinal Cord Injury	
S12.44XB	HCC401	Vertebral Fractures without Spinal Cord Injury	
S12.450A	HCC401	Vertebral Fractures without Spinal Cord Injury	
S12.450B	HCC401	Vertebral Fractures without Spinal Cord Injury	
S12.451A	HCC401	Vertebral Fractures without Spinal Cord Injury	
S12.451B	HCC401	Vertebral Fractures without Spinal Cord Injury	
S12.490A	HCC401	Vertebral Fractures without Spinal Cord Injury	
S12.490B	HCC401	Vertebral Fractures without Spinal Cord Injury	
S12.491A	HCC401	Vertebral Fractures without Spinal Cord Injury	
S12.491B	HCC401	Vertebral Fractures without Spinal Cord Injury	
S12.500A	HCC401	Vertebral Fractures without Spinal Cord Injury	
S12.500B	HCC401	Vertebral Fractures without Spinal Cord Injury	
S12.501A	HCC401	Vertebral Fractures without Spinal Cord Injury	
S12.501B	HCC401	Vertebral Fractures without Spinal Cord Injury	
S12.530A	HCC401	Vertebral Fractures without Spinal Cord Injury	
S12.530B	HCC401	Vertebral Fractures without Spinal Cord Injury	
S12.531A	HCC401	Vertebral Fractures without Spinal Cord Injury	
S12.531B	HCC401	Vertebral Fractures without Spinal Cord Injury	
S12.54XA	HCC401	Vertebral Fractures without Spinal Cord Injury	
S12.54XB	HCC401	Vertebral Fractures without Spinal Cord Injury	
S12.550A	HCC401	Vertebral Fractures without Spinal Cord Injury	
S12.550B	HCC401	Vertebral Fractures without Spinal Cord Injury	
S12.551A	HCC401	Vertebral Fractures without Spinal Cord Injury	
S12.551B	HCC401	Vertebral Fractures without Spinal Cord Injury	
S12.590A	HCC401	Vertebral Fractures without Spinal Cord Injury	
S12.590B	HCC401	Vertebral Fractures without Spinal Cord Injury	
S12.591A	HCC401	Vertebral Fractures without Spinal Cord Injury	
S12.591B	HCC401	Vertebral Fractures without Spinal Cord Injury	
S12.600A	HCC401	Vertebral Fractures without Spinal Cord Injury	
S12.600B	HCC401	Vertebral Fractures without Spinal Cord Injury	
S12.601A	HCC401	Vertebral Fractures without Spinal Cord Injury	
S12.601B	HCC401	Vertebral Fractures without Spinal Cord Injury	
S12.630A	HCC401	Vertebral Fractures without Spinal Cord Injury	
S12.630B	HCC401	Vertebral Fractures without Spinal Cord Injury	
S12.631A	HCC401	Vertebral Fractures without Spinal Cord Injury	
S12.631B	HCC401	Vertebral Fractures without Spinal Cord Injury	
S12.64XA	HCC401	Vertebral Fractures without Spinal Cord Injury	
S12.64XB	HCC401	Vertebral Fractures without Spinal Cord Injury	
S12.650A	HCC401	Vertebral Fractures without Spinal Cord Injury	
S12.650B	HCC401	Vertebral Fractures without Spinal Cord Injury	
S12.651A	HCC401	Vertebral Fractures without Spinal Cord Injury	
S12.651B	HCC401	Vertebral Fractures without Spinal Cord Injury	
S12.690A	HCC401	Vertebral Fractures without Spinal Cord Injury	
S12.690B	HCC401	Vertebral Fractures without Spinal Cord Injury	
S12.691A	HCC401	Vertebral Fractures without Spinal Cord Injury	
S12.691B	HCC401	Vertebral Fractures without Spinal Cord Injury	
S12.8XXA	HCC401	Vertebral Fractures without Spinal Cord Injury	
S12.9XXA	HCC401	Vertebral Fractures without Spinal Cord Injury	
S14.0XXA	HCC182	Spinal Cord Disorders/Injuries	
S14.0XXD	HCC182	Spinal Cord Disorders/Injuries	
S14.101A	HCC182	Spinal Cord Disorders/Injuries	
S14.101D	HCC182	Spinal Cord Disorders/Injuries	
S14.102A	HCC182	Spinal Cord Disorders/Injuries	
S14.102D	HCC182	Spinal Cord Disorders/Injuries	
S14.103A	HCC182	Spinal Cord Disorders/Injuries	
S14.103D	HCC182	Spinal Cord Disorders/Injuries	
S14.104A	HCC182	Spinal Cord Disorders/Injuries	
S14.104D	HCC182	Spinal Cord Disorders/Injuries	
S14.105A	HCC182	Spinal Cord Disorders/Injuries	
S14.105D	HCC182	Spinal Cord Disorders/Injuries	
S14.106A	HCC182	Spinal Cord Disorders/Injuries	
S14.106D	HCC182	Spinal Cord Disorders/Injuries	
S14.107A	HCC182	Spinal Cord Disorders/Injuries	
S14.107D	HCC182	Spinal Cord Disorders/Injuries	
S14.108A	HCC182	Spinal Cord Disorders/Injuries	
S14.108D	HCC182	Spinal Cord Disorders/Injuries	
S14.109A	HCC182	Spinal Cord Disorders/Injuries	
S14.109D	HCC182	Spinal Cord Disorders/Injuries	
S14.111A	HCC180	Quadriplegia	
S14.111D	HCC180	Quadriplegia	
S14.111S	HCC180	Quadriplegia	
S14.112A	HCC180	Quadriplegia	
S14.112D	HCC180	Quadriplegia	
S14.112S	HCC180	Quadriplegia	
S14.113A	HCC180	Quadriplegia	
S14.113D	HCC180	Quadriplegia	
S14.113S	HCC180	Quadriplegia	
S14.114A	HCC180	Quadriplegia	
S14.114D	HCC180	Quadriplegia	
S14.114S	HCC180	Quadriplegia	
S14.115A	HCC180	Quadriplegia	
S14.115D	HCC180	Quadriplegia	
S14.115S	HCC180	Quadriplegia	
S14.116A	HCC180	Quadriplegia	
S14.116D	HCC180	Quadriplegia	
S14.116S	HCC180	Quadriplegia	
S14.117A	HCC180	Quadriplegia	
S14.117D	HCC180	Quadriplegia	
S14.117S	HCC180	Quadriplegia	
S14.118A	HCC180	Quadriplegia	
S14.118D	HCC180	Quadriplegia	
S14.118S	HCC180	Quadriplegia	
S14.119A	HCC180	Quadriplegia	
S14.119D	HCC180	Quadriplegia	
S14.119S	HCC180	Quadriplegia	
S14.121A	HCC182	Spinal Cord Disorders/Injuries	
S14.121D	HCC182	Spinal Cord Disorders/Injuries	
S14.122A	HCC182	Spinal Cord Disorders/Injuries	
S14.122D	HCC182	Spinal Cord Disorders/Injuries	
S14.123A	HCC182	Spinal Cord Disorders/Injuries	
S14.123D	HCC182	Spinal Cord Disorders/Injuries	
S14.124A	HCC182	Spinal Cord Disorders/Injuries	
S14.124D	HCC182	Spinal Cord Disorders/Injuries	
S14.125A	HCC182	Spinal Cord Disorders/Injuries	
S14.125D	HCC182	Spinal Cord Disorders/Injuries	
S14.126A	HCC182	Spinal Cord Disorders/Injuries	
S14.126D	HCC182	Spinal Cord Disorders/Injuries	
S14.127A	HCC182	Spinal Cord Disorders/Injuries	
S14.127D	HCC182	Spinal Cord Disorders/Injuries	
S14.128A	HCC182	Spinal Cord Disorders/Injuries	
S14.128D	HCC182	Spinal Cord Disorders/Injuries	
S14.129A	HCC182	Spinal Cord Disorders/Injuries	
S14.129D	HCC182	Spinal Cord Disorders/Injuries	
S14.131A	HCC182	Spinal Cord Disorders/Injuries	
S14.131D	HCC182	Spinal Cord Disorders/Injuries	
S14.132A	HCC182	Spinal Cord Disorders/Injuries	
S14.132D	HCC182	Spinal Cord Disorders/Injuries	
S14.133A	HCC182	Spinal Cord Disorders/Injuries	
S14.133D	HCC182	Spinal Cord Disorders/Injuries	
S14.134A	HCC182	Spinal Cord Disorders/Injuries	
S14.134D	HCC182	Spinal Cord Disorders/Injuries	
S14.135A	HCC182	Spinal Cord Disorders/Injuries	
S14.135D	HCC182	Spinal Cord Disorders/Injuries	
S14.136A	HCC182	Spinal Cord Disorders/Injuries	
S14.136D	HCC182	Spinal Cord Disorders/Injuries	
S14.137A	HCC182	Spinal Cord Disorders/Injuries	
S14.137D	HCC182	Spinal Cord Disorders/Injuries	
S14.138A	HCC182	Spinal Cord Disorders/Injuries	
S14.138D	HCC182	Spinal Cord Disorders/Injuries	
S14.139A	HCC182	Spinal Cord Disorders/Injuries	
S14.139D	HCC182	Spinal Cord Disorders/Injuries	
S14.141A	HCC182	Spinal Cord Disorders/Injuries	
S14.141D	HCC182	Spinal Cord Disorders/Injuries	
S14.142A	HCC182	Spinal Cord Disorders/Injuries	
S14.142D	HCC182	Spinal Cord Disorders/Injuries	
S14.143A	HCC182	Spinal Cord Disorders/Injuries	
S14.143D	HCC182	Spinal Cord Disorders/Injuries	
S14.144A	HCC182	Spinal Cord Disorders/Injuries	
S14.144D	HCC182	Spinal Cord Disorders/Injuries	
S14.145A	HCC182	Spinal Cord Disorders/Injuries	
S14.145D	HCC182	Spinal Cord Disorders/Injuries	
S14.146A	HCC182	Spinal Cord Disorders/Injuries	
S14.146D	HCC182	Spinal Cord Disorders/Injuries	
S14.147A	HCC182	Spinal Cord Disorders/Injuries	
S14.147D	HCC182	Spinal Cord Disorders/Injuries	
S14.148A	HCC182	Spinal Cord Disorders/Injuries	
S14.148D	HCC182	Spinal Cord Disorders/Injuries	
S14.149A	HCC182	Spinal Cord Disorders/Injuries	
S14.149D	HCC182	Spinal Cord Disorders/Injuries	
S14.151A	HCC182	Spinal Cord Disorders/Injuries	
S14.151D	HCC182	Spinal Cord Disorders/Injuries	
S14.152A	HCC182	Spinal Cord Disorders/Injuries	
S14.152D	HCC182	Spinal Cord Disorders/Injuries	
S14.153A	HCC182	Spinal Cord Disorders/Injuries	
S14.153D	HCC182	Spinal Cord Disorders/Injuries	
S14.154A	HCC182	Spinal Cord Disorders/Injuries	
S14.154D	HCC182	Spinal Cord Disorders/Injuries	
S14.155A	HCC182	Spinal Cord Disorders/Injuries	
S14.155D	HCC182	Spinal Cord Disorders/Injuries	
S14.156A	HCC182	Spinal Cord Disorders/Injuries	
S14.156D	HCC182	Spinal Cord Disorders/Injuries	
S14.157A	HCC182	Spinal Cord Disorders/Injuries	
S14.157D	HCC182	Spinal Cord Disorders/Injuries	
S14.158A	HCC182	Spinal Cord Disorders/Injuries	
S14.158D	HCC182	Spinal Cord Disorders/Injuries	
S14.159A	HCC182	Spinal Cord Disorders/Injuries	
S14.159D	HCC182	Spinal Cord Disorders/Injuries	
S22.000A	HCC401	Vertebral Fractures without Spinal Cord Injury	
S22.000B	HCC401	Vertebral Fractures without Spinal Cord Injury	
S22.001A	HCC401	Vertebral Fractures without Spinal Cord Injury	
S22.001B	HCC401	Vertebral Fractures without Spinal Cord Injury	
S22.002A	HCC401	Vertebral Fractures without Spinal Cord Injury	
S22.002B	HCC401	Vertebral Fractures without Spinal Cord Injury	
S22.008A	HCC401	Vertebral Fractures without Spinal Cord Injury	
S22.008B	HCC401	Vertebral Fractures without Spinal Cord Injury	
S22.009A	HCC401	Vertebral Fractures without Spinal Cord Injury	
S22.009B	HCC401	Vertebral Fractures without Spinal Cord Injury	
S22.010A	HCC401	Vertebral Fractures without Spinal Cord Injury	
S22.010B	HCC401	Vertebral Fractures without Spinal Cord Injury	
S22.011A	HCC401	Vertebral Fractures without Spinal Cord Injury	
S22.011B	HCC401	Vertebral Fractures without Spinal Cord Injury	
S22.012A	HCC401	Vertebral Fractures without Spinal Cord Injury	
S22.012B	HCC401	Vertebral Fractures without Spinal Cord Injury	
S22.018A	HCC401	Vertebral Fractures without Spinal Cord Injury	
S22.018B	HCC401	Vertebral Fractures without Spinal Cord Injury	
S22.019A	HCC401	Vertebral Fractures without Spinal Cord Injury	
S22.019B	HCC401	Vertebral Fractures without Spinal Cord Injury	
S22.020A	HCC401	Vertebral Fractures without Spinal Cord Injury	
S22.020B	HCC401	Vertebral Fractures without Spinal Cord Injury	
S22.021A	HCC401	Vertebral Fractures without Spinal Cord Injury	
S22.021B	HCC401	Vertebral Fractures without Spinal Cord Injury	
S22.022A	HCC401	Vertebral Fractures without Spinal Cord Injury	
S22.022B	HCC401	Vertebral Fractures without Spinal Cord Injury	
S22.028A	HCC401	Vertebral Fractures without Spinal Cord Injury	
S22.028B	HCC401	Vertebral Fractures without Spinal Cord Injury	
S22.029A	HCC401	Vertebral Fractures without Spinal Cord Injury	
S22.029B	HCC401	Vertebral Fractures without Spinal Cord Injury	
S22.030A	HCC401	Vertebral Fractures without Spinal Cord Injury	
S22.030B	HCC401	Vertebral Fractures without Spinal Cord Injury	
S22.031A	HCC401	Vertebral Fractures without Spinal Cord Injury	
S22.031B	HCC401	Vertebral Fractures without Spinal Cord Injury	
S22.032A	HCC401	Vertebral Fractures without Spinal Cord Injury	
S22.032B	HCC401	Vertebral Fractures without Spinal Cord Injury	
S22.038A	HCC401	Vertebral Fractures without Spinal Cord Injury	
S22.038B	HCC401	Vertebral Fractures without Spinal Cord Injury	
S22.039A	HCC401	Vertebral Fractures without Spinal Cord Injury	
S22.039B	HCC401	Vertebral Fractures without Spinal Cord Injury	
S22.040A	HCC401	Vertebral Fractures without Spinal Cord Injury	
S22.040B	HCC401	Vertebral Fractures without Spinal Cord Injury	
S22.041A	HCC401	Vertebral Fractures without Spinal Cord Injury	
S22.041B	HCC401	Vertebral Fractures without Spinal Cord Injury	
S22.042A	HCC401	Vertebral Fractures without Spinal Cord Injury	
S22.042B	HCC401	Vertebral Fractures without Spinal Cord Injury	
S22.048A	HCC401	Vertebral Fractures without Spinal Cord Injury	
S22.048B	HCC401	Vertebral Fractures without Spinal Cord Injury	
S22.049A	HCC401	Vertebral Fractures without Spinal Cord Injury	
S22.049B	HCC401	Vertebral Fractures without Spinal Cord Injury	
S22.050A	HCC401	Vertebral Fractures without Spinal Cord Injury	
S22.050B	HCC401	Vertebral Fractures without Spinal Cord Injury	
S22.051A	HCC401	Vertebral Fractures without Spinal Cord Injury	
S22.051B	HCC401	Vertebral Fractures without Spinal Cord Injury	
S22.052A	HCC401	Vertebral Fractures without Spinal Cord Injury	
S22.052B	HCC401	Vertebral Fractures without Spinal Cord Injury	
S22.058A	HCC401	Vertebral Fractures without Spinal Cord Injury	
S22.058B	HCC401	Vertebral Fractures without Spinal Cord Injury	
S22.059A	HCC401	Vertebral Fractures without Spinal Cord Injury	
S22.059B	HCC401	Vertebral Fractures without Spinal Cord Injury	
S22.060A	HCC401	Vertebral Fractures without Spinal Cord Injury	
S22.060B	HCC401	Vertebral Fractures without Spinal Cord Injury	
S22.061A	HCC401	Vertebral Fractures without Spinal Cord Injury	
S22.061B	HCC401	Vertebral Fractures without Spinal Cord Injury	
S22.062A	HCC401	Vertebral Fractures without Spinal Cord Injury	
S22.062B	HCC401	Vertebral Fractures without Spinal Cord Injury	
S22.068A	HCC401	Vertebral Fractures without Spinal Cord Injury	
S22.068B	HCC401	Vertebral Fractures without Spinal Cord Injury	
S22.069A	HCC401	Vertebral Fractures without Spinal Cord Injury	
S22.069B	HCC401	Vertebral Fractures without Spinal Cord Injury	
S22.070A	HCC401	Vertebral Fractures without Spinal Cord Injury	
S22.070B	HCC401	Vertebral Fractures without Spinal Cord Injury	
S22.071A	HCC401	Vertebral Fractures without Spinal Cord Injury	
S22.071B	HCC401	Vertebral Fractures without Spinal Cord Injury	
S22.072A	HCC401	Vertebral Fractures without Spinal Cord Injury	
S22.072B	HCC401	Vertebral Fractures without Spinal Cord Injury	
S22.078A	HCC401	Vertebral Fractures without Spinal Cord Injury	
S22.078B	HCC401	Vertebral Fractures without Spinal Cord Injury	
S22.079A	HCC401	Vertebral Fractures without Spinal Cord Injury	
S22.079B	HCC401	Vertebral Fractures without Spinal Cord Injury	
S22.080A	HCC401	Vertebral Fractures without Spinal Cord Injury	
S22.080B	HCC401	Vertebral Fractures without Spinal Cord Injury	
S22.081A	HCC401	Vertebral Fractures without Spinal Cord Injury	
S22.081B	HCC401	Vertebral Fractures without Spinal Cord Injury	
S22.082A	HCC401	Vertebral Fractures without Spinal Cord Injury	
S22.082B	HCC401	Vertebral Fractures without Spinal Cord Injury	
S22.088A	HCC401	Vertebral Fractures without Spinal Cord Injury	
S22.088B	HCC401	Vertebral Fractures without Spinal Cord Injury	
S22.089A	HCC401	Vertebral Fractures without Spinal Cord Injury	
S22.089B	HCC401	Vertebral Fractures without Spinal Cord Injury	
S24.0XXA	HCC182	Spinal Cord Disorders/Injuries	
S24.0XXD	HCC182	Spinal Cord Disorders/Injuries	
S24.101A	HCC182	Spinal Cord Disorders/Injuries	
S24.101D	HCC182	Spinal Cord Disorders/Injuries	
S24.102A	HCC182	Spinal Cord Disorders/Injuries	
S24.102D	HCC182	Spinal Cord Disorders/Injuries	
S24.103A	HCC182	Spinal Cord Disorders/Injuries	
S24.103D	HCC182	Spinal Cord Disorders/Injuries	
S24.104A	HCC182	Spinal Cord Disorders/Injuries	
S24.104D	HCC182	Spinal Cord Disorders/Injuries	
S24.109A	HCC182	Spinal Cord Disorders/Injuries	
S24.109D	HCC182	Spinal Cord Disorders/Injuries	
S24.111A	HCC181	Paraplegia	
S24.111D	HCC181	Paraplegia	
S24.111S	HCC181	Paraplegia	
S24.112A	HCC181	Paraplegia	
S24.112D	HCC181	Paraplegia	
S24.112S	HCC181	Paraplegia	
S24.113A	HCC181	Paraplegia	
S24.113D	HCC181	Paraplegia	
S24.113S	HCC181	Paraplegia	
S24.114A	HCC181	Paraplegia	
S24.114D	HCC181	Paraplegia	
S24.114S	HCC181	Paraplegia	
S24.119A	HCC181	Paraplegia	
S24.119D	HCC181	Paraplegia	
S24.119S	HCC181	Paraplegia	
S24.131A	HCC182	Spinal Cord Disorders/Injuries	
S24.131D	HCC182	Spinal Cord Disorders/Injuries	
S24.132A	HCC182	Spinal Cord Disorders/Injuries	
S24.132D	HCC182	Spinal Cord Disorders/Injuries	
S24.133A	HCC182	Spinal Cord Disorders/Injuries	
S24.133D	HCC182	Spinal Cord Disorders/Injuries	
S24.134A	HCC182	Spinal Cord Disorders/Injuries	
S24.134D	HCC182	Spinal Cord Disorders/Injuries	
S24.139A	HCC182	Spinal Cord Disorders/Injuries	
S24.139D	HCC182	Spinal Cord Disorders/Injuries	
S24.141A	HCC182	Spinal Cord Disorders/Injuries	
S24.141D	HCC182	Spinal Cord Disorders/Injuries	
S24.142A	HCC182	Spinal Cord Disorders/Injuries	
S24.142D	HCC182	Spinal Cord Disorders/Injuries	
S24.143A	HCC182	Spinal Cord Disorders/Injuries	
S24.143D	HCC182	Spinal Cord Disorders/Injuries	
S24.144A	HCC182	Spinal Cord Disorders/Injuries	
S24.144D	HCC182	Spinal Cord Disorders/Injuries	
S24.149A	HCC182	Spinal Cord Disorders/Injuries	
S24.149D	HCC182	Spinal Cord Disorders/Injuries	
S24.151A	HCC182	Spinal Cord Disorders/Injuries	
S24.151D	HCC182	Spinal Cord Disorders/Injuries	
S24.152A	HCC182	Spinal Cord Disorders/Injuries	
S24.152D	HCC182	Spinal Cord Disorders/Injuries	
S24.153A	HCC182	Spinal Cord Disorders/Injuries	
S24.153D	HCC182	Spinal Cord Disorders/Injuries	
S24.154A	HCC182	Spinal Cord Disorders/Injuries	
S24.154D	HCC182	Spinal Cord Disorders/Injuries	
S24.159A	HCC182	Spinal Cord Disorders/Injuries	
S24.159D	HCC182	Spinal Cord Disorders/Injuries	
S32.000A	HCC401	Vertebral Fractures without Spinal Cord Injury	
S32.000B	HCC401	Vertebral Fractures without Spinal Cord Injury	
S32.001A	HCC401	Vertebral Fractures without Spinal Cord Injury	
S32.001B	HCC401	Vertebral Fractures without Spinal Cord Injury	
S32.002A	HCC401	Vertebral Fractures without Spinal Cord Injury	
S32.002B	HCC401	Vertebral Fractures without Spinal Cord Injury	
S32.008A	HCC401	Vertebral Fractures without Spinal Cord Injury	
S32.008B	HCC401	Vertebral Fractures without Spinal Cord Injury	
S32.009A	HCC401	Vertebral Fractures without Spinal Cord Injury	
S32.009B	HCC401	Vertebral Fractures without Spinal Cord Injury	
S32.010A	HCC401	Vertebral Fractures without Spinal Cord Injury	
S32.010B	HCC401	Vertebral Fractures without Spinal Cord Injury	
S32.011A	HCC401	Vertebral Fractures without Spinal Cord Injury	
S32.011B	HCC401	Vertebral Fractures without Spinal Cord Injury	
S32.012A	HCC401	Vertebral Fractures without Spinal Cord Injury	
S32.012B	HCC401	Vertebral Fractures without Spinal Cord Injury	
S32.018A	HCC401	Vertebral Fractures without Spinal Cord Injury	
S32.018B	HCC401	Vertebral Fractures without Spinal Cord Injury	
S32.019A	HCC401	Vertebral Fractures without Spinal Cord Injury	
S32.019B	HCC401	Vertebral Fractures without Spinal Cord Injury	
S32.020A	HCC401	Vertebral Fractures without Spinal Cord Injury	
S32.020B	HCC401	Vertebral Fractures without Spinal Cord Injury	
S32.021A	HCC401	Vertebral Fractures without Spinal Cord Injury	
S32.021B	HCC401	Vertebral Fractures without Spinal Cord Injury	
S32.022A	HCC401	Vertebral Fractures without Spinal Cord Injury	
S32.022B	HCC401	Vertebral Fractures without Spinal Cord Injury	
S32.028A	HCC401	Vertebral Fractures without Spinal Cord Injury	
S32.028B	HCC401	Vertebral Fractures without Spinal Cord Injury	
S32.029A	HCC401	Vertebral Fractures without Spinal Cord Injury	
S32.029B	HCC401	Vertebral Fractures without Spinal Cord Injury	
S32.030A	HCC401	Vertebral Fractures without Spinal Cord Injury	
S32.030B	HCC401	Vertebral Fractures without Spinal Cord Injury	
S32.031A	HCC401	Vertebral Fractures without Spinal Cord Injury	
S32.031B	HCC401	Vertebral Fractures without Spinal Cord Injury	
S32.032A	HCC401	Vertebral Fractures without Spinal Cord Injury	
S32.032B	HCC401	Vertebral Fractures without Spinal Cord Injury	
S32.038A	HCC401	Vertebral Fractures without Spinal Cord Injury	
S32.038B	HCC401	Vertebral Fractures without Spinal Cord Injury	
S32.039A	HCC401	Vertebral Fractures without Spinal Cord Injury	
S32.039B	HCC401	Vertebral Fractures without Spinal Cord Injury	
S32.040A	HCC401	Vertebral Fractures without Spinal Cord Injury	
S32.040B	HCC401	Vertebral Fractures without Spinal Cord Injury	
S32.041A	HCC401	Vertebral Fractures without Spinal Cord Injury	
S32.041B	HCC401	Vertebral Fractures without Spinal Cord Injury	
S32.042A	HCC401	Vertebral Fractures without Spinal Cord Injury	
S32.042B	HCC401	Vertebral Fractures without Spinal Cord Injury	
S32.048A	HCC401	Vertebral Fractures without Spinal Cord Injury	
S32.048B	HCC401	Vertebral Fractures without Spinal Cord Injury	
S32.049A	HCC401	Vertebral Fractures without Spinal Cord Injury	
S32.049B	HCC401	Vertebral Fractures without Spinal Cord Injury	
S32.050A	HCC401	Vertebral Fractures without Spinal Cord Injury	
S32.050B	HCC401	Vertebral Fractures without Spinal Cord Injury	
S32.051A	HCC401	Vertebral Fractures without Spinal Cord Injury	
S32.051B	HCC401	Vertebral Fractures without Spinal Cord Injury	
S32.052A	HCC401	Vertebral Fractures without Spinal Cord Injury	
S32.052B	HCC401	Vertebral Fractures without Spinal Cord Injury	
S32.058A	HCC401	Vertebral Fractures without Spinal Cord Injury	
S32.058B	HCC401	Vertebral Fractures without Spinal Cord Injury	
S32.059A	HCC401	Vertebral Fractures without Spinal Cord Injury	
S32.059B	HCC401	Vertebral Fractures without Spinal Cord Injury	
S32.10XA	HCC401	Vertebral Fractures without Spinal Cord Injury	
S32.10XB	HCC401	Vertebral Fractures without Spinal Cord Injury	
S32.110A	HCC401	Vertebral Fractures without Spinal Cord Injury	
S32.110B	HCC401	Vertebral Fractures without Spinal Cord Injury	
S32.111A	HCC401	Vertebral Fractures without Spinal Cord Injury	
S32.111B	HCC401	Vertebral Fractures without Spinal Cord Injury	
S32.112A	HCC401	Vertebral Fractures without Spinal Cord Injury	
S32.112B	HCC401	Vertebral Fractures without Spinal Cord Injury	
S32.119A	HCC401	Vertebral Fractures without Spinal Cord Injury	
S32.119B	HCC401	Vertebral Fractures without Spinal Cord Injury	
S32.120A	HCC401	Vertebral Fractures without Spinal Cord Injury	
S32.120B	HCC401	Vertebral Fractures without Spinal Cord Injury	
S32.121A	HCC401	Vertebral Fractures without Spinal Cord Injury	
S32.121B	HCC401	Vertebral Fractures without Spinal Cord Injury	
S32.122A	HCC401	Vertebral Fractures without Spinal Cord Injury	
S32.122B	HCC401	Vertebral Fractures without Spinal Cord Injury	
S32.129A	HCC401	Vertebral Fractures without Spinal Cord Injury	
S32.129B	HCC401	Vertebral Fractures without Spinal Cord Injury	
S32.130A	HCC401	Vertebral Fractures without Spinal Cord Injury	
S32.130B	HCC401	Vertebral Fractures without Spinal Cord Injury	
S32.131A	HCC401	Vertebral Fractures without Spinal Cord Injury	
S32.131B	HCC401	Vertebral Fractures without Spinal Cord Injury	
S32.132A	HCC401	Vertebral Fractures without Spinal Cord Injury	
S32.132B	HCC401	Vertebral Fractures without Spinal Cord Injury	
S32.139A	HCC401	Vertebral Fractures without Spinal Cord Injury	
S32.139B	HCC401	Vertebral Fractures without Spinal Cord Injury	
S32.14XA	HCC401	Vertebral Fractures without Spinal Cord Injury	
S32.14XB	HCC401	Vertebral Fractures without Spinal Cord Injury	
S32.15XA	HCC401	Vertebral Fractures without Spinal Cord Injury	
S32.15XB	HCC401	Vertebral Fractures without Spinal Cord Injury	
S32.16XA	HCC401	Vertebral Fractures without Spinal Cord Injury	
S32.16XB	HCC401	Vertebral Fractures without Spinal Cord Injury	
S32.17XA	HCC401	Vertebral Fractures without Spinal Cord Injury	
S32.17XB	HCC401	Vertebral Fractures without Spinal Cord Injury	
S32.19XA	HCC401	Vertebral Fractures without Spinal Cord Injury	
S32.19XB	HCC401	Vertebral Fractures without Spinal Cord Injury	
S32.2XXA	HCC401	Vertebral Fractures without Spinal Cord Injury	
S32.2XXB	HCC401	Vertebral Fractures without Spinal Cord Injury	
S32.301A	HCC402	Hip Fracture/Dislocation	
S32.301B	HCC402	Hip Fracture/Dislocation	
S32.302A	HCC402	Hip Fracture/Dislocation	
S32.302B	HCC402	Hip Fracture/Dislocation	
S32.309A	HCC402	Hip Fracture/Dislocation	
S32.309B	HCC402	Hip Fracture/Dislocation	
S32.311A	HCC402	Hip Fracture/Dislocation	
S32.311B	HCC402	Hip Fracture/Dislocation	
S32.312A	HCC402	Hip Fracture/Dislocation	
S32.312B	HCC402	Hip Fracture/Dislocation	
S32.313A	HCC402	Hip Fracture/Dislocation	
S32.313B	HCC402	Hip Fracture/Dislocation	
S32.314A	HCC402	Hip Fracture/Dislocation	
S32.314B	HCC402	Hip Fracture/Dislocation	
S32.315A	HCC402	Hip Fracture/Dislocation	
S32.315B	HCC402	Hip Fracture/Dislocation	
S32.316A	HCC402	Hip Fracture/Dislocation	
S32.316B	HCC402	Hip Fracture/Dislocation	
S32.391A	HCC402	Hip Fracture/Dislocation	
S32.391B	HCC402	Hip Fracture/Dislocation	
S32.392A	HCC402	Hip Fracture/Dislocation	
S32.392B	HCC402	Hip Fracture/Dislocation	
S32.399A	HCC402	Hip Fracture/Dislocation	
S32.399B	HCC402	Hip Fracture/Dislocation	
S32.401A	HCC402	Hip Fracture/Dislocation	
S32.401B	HCC402	Hip Fracture/Dislocation	
S32.402A	HCC402	Hip Fracture/Dislocation	
S32.402B	HCC402	Hip Fracture/Dislocation	
S32.409A	HCC402	Hip Fracture/Dislocation	
S32.409B	HCC402	Hip Fracture/Dislocation	
S32.411A	HCC402	Hip Fracture/Dislocation	
S32.411B	HCC402	Hip Fracture/Dislocation	
S32.412A	HCC402	Hip Fracture/Dislocation	
S32.412B	HCC402	Hip Fracture/Dislocation	
S32.413A	HCC402	Hip Fracture/Dislocation	
S32.413B	HCC402	Hip Fracture/Dislocation	
S32.414A	HCC402	Hip Fracture/Dislocation	
S32.414B	HCC402	Hip Fracture/Dislocation	
S32.415A	HCC402	Hip Fracture/Dislocation	
S32.415B	HCC402	Hip Fracture/Dislocation	
S32.416A	HCC402	Hip Fracture/Dislocation	
S32.416B	HCC402	Hip Fracture/Dislocation	
S32.421A	HCC402	Hip Fracture/Dislocation	
S32.421B	HCC402	Hip Fracture/Dislocation	
S32.422A	HCC402	Hip Fracture/Dislocation	
S32.422B	HCC402	Hip Fracture/Dislocation	
S32.423A	HCC402	Hip Fracture/Dislocation	
S32.423B	HCC402	Hip Fracture/Dislocation	
S32.424A	HCC402	Hip Fracture/Dislocation	
S32.424B	HCC402	Hip Fracture/Dislocation	
S32.425A	HCC402	Hip Fracture/Dislocation	
S32.425B	HCC402	Hip Fracture/Dislocation	
S32.426A	HCC402	Hip Fracture/Dislocation	
S32.426B	HCC402	Hip Fracture/Dislocation	
S32.431A	HCC402	Hip Fracture/Dislocation	
S32.431B	HCC402	Hip Fracture/Dislocation	
S32.432A	HCC402	Hip Fracture/Dislocation	
S32.432B	HCC402	Hip Fracture/Dislocation	
S32.433A	HCC402	Hip Fracture/Dislocation	
S32.433B	HCC402	Hip Fracture/Dislocation	
S32.434A	HCC402	Hip Fracture/Dislocation	
S32.434B	HCC402	Hip Fracture/Dislocation	
S32.435A	HCC402	Hip Fracture/Dislocation	
S32.435B	HCC402	Hip Fracture/Dislocation	
S32.436A	HCC402	Hip Fracture/Dislocation	
S32.436B	HCC402	Hip Fracture/Dislocation	
S32.441A	HCC402	Hip Fracture/Dislocation	
S32.441B	HCC402	Hip Fracture/Dislocation	
S32.442A	HCC402	Hip Fracture/Dislocation	
S32.442B	HCC402	Hip Fracture/Dislocation	
S32.443A	HCC402	Hip Fracture/Dislocation	
S32.443B	HCC402	Hip Fracture/Dislocation	
S32.444A	HCC402	Hip Fracture/Dislocation	
S32.444B	HCC402	Hip Fracture/Dislocation	
S32.445A	HCC402	Hip Fracture/Dislocation	
S32.445B	HCC402	Hip Fracture/Dislocation	
S32.446A	HCC402	Hip Fracture/Dislocation	
S32.446B	HCC402	Hip Fracture/Dislocation	
S32.451A	HCC402	Hip Fracture/Dislocation	
S32.451B	HCC402	Hip Fracture/Dislocation	
S32.452A	HCC402	Hip Fracture/Dislocation	
S32.452B	HCC402	Hip Fracture/Dislocation	
S32.453A	HCC402	Hip Fracture/Dislocation	
S32.453B	HCC402	Hip Fracture/Dislocation	
S32.454A	HCC402	Hip Fracture/Dislocation	
S32.454B	HCC402	Hip Fracture/Dislocation	
S32.455A	HCC402	Hip Fracture/Dislocation	
S32.455B	HCC402	Hip Fracture/Dislocation	
S32.456A	HCC402	Hip Fracture/Dislocation	
S32.456B	HCC402	Hip Fracture/Dislocation	
S32.461A	HCC402	Hip Fracture/Dislocation	
S32.461B	HCC402	Hip Fracture/Dislocation	
S32.462A	HCC402	Hip Fracture/Dislocation	
S32.462B	HCC402	Hip Fracture/Dislocation	
S32.463A	HCC402	Hip Fracture/Dislocation	
S32.463B	HCC402	Hip Fracture/Dislocation	
S32.464A	HCC402	Hip Fracture/Dislocation	
S32.464B	HCC402	Hip Fracture/Dislocation	
S32.465A	HCC402	Hip Fracture/Dislocation	
S32.465B	HCC402	Hip Fracture/Dislocation	
S32.466A	HCC402	Hip Fracture/Dislocation	
S32.466B	HCC402	Hip Fracture/Dislocation	
S32.471A	HCC402	Hip Fracture/Dislocation	
S32.471B	HCC402	Hip Fracture/Dislocation	
S32.472A	HCC402	Hip Fracture/Dislocation	
S32.472B	HCC402	Hip Fracture/Dislocation	
S32.473A	HCC402	Hip Fracture/Dislocation	
S32.473B	HCC402	Hip Fracture/Dislocation	
S32.474A	HCC402	Hip Fracture/Dislocation	
S32.474B	HCC402	Hip Fracture/Dislocation	
S32.475A	HCC402	Hip Fracture/Dislocation	
S32.475B	HCC402	Hip Fracture/Dislocation	
S32.476A	HCC402	Hip Fracture/Dislocation	
S32.476B	HCC402	Hip Fracture/Dislocation	
S32.481A	HCC402	Hip Fracture/Dislocation	
S32.481B	HCC402	Hip Fracture/Dislocation	
S32.482A	HCC402	Hip Fracture/Dislocation	
S32.482B	HCC402	Hip Fracture/Dislocation	
S32.483A	HCC402	Hip Fracture/Dislocation	
S32.483B	HCC402	Hip Fracture/Dislocation	
S32.484A	HCC402	Hip Fracture/Dislocation	
S32.484B	HCC402	Hip Fracture/Dislocation	
S32.485A	HCC402	Hip Fracture/Dislocation	
S32.485B	HCC402	Hip Fracture/Dislocation	
S32.486A	HCC402	Hip Fracture/Dislocation	
S32.486B	HCC402	Hip Fracture/Dislocation	
S32.491A	HCC402	Hip Fracture/Dislocation	
S32.491B	HCC402	Hip Fracture/Dislocation	
S32.492A	HCC402	Hip Fracture/Dislocation	
S32.492B	HCC402	Hip Fracture/Dislocation	
S32.499A	HCC402	Hip Fracture/Dislocation	
S32.499B	HCC402	Hip Fracture/Dislocation	
S32.501A	HCC402	Hip Fracture/Dislocation	
S32.501B	HCC402	Hip Fracture/Dislocation	
S32.502A	HCC402	Hip Fracture/Dislocation	
S32.502B	HCC402	Hip Fracture/Dislocation	
S32.509A	HCC402	Hip Fracture/Dislocation	
S32.509B	HCC402	Hip Fracture/Dislocation	
S32.511A	HCC402	Hip Fracture/Dislocation	
S32.511B	HCC402	Hip Fracture/Dislocation	
S32.512A	HCC402	Hip Fracture/Dislocation	
S32.512B	HCC402	Hip Fracture/Dislocation	
S32.519A	HCC402	Hip Fracture/Dislocation	
S32.519B	HCC402	Hip Fracture/Dislocation	
S32.591A	HCC402	Hip Fracture/Dislocation	
S32.591B	HCC402	Hip Fracture/Dislocation	
S32.592A	HCC402	Hip Fracture/Dislocation	
S32.592B	HCC402	Hip Fracture/Dislocation	
S32.599A	HCC402	Hip Fracture/Dislocation	
S32.599B	HCC402	Hip Fracture/Dislocation	
S32.601A	HCC402	Hip Fracture/Dislocation	
S32.601B	HCC402	Hip Fracture/Dislocation	
S32.602A	HCC402	Hip Fracture/Dislocation	
S32.602B	HCC402	Hip Fracture/Dislocation	
S32.609A	HCC402	Hip Fracture/Dislocation	
S32.609B	HCC402	Hip Fracture/Dislocation	
S32.611A	HCC402	Hip Fracture/Dislocation	
S32.611B	HCC402	Hip Fracture/Dislocation	
S32.612A	HCC402	Hip Fracture/Dislocation	
S32.612B	HCC402	Hip Fracture/Dislocation	
S32.613A	HCC402	Hip Fracture/Dislocation	
S32.613B	HCC402	Hip Fracture/Dislocation	
S32.614A	HCC402	Hip Fracture/Dislocation	
S32.614B	HCC402	Hip Fracture/Dislocation	
S32.615A	HCC402	Hip Fracture/Dislocation	
S32.615B	HCC402	Hip Fracture/Dislocation	
S32.616A	HCC402	Hip Fracture/Dislocation	
S32.616B	HCC402	Hip Fracture/Dislocation	
S32.691A	HCC402	Hip Fracture/Dislocation	
S32.691B	HCC402	Hip Fracture/Dislocation	
S32.692A	HCC402	Hip Fracture/Dislocation	
S32.692B	HCC402	Hip Fracture/Dislocation	
S32.699A	HCC402	Hip Fracture/Dislocation	
S32.699B	HCC402	Hip Fracture/Dislocation	
S32.810A	HCC402	Hip Fracture/Dislocation	
S32.810B	HCC402	Hip Fracture/Dislocation	
S32.811A	HCC402	Hip Fracture/Dislocation	
S32.811B	HCC402	Hip Fracture/Dislocation	
S32.82XA	HCC402	Hip Fracture/Dislocation	
S32.82XB	HCC402	Hip Fracture/Dislocation	
S32.89XA	HCC402	Hip Fracture/Dislocation	
S32.89XB	HCC402	Hip Fracture/Dislocation	
S32.9XXA	HCC402	Hip Fracture/Dislocation	
S32.9XXB	HCC402	Hip Fracture/Dislocation	
S34.01XA	HCC182	Spinal Cord Disorders/Injuries	
S34.01XD	HCC182	Spinal Cord Disorders/Injuries	
S34.02XA	HCC182	Spinal Cord Disorders/Injuries	
S34.02XD	HCC182	Spinal Cord Disorders/Injuries	
S34.101A	HCC182	Spinal Cord Disorders/Injuries	
S34.101D	HCC182	Spinal Cord Disorders/Injuries	
S34.102A	HCC182	Spinal Cord Disorders/Injuries	
S34.102D	HCC182	Spinal Cord Disorders/Injuries	
S34.103A	HCC182	Spinal Cord Disorders/Injuries	
S34.103D	HCC182	Spinal Cord Disorders/Injuries	
S34.104A	HCC182	Spinal Cord Disorders/Injuries	
S34.104D	HCC182	Spinal Cord Disorders/Injuries	
S34.105A	HCC182	Spinal Cord Disorders/Injuries	
S34.105D	HCC182	Spinal Cord Disorders/Injuries	
S34.109A	HCC182	Spinal Cord Disorders/Injuries	
S34.109D	HCC182	Spinal Cord Disorders/Injuries	
S34.111A	HCC182	Spinal Cord Disorders/Injuries	
S34.111D	HCC182	Spinal Cord Disorders/Injuries	
S34.112A	HCC182	Spinal Cord Disorders/Injuries	
S34.112D	HCC182	Spinal Cord Disorders/Injuries	
S34.113A	HCC182	Spinal Cord Disorders/Injuries	
S34.113D	HCC182	Spinal Cord Disorders/Injuries	
S34.114A	HCC182	Spinal Cord Disorders/Injuries	
S34.114D	HCC182	Spinal Cord Disorders/Injuries	
S34.115A	HCC182	Spinal Cord Disorders/Injuries	
S34.115D	HCC182	Spinal Cord Disorders/Injuries	
S34.119A	HCC182	Spinal Cord Disorders/Injuries	
S34.119D	HCC182	Spinal Cord Disorders/Injuries	
S34.121A	HCC182	Spinal Cord Disorders/Injuries	
S34.121D	HCC182	Spinal Cord Disorders/Injuries	
S34.122A	HCC182	Spinal Cord Disorders/Injuries	
S34.122D	HCC182	Spinal Cord Disorders/Injuries	
S34.123A	HCC182	Spinal Cord Disorders/Injuries	
S34.123D	HCC182	Spinal Cord Disorders/Injuries	
S34.124A	HCC182	Spinal Cord Disorders/Injuries	
S34.124D	HCC182	Spinal Cord Disorders/Injuries	
S34.125A	HCC182	Spinal Cord Disorders/Injuries	
S34.125D	HCC182	Spinal Cord Disorders/Injuries	
S34.129A	HCC182	Spinal Cord Disorders/Injuries	
S34.129D	HCC182	Spinal Cord Disorders/Injuries	
S34.131A	HCC182	Spinal Cord Disorders/Injuries	
S34.131D	HCC182	Spinal Cord Disorders/Injuries	
S34.132A	HCC182	Spinal Cord Disorders/Injuries	
S34.132D	HCC182	Spinal Cord Disorders/Injuries	
S34.139A	HCC182	Spinal Cord Disorders/Injuries	
S34.139D	HCC182	Spinal Cord Disorders/Injuries	
S34.3XXA	HCC182	Spinal Cord Disorders/Injuries	
S48.011A	HCC405	Traumatic Amputations and Complications	
S48.012A	HCC405	Traumatic Amputations and Complications	
S48.019A	HCC405	Traumatic Amputations and Complications	
S48.021A	HCC405	Traumatic Amputations and Complications	
S48.022A	HCC405	Traumatic Amputations and Complications	
S48.029A	HCC405	Traumatic Amputations and Complications	
S48.111A	HCC405	Traumatic Amputations and Complications	
S48.112A	HCC405	Traumatic Amputations and Complications	
S48.119A	HCC405	Traumatic Amputations and Complications	
S48.121A	HCC405	Traumatic Amputations and Complications	
S48.122A	HCC405	Traumatic Amputations and Complications	
S48.129A	HCC405	Traumatic Amputations and Complications	
S48.911A	HCC405	Traumatic Amputations and Complications	
S48.912A	HCC405	Traumatic Amputations and Complications	
S48.919A	HCC405	Traumatic Amputations and Complications	
S48.921A	HCC405	Traumatic Amputations and Complications	
S48.922A	HCC405	Traumatic Amputations and Complications	
S48.929A	HCC405	Traumatic Amputations and Complications	
S58.011A	HCC405	Traumatic Amputations and Complications	
S58.012A	HCC405	Traumatic Amputations and Complications	
S58.019A	HCC405	Traumatic Amputations and Complications	
S58.021A	HCC405	Traumatic Amputations and Complications	
S58.022A	HCC405	Traumatic Amputations and Complications	
S58.029A	HCC405	Traumatic Amputations and Complications	
S58.111A	HCC405	Traumatic Amputations and Complications	
S58.112A	HCC405	Traumatic Amputations and Complications	
S58.119A	HCC405	Traumatic Amputations and Complications	
S58.121A	HCC405	Traumatic Amputations and Complications	
S58.122A	HCC405	Traumatic Amputations and Complications	
S58.129A	HCC405	Traumatic Amputations and Complications	
S58.911A	HCC405	Traumatic Amputations and Complications	
S58.912A	HCC405	Traumatic Amputations and Complications	
S58.919A	HCC405	Traumatic Amputations and Complications	
S58.921A	HCC405	Traumatic Amputations and Complications	
S58.922A	HCC405	Traumatic Amputations and Complications	
S58.929A	HCC405	Traumatic Amputations and Complications	
S68.411A	HCC405	Traumatic Amputations and Complications	
S68.412A	HCC405	Traumatic Amputations and Complications	
S68.419A	HCC405	Traumatic Amputations and Complications	
S68.421A	HCC405	Traumatic Amputations and Complications	
S68.422A	HCC405	Traumatic Amputations and Complications	
S68.429A	HCC405	Traumatic Amputations and Complications	
S68.711A	HCC405	Traumatic Amputations and Complications	
S68.712A	HCC405	Traumatic Amputations and Complications	
S68.719A	HCC405	Traumatic Amputations and Complications	
S68.721A	HCC405	Traumatic Amputations and Complications	
S68.722A	HCC405	Traumatic Amputations and Complications	
S68.729A	HCC405	Traumatic Amputations and Complications	
S72.001A	HCC402	Hip Fracture/Dislocation	
S72.001B	HCC402	Hip Fracture/Dislocation	
S72.001C	HCC402	Hip Fracture/Dislocation	
S72.002A	HCC402	Hip Fracture/Dislocation	
S72.002B	HCC402	Hip Fracture/Dislocation	
S72.002C	HCC402	Hip Fracture/Dislocation	
S72.009A	HCC402	Hip Fracture/Dislocation	
S72.009B	HCC402	Hip Fracture/Dislocation	
S72.009C	HCC402	Hip Fracture/Dislocation	
S72.011A	HCC402	Hip Fracture/Dislocation	
S72.011B	HCC402	Hip Fracture/Dislocation	
S72.011C	HCC402	Hip Fracture/Dislocation	
S72.012A	HCC402	Hip Fracture/Dislocation	
S72.012B	HCC402	Hip Fracture/Dislocation	
S72.012C	HCC402	Hip Fracture/Dislocation	
S72.019A	HCC402	Hip Fracture/Dislocation	
S72.019B	HCC402	Hip Fracture/Dislocation	
S72.019C	HCC402	Hip Fracture/Dislocation	
S72.021A	HCC402	Hip Fracture/Dislocation	
S72.021B	HCC402	Hip Fracture/Dislocation	
S72.021C	HCC402	Hip Fracture/Dislocation	
S72.022A	HCC402	Hip Fracture/Dislocation	
S72.022B	HCC402	Hip Fracture/Dislocation	
S72.022C	HCC402	Hip Fracture/Dislocation	
S72.023A	HCC402	Hip Fracture/Dislocation	
S72.023B	HCC402	Hip Fracture/Dislocation	
S72.023C	HCC402	Hip Fracture/Dislocation	
S72.024A	HCC402	Hip Fracture/Dislocation	
S72.024B	HCC402	Hip Fracture/Dislocation	
S72.024C	HCC402	Hip Fracture/Dislocation	
S72.025A	HCC402	Hip Fracture/Dislocation	
S72.025B	HCC402	Hip Fracture/Dislocation	
S72.025C	HCC402	Hip Fracture/Dislocation	
S72.026A	HCC402	Hip Fracture/Dislocation	
S72.026B	HCC402	Hip Fracture/Dislocation	
S72.026C	HCC402	Hip Fracture/Dislocation	
S72.031A	HCC402	Hip Fracture/Dislocation	
S72.031B	HCC402	Hip Fracture/Dislocation	
S72.031C	HCC402	Hip Fracture/Dislocation	
S72.032A	HCC402	Hip Fracture/Dislocation	
S72.032B	HCC402	Hip Fracture/Dislocation	
S72.032C	HCC402	Hip Fracture/Dislocation	
S72.033A	HCC402	Hip Fracture/Dislocation	
S72.033B	HCC402	Hip Fracture/Dislocation	
S72.033C	HCC402	Hip Fracture/Dislocation	
S72.034A	HCC402	Hip Fracture/Dislocation	
S72.034B	HCC402	Hip Fracture/Dislocation	
S72.034C	HCC402	Hip Fracture/Dislocation	
S72.035A	HCC402	Hip Fracture/Dislocation	
S72.035B	HCC402	Hip Fracture/Dislocation	
S72.035C	HCC402	Hip Fracture/Dislocation	
S72.036A	HCC402	Hip Fracture/Dislocation	
S72.036B	HCC402	Hip Fracture/Dislocation	
S72.036C	HCC402	Hip Fracture/Dislocation	
S72.041A	HCC402	Hip Fracture/Dislocation	
S72.041B	HCC402	Hip Fracture/Dislocation	
S72.041C	HCC402	Hip Fracture/Dislocation	
S72.042A	HCC402	Hip Fracture/Dislocation	
S72.042B	HCC402	Hip Fracture/Dislocation	
S72.042C	HCC402	Hip Fracture/Dislocation	
S72.043A	HCC402	Hip Fracture/Dislocation	
S72.043B	HCC402	Hip Fracture/Dislocation	
S72.043C	HCC402	Hip Fracture/Dislocation	
S72.044A	HCC402	Hip Fracture/Dislocation	
S72.044B	HCC402	Hip Fracture/Dislocation	
S72.044C	HCC402	Hip Fracture/Dislocation	
S72.045A	HCC402	Hip Fracture/Dislocation	
S72.045B	HCC402	Hip Fracture/Dislocation	
S72.045C	HCC402	Hip Fracture/Dislocation	
S72.046A	HCC402	Hip Fracture/Dislocation	
S72.046B	HCC402	Hip Fracture/Dislocation	
S72.046C	HCC402	Hip Fracture/Dislocation	
S72.051A	HCC402	Hip Fracture/Dislocation	
S72.051B	HCC402	Hip Fracture/Dislocation	
S72.051C	HCC402	Hip Fracture/Dislocation	
S72.052A	HCC402	Hip Fracture/Dislocation	
S72.052B	HCC402	Hip Fracture/Dislocation	
S72.052C	HCC402	Hip Fracture/Dislocation	
S72.059A	HCC402	Hip Fracture/Dislocation	
S72.059B	HCC402	Hip Fracture/Dislocation	
S72.059C	HCC402	Hip Fracture/Dislocation	
S72.061A	HCC402	Hip Fracture/Dislocation	
S72.061B	HCC402	Hip Fracture/Dislocation	
S72.061C	HCC402	Hip Fracture/Dislocation	
S72.062A	HCC402	Hip Fracture/Dislocation	
S72.062B	HCC402	Hip Fracture/Dislocation	
S72.062C	HCC402	Hip Fracture/Dislocation	
S72.063A	HCC402	Hip Fracture/Dislocation	
S72.063B	HCC402	Hip Fracture/Dislocation	
S72.063C	HCC402	Hip Fracture/Dislocation	
S72.064A	HCC402	Hip Fracture/Dislocation	
S72.064B	HCC402	Hip Fracture/Dislocation	
S72.064C	HCC402	Hip Fracture/Dislocation	
S72.065A	HCC402	Hip Fracture/Dislocation	
S72.065B	HCC402	Hip Fracture/Dislocation	
S72.065C	HCC402	Hip Fracture/Dislocation	
S72.066A	HCC402	Hip Fracture/Dislocation	
S72.066B	HCC402	Hip Fracture/Dislocation	
S72.066C	HCC402	Hip Fracture/Dislocation	
S72.091A	HCC402	Hip Fracture/Dislocation	
S72.091B	HCC402	Hip Fracture/Dislocation	
S72.091C	HCC402	Hip Fracture/Dislocation	
S72.092A	HCC402	Hip Fracture/Dislocation	
S72.092B	HCC402	Hip Fracture/Dislocation	
S72.092C	HCC402	Hip Fracture/Dislocation	
S72.099A	HCC402	Hip Fracture/Dislocation	
S72.099B	HCC402	Hip Fracture/Dislocation	
S72.099C	HCC402	Hip Fracture/Dislocation	
S72.101A	HCC402	Hip Fracture/Dislocation	
S72.101B	HCC402	Hip Fracture/Dislocation	
S72.101C	HCC402	Hip Fracture/Dislocation	
S72.102A	HCC402	Hip Fracture/Dislocation	
S72.102B	HCC402	Hip Fracture/Dislocation	
S72.102C	HCC402	Hip Fracture/Dislocation	
S72.109A	HCC402	Hip Fracture/Dislocation	
S72.109B	HCC402	Hip Fracture/Dislocation	
S72.109C	HCC402	Hip Fracture/Dislocation	
S72.111A	HCC402	Hip Fracture/Dislocation	
S72.111B	HCC402	Hip Fracture/Dislocation	
S72.111C	HCC402	Hip Fracture/Dislocation	
S72.112A	HCC402	Hip Fracture/Dislocation	
S72.112B	HCC402	Hip Fracture/Dislocation	
S72.112C	HCC402	Hip Fracture/Dislocation	
S72.113A	HCC402	Hip Fracture/Dislocation	
S72.113B	HCC402	Hip Fracture/Dislocation	
S72.113C	HCC402	Hip Fracture/Dislocation	
S72.114A	HCC402	Hip Fracture/Dislocation	
S72.114B	HCC402	Hip Fracture/Dislocation	
S72.114C	HCC402	Hip Fracture/Dislocation	
S72.115A	HCC402	Hip Fracture/Dislocation	
S72.115B	HCC402	Hip Fracture/Dislocation	
S72.115C	HCC402	Hip Fracture/Dislocation	
S72.116A	HCC402	Hip Fracture/Dislocation	
S72.116B	HCC402	Hip Fracture/Dislocation	
S72.116C	HCC402	Hip Fracture/Dislocation	
S72.121A	HCC402	Hip Fracture/Dislocation	
S72.121B	HCC402	Hip Fracture/Dislocation	
S72.121C	HCC402	Hip Fracture/Dislocation	
S72.122A	HCC402	Hip Fracture/Dislocation	
S72.122B	HCC402	Hip Fracture/Dislocation	
S72.122C	HCC402	Hip Fracture/Dislocation	
S72.123A	HCC402	Hip Fracture/Dislocation	
S72.123B	HCC402	Hip Fracture/Dislocation	
S72.123C	HCC402	Hip Fracture/Dislocation	
S72.124A	HCC402	Hip Fracture/Dislocation	
S72.124B	HCC402	Hip Fracture/Dislocation	
S72.124C	HCC402	Hip Fracture/Dislocation	
S72.125A	HCC402	Hip Fracture/Dislocation	
S72.125B	HCC402	Hip Fracture/Dislocation	
S72.125C	HCC402	Hip Fracture/Dislocation	
S72.126A	HCC402	Hip Fracture/Dislocation	
S72.126B	HCC402	Hip Fracture/Dislocation	
S72.126C	HCC402	Hip Fracture/Dislocation	
S72.131A	HCC402	Hip Fracture/Dislocation	
S72.131B	HCC402	Hip Fracture/Dislocation	
S72.131C	HCC402	Hip Fracture/Dislocation	
S72.132A	HCC402	Hip Fracture/Dislocation	
S72.132B	HCC402	Hip Fracture/Dislocation	
S72.132C	HCC402	Hip Fracture/Dislocation	
S72.133A	HCC402	Hip Fracture/Dislocation	
S72.133B	HCC402	Hip Fracture/Dislocation	
S72.133C	HCC402	Hip Fracture/Dislocation	
S72.134A	HCC402	Hip Fracture/Dislocation	
S72.134B	HCC402	Hip Fracture/Dislocation	
S72.134C	HCC402	Hip Fracture/Dislocation	
S72.135A	HCC402	Hip Fracture/Dislocation	
S72.135B	HCC402	Hip Fracture/Dislocation	
S72.135C	HCC402	Hip Fracture/Dislocation	
S72.136A	HCC402	Hip Fracture/Dislocation	
S72.136B	HCC402	Hip Fracture/Dislocation	
S72.136C	HCC402	Hip Fracture/Dislocation	
S72.141A	HCC402	Hip Fracture/Dislocation	
S72.141B	HCC402	Hip Fracture/Dislocation	
S72.141C	HCC402	Hip Fracture/Dislocation	
S72.142A	HCC402	Hip Fracture/Dislocation	
S72.142B	HCC402	Hip Fracture/Dislocation	
S72.142C	HCC402	Hip Fracture/Dislocation	
S72.143A	HCC402	Hip Fracture/Dislocation	
S72.143B	HCC402	Hip Fracture/Dislocation	
S72.143C	HCC402	Hip Fracture/Dislocation	
S72.144A	HCC402	Hip Fracture/Dislocation	
S72.144B	HCC402	Hip Fracture/Dislocation	
S72.144C	HCC402	Hip Fracture/Dislocation	
S72.145A	HCC402	Hip Fracture/Dislocation	
S72.145B	HCC402	Hip Fracture/Dislocation	
S72.145C	HCC402	Hip Fracture/Dislocation	
S72.146A	HCC402	Hip Fracture/Dislocation	
S72.146B	HCC402	Hip Fracture/Dislocation	
S72.146C	HCC402	Hip Fracture/Dislocation	
S72.21XA	HCC402	Hip Fracture/Dislocation	
S72.21XB	HCC402	Hip Fracture/Dislocation	
S72.21XC	HCC402	Hip Fracture/Dislocation	
S72.22XA	HCC402	Hip Fracture/Dislocation	
S72.22XB	HCC402	Hip Fracture/Dislocation	
S72.22XC	HCC402	Hip Fracture/Dislocation	
S72.23XA	HCC402	Hip Fracture/Dislocation	
S72.23XB	HCC402	Hip Fracture/Dislocation	
S72.23XC	HCC402	Hip Fracture/Dislocation	
S72.24XA	HCC402	Hip Fracture/Dislocation	
S72.24XB	HCC402	Hip Fracture/Dislocation	
S72.24XC	HCC402	Hip Fracture/Dislocation	
S72.25XA	HCC402	Hip Fracture/Dislocation	
S72.25XB	HCC402	Hip Fracture/Dislocation	
S72.25XC	HCC402	Hip Fracture/Dislocation	
S72.26XA	HCC402	Hip Fracture/Dislocation	
S72.26XB	HCC402	Hip Fracture/Dislocation	
S72.26XC	HCC402	Hip Fracture/Dislocation	
S72.301A	HCC402	Hip Fracture/Dislocation	
S72.301B	HCC402	Hip Fracture/Dislocation	
S72.301C	HCC402	Hip Fracture/Dislocation	
S72.302A	HCC402	Hip Fracture/Dislocation	
S72.302B	HCC402	Hip Fracture/Dislocation	
S72.302C	HCC402	Hip Fracture/Dislocation	
S72.309A	HCC402	Hip Fracture/Dislocation	
S72.309B	HCC402	Hip Fracture/Dislocation	
S72.309C	HCC402	Hip Fracture/Dislocation	
S72.321A	HCC402	Hip Fracture/Dislocation	
S72.321B	HCC402	Hip Fracture/Dislocation	
S72.321C	HCC402	Hip Fracture/Dislocation	
S72.322A	HCC402	Hip Fracture/Dislocation	
S72.322B	HCC402	Hip Fracture/Dislocation	
S72.322C	HCC402	Hip Fracture/Dislocation	
S72.323A	HCC402	Hip Fracture/Dislocation	
S72.323B	HCC402	Hip Fracture/Dislocation	
S72.323C	HCC402	Hip Fracture/Dislocation	
S72.324A	HCC402	Hip Fracture/Dislocation	
S72.324B	HCC402	Hip Fracture/Dislocation	
S72.324C	HCC402	Hip Fracture/Dislocation	
S72.325A	HCC402	Hip Fracture/Dislocation	
S72.325B	HCC402	Hip Fracture/Dislocation	
S72.325C	HCC402	Hip Fracture/Dislocation	
S72.326A	HCC402	Hip Fracture/Dislocation	
S72.326B	HCC402	Hip Fracture/Dislocation	
S72.326C	HCC402	Hip Fracture/Dislocation	
S72.331A	HCC402	Hip Fracture/Dislocation	
S72.331B	HCC402	Hip Fracture/Dislocation	
S72.331C	HCC402	Hip Fracture/Dislocation	
S72.332A	HCC402	Hip Fracture/Dislocation	
S72.332B	HCC402	Hip Fracture/Dislocation	
S72.332C	HCC402	Hip Fracture/Dislocation	
S72.333A	HCC402	Hip Fracture/Dislocation	
S72.333B	HCC402	Hip Fracture/Dislocation	
S72.333C	HCC402	Hip Fracture/Dislocation	
S72.334A	HCC402	Hip Fracture/Dislocation	
S72.334B	HCC402	Hip Fracture/Dislocation	
S72.334C	HCC402	Hip Fracture/Dislocation	
S72.335A	HCC402	Hip Fracture/Dislocation	
S72.335B	HCC402	Hip Fracture/Dislocation	
S72.335C	HCC402	Hip Fracture/Dislocation	
S72.336A	HCC402	Hip Fracture/Dislocation	
S72.336B	HCC402	Hip Fracture/Dislocation	
S72.336C	HCC402	Hip Fracture/Dislocation	
S72.341A	HCC402	Hip Fracture/Dislocation	
S72.341B	HCC402	Hip Fracture/Dislocation	
S72.341C	HCC402	Hip Fracture/Dislocation	
S72.342A	HCC402	Hip Fracture/Dislocation	
S72.342B	HCC402	Hip Fracture/Dislocation	
S72.342C	HCC402	Hip Fracture/Dislocation	
S72.343A	HCC402	Hip Fracture/Dislocation	
S72.343B	HCC402	Hip Fracture/Dislocation	
S72.343C	HCC402	Hip Fracture/Dislocation	
S72.344A	HCC402	Hip Fracture/Dislocation	
S72.344B	HCC402	Hip Fracture/Dislocation	
S72.344C	HCC402	Hip Fracture/Dislocation	
S72.345A	HCC402	Hip Fracture/Dislocation	
S72.345B	HCC402	Hip Fracture/Dislocation	
S72.345C	HCC402	Hip Fracture/Dislocation	
S72.346A	HCC402	Hip Fracture/Dislocation	
S72.346B	HCC402	Hip Fracture/Dislocation	
S72.346C	HCC402	Hip Fracture/Dislocation	
S72.351A	HCC402	Hip Fracture/Dislocation	
S72.351B	HCC402	Hip Fracture/Dislocation	
S72.351C	HCC402	Hip Fracture/Dislocation	
S72.352A	HCC402	Hip Fracture/Dislocation	
S72.352B	HCC402	Hip Fracture/Dislocation	
S72.352C	HCC402	Hip Fracture/Dislocation	
S72.353A	HCC402	Hip Fracture/Dislocation	
S72.353B	HCC402	Hip Fracture/Dislocation	
S72.353C	HCC402	Hip Fracture/Dislocation	
S72.354A	HCC402	Hip Fracture/Dislocation	
S72.354B	HCC402	Hip Fracture/Dislocation	
S72.354C	HCC402	Hip Fracture/Dislocation	
S72.355A	HCC402	Hip Fracture/Dislocation	
S72.355B	HCC402	Hip Fracture/Dislocation	
S72.355C	HCC402	Hip Fracture/Dislocation	
S72.356A	HCC402	Hip Fracture/Dislocation	
S72.356B	HCC402	Hip Fracture/Dislocation	
S72.356C	HCC402	Hip Fracture/Dislocation	
S72.361A	HCC402	Hip Fracture/Dislocation	
S72.361B	HCC402	Hip Fracture/Dislocation	
S72.361C	HCC402	Hip Fracture/Dislocation	
S72.362A	HCC402	Hip Fracture/Dislocation	
S72.362B	HCC402	Hip Fracture/Dislocation	
S72.362C	HCC402	Hip Fracture/Dislocation	
S72.363A	HCC402	Hip Fracture/Dislocation	
S72.363B	HCC402	Hip Fracture/Dislocation	
S72.363C	HCC402	Hip Fracture/Dislocation	
S72.364A	HCC402	Hip Fracture/Dislocation	
S72.364B	HCC402	Hip Fracture/Dislocation	
S72.364C	HCC402	Hip Fracture/Dislocation	
S72.365A	HCC402	Hip Fracture/Dislocation	
S72.365B	HCC402	Hip Fracture/Dislocation	
S72.365C	HCC402	Hip Fracture/Dislocation	
S72.366A	HCC402	Hip Fracture/Dislocation	
S72.366B	HCC402	Hip Fracture/Dislocation	
S72.366C	HCC402	Hip Fracture/Dislocation	
S72.391A	HCC402	Hip Fracture/Dislocation	
S72.391B	HCC402	Hip Fracture/Dislocation	
S72.391C	HCC402	Hip Fracture/Dislocation	
S72.392A	HCC402	Hip Fracture/Dislocation	
S72.392B	HCC402	Hip Fracture/Dislocation	
S72.392C	HCC402	Hip Fracture/Dislocation	
S72.399A	HCC402	Hip Fracture/Dislocation	
S72.399B	HCC402	Hip Fracture/Dislocation	
S72.399C	HCC402	Hip Fracture/Dislocation	
S72.401A	HCC402	Hip Fracture/Dislocation	
S72.401B	HCC402	Hip Fracture/Dislocation	
S72.401C	HCC402	Hip Fracture/Dislocation	
S72.402A	HCC402	Hip Fracture/Dislocation	
S72.402B	HCC402	Hip Fracture/Dislocation	
S72.402C	HCC402	Hip Fracture/Dislocation	
S72.409A	HCC402	Hip Fracture/Dislocation	
S72.409B	HCC402	Hip Fracture/Dislocation	
S72.409C	HCC402	Hip Fracture/Dislocation	
S72.411A	HCC402	Hip Fracture/Dislocation	
S72.411B	HCC402	Hip Fracture/Dislocation	
S72.411C	HCC402	Hip Fracture/Dislocation	
S72.412A	HCC402	Hip Fracture/Dislocation	
S72.412B	HCC402	Hip Fracture/Dislocation	
S72.412C	HCC402	Hip Fracture/Dislocation	
S72.413A	HCC402	Hip Fracture/Dislocation	
S72.413B	HCC402	Hip Fracture/Dislocation	
S72.413C	HCC402	Hip Fracture/Dislocation	
S72.414A	HCC402	Hip Fracture/Dislocation	
S72.414B	HCC402	Hip Fracture/Dislocation	
S72.414C	HCC402	Hip Fracture/Dislocation	
S72.415A	HCC402	Hip Fracture/Dislocation	
S72.415B	HCC402	Hip Fracture/Dislocation	
S72.415C	HCC402	Hip Fracture/Dislocation	
S72.416A	HCC402	Hip Fracture/Dislocation	
S72.416B	HCC402	Hip Fracture/Dislocation	
S72.416C	HCC402	Hip Fracture/Dislocation	
S72.421A	HCC402	Hip Fracture/Dislocation	
S72.421B	HCC402	Hip Fracture/Dislocation	
S72.421C	HCC402	Hip Fracture/Dislocation	
S72.422A	HCC402	Hip Fracture/Dislocation	
S72.422B	HCC402	Hip Fracture/Dislocation	
S72.422C	HCC402	Hip Fracture/Dislocation	
S72.423A	HCC402	Hip Fracture/Dislocation	
S72.423B	HCC402	Hip Fracture/Dislocation	
S72.423C	HCC402	Hip Fracture/Dislocation	
S72.424A	HCC402	Hip Fracture/Dislocation	
S72.424B	HCC402	Hip Fracture/Dislocation	
S72.424C	HCC402	Hip Fracture/Dislocation	
S72.425A	HCC402	Hip Fracture/Dislocation	
S72.425B	HCC402	Hip Fracture/Dislocation	
S72.425C	HCC402	Hip Fracture/Dislocation	
S72.426A	HCC402	Hip Fracture/Dislocation	
S72.426B	HCC402	Hip Fracture/Dislocation	
S72.426C	HCC402	Hip Fracture/Dislocation	
S72.431A	HCC402	Hip Fracture/Dislocation	
S72.431B	HCC402	Hip Fracture/Dislocation	
S72.431C	HCC402	Hip Fracture/Dislocation	
S72.432A	HCC402	Hip Fracture/Dislocation	
S72.432B	HCC402	Hip Fracture/Dislocation	
S72.432C	HCC402	Hip Fracture/Dislocation	
S72.433A	HCC402	Hip Fracture/Dislocation	
S72.433B	HCC402	Hip Fracture/Dislocation	
S72.433C	HCC402	Hip Fracture/Dislocation	
S72.434A	HCC402	Hip Fracture/Dislocation	
S72.434B	HCC402	Hip Fracture/Dislocation	
S72.434C	HCC402	Hip Fracture/Dislocation	
S72.435A	HCC402	Hip Fracture/Dislocation	
S72.435B	HCC402	Hip Fracture/Dislocation	
S72.435C	HCC402	Hip Fracture/Dislocation	
S72.436A	HCC402	Hip Fracture/Dislocation	
S72.436B	HCC402	Hip Fracture/Dislocation	
S72.436C	HCC402	Hip Fracture/Dislocation	
S72.441A	HCC402	Hip Fracture/Dislocation	
S72.441B	HCC402	Hip Fracture/Dislocation	
S72.441C	HCC402	Hip Fracture/Dislocation	
S72.442A	HCC402	Hip Fracture/Dislocation	
S72.442B	HCC402	Hip Fracture/Dislocation	
S72.442C	HCC402	Hip Fracture/Dislocation	
S72.443A	HCC402	Hip Fracture/Dislocation	
S72.443B	HCC402	Hip Fracture/Dislocation	
S72.443C	HCC402	Hip Fracture/Dislocation	
S72.444A	HCC402	Hip Fracture/Dislocation	
S72.444B	HCC402	Hip Fracture/Dislocation	
S72.444C	HCC402	Hip Fracture/Dislocation	
S72.445A	HCC402	Hip Fracture/Dislocation	
S72.445B	HCC402	Hip Fracture/Dislocation	
S72.445C	HCC402	Hip Fracture/Dislocation	
S72.446A	HCC402	Hip Fracture/Dislocation	
S72.446B	HCC402	Hip Fracture/Dislocation	
S72.446C	HCC402	Hip Fracture/Dislocation	
S72.451A	HCC402	Hip Fracture/Dislocation	
S72.451B	HCC402	Hip Fracture/Dislocation	
S72.451C	HCC402	Hip Fracture/Dislocation	
S72.452A	HCC402	Hip Fracture/Dislocation	
S72.452B	HCC402	Hip Fracture/Dislocation	
S72.452C	HCC402	Hip Fracture/Dislocation	
S72.453A	HCC402	Hip Fracture/Dislocation	
S72.453B	HCC402	Hip Fracture/Dislocation	
S72.453C	HCC402	Hip Fracture/Dislocation	
S72.454A	HCC402	Hip Fracture/Dislocation	
S72.454B	HCC402	Hip Fracture/Dislocation	
S72.454C	HCC402	Hip Fracture/Dislocation	
S72.455A	HCC402	Hip Fracture/Dislocation	
S72.455B	HCC402	Hip Fracture/Dislocation	
S72.455C	HCC402	Hip Fracture/Dislocation	
S72.456A	HCC402	Hip Fracture/Dislocation	
S72.456B	HCC402	Hip Fracture/Dislocation	
S72.456C	HCC402	Hip Fracture/Dislocation	
S72.461A	HCC402	Hip Fracture/Dislocation	
S72.461B	HCC402	Hip Fracture/Dislocation	
S72.461C	HCC402	Hip Fracture/Dislocation	
S72.462A	HCC402	Hip Fracture/Dislocation	
S72.462B	HCC402	Hip Fracture/Dislocation	
S72.462C	HCC402	Hip Fracture/Dislocation	
S72.463A	HCC402	Hip Fracture/Dislocation	
S72.463B	HCC402	Hip Fracture/Dislocation	
S72.463C	HCC402	Hip Fracture/Dislocation	
S72.464A	HCC402	Hip Fracture/Dislocation	
S72.464B	HCC402	Hip Fracture/Dislocation	
S72.464C	HCC402	Hip Fracture/Dislocation	
S72.465A	HCC402	Hip Fracture/Dislocation	
S72.465B	HCC402	Hip Fracture/Dislocation	
S72.465C	HCC402	Hip Fracture/Dislocation	
S72.466A	HCC402	Hip Fracture/Dislocation	
S72.466B	HCC402	Hip Fracture/Dislocation	
S72.466C	HCC402	Hip Fracture/Dislocation	
S72.471A	HCC402	Hip Fracture/Dislocation	
S72.472A	HCC402	Hip Fracture/Dislocation	
S72.479A	HCC402	Hip Fracture/Dislocation	
S72.491A	HCC402	Hip Fracture/Dislocation	
S72.491B	HCC402	Hip Fracture/Dislocation	
S72.491C	HCC402	Hip Fracture/Dislocation	
S72.492A	HCC402	Hip Fracture/Dislocation	
S72.492B	HCC402	Hip Fracture/Dislocation	
S72.492C	HCC402	Hip Fracture/Dislocation	
S72.499A	HCC402	Hip Fracture/Dislocation	
S72.499B	HCC402	Hip Fracture/Dislocation	
S72.499C	HCC402	Hip Fracture/Dislocation	
S72.8X1A	HCC402	Hip Fracture/Dislocation	
S72.8X1B	HCC402	Hip Fracture/Dislocation	
S72.8X1C	HCC402	Hip Fracture/Dislocation	
S72.8X2A	HCC402	Hip Fracture/Dislocation	
S72.8X2B	HCC402	Hip Fracture/Dislocation	
S72.8X2C	HCC402	Hip Fracture/Dislocation	
S72.8X9A	HCC402	Hip Fracture/Dislocation	
S72.8X9B	HCC402	Hip Fracture/Dislocation	
S72.8X9C	HCC402	Hip Fracture/Dislocation	
S72.90XA	HCC402	Hip Fracture/Dislocation	
S72.90XB	HCC402	Hip Fracture/Dislocation	
S72.90XC	HCC402	Hip Fracture/Dislocation	
S72.91XA	HCC402	Hip Fracture/Dislocation	
S72.91XB	HCC402	Hip Fracture/Dislocation	
S72.91XC	HCC402	Hip Fracture/Dislocation	
S72.92XA	HCC402	Hip Fracture/Dislocation	
S72.92XB	HCC402	Hip Fracture/Dislocation	
S72.92XC	HCC402	Hip Fracture/Dislocation	
S73.001A	HCC402	Hip Fracture/Dislocation	
S73.002A	HCC402	Hip Fracture/Dislocation	
S73.003A	HCC402	Hip Fracture/Dislocation	
S73.004A	HCC402	Hip Fracture/Dislocation	
S73.005A	HCC402	Hip Fracture/Dislocation	
S73.006A	HCC402	Hip Fracture/Dislocation	
S73.011A	HCC402	Hip Fracture/Dislocation	
S73.012A	HCC402	Hip Fracture/Dislocation	
S73.013A	HCC402	Hip Fracture/Dislocation	
S73.014A	HCC402	Hip Fracture/Dislocation	
S73.015A	HCC402	Hip Fracture/Dislocation	
S73.016A	HCC402	Hip Fracture/Dislocation	
S73.021A	HCC402	Hip Fracture/Dislocation	
S73.022A	HCC402	Hip Fracture/Dislocation	
S73.023A	HCC402	Hip Fracture/Dislocation	
S73.024A	HCC402	Hip Fracture/Dislocation	
S73.025A	HCC402	Hip Fracture/Dislocation	
S73.026A	HCC402	Hip Fracture/Dislocation	
S73.031A	HCC402	Hip Fracture/Dislocation	
S73.032A	HCC402	Hip Fracture/Dislocation	
S73.033A	HCC402	Hip Fracture/Dislocation	
S73.034A	HCC402	Hip Fracture/Dislocation	
S73.035A	HCC402	Hip Fracture/Dislocation	
S73.036A	HCC402	Hip Fracture/Dislocation	
S73.041A	HCC402	Hip Fracture/Dislocation	
S73.042A	HCC402	Hip Fracture/Dislocation	
S73.043A	HCC402	Hip Fracture/Dislocation	
S73.044A	HCC402	Hip Fracture/Dislocation	
S73.045A	HCC402	Hip Fracture/Dislocation	
S73.046A	HCC402	Hip Fracture/Dislocation	
S78.011A	HCC405	Traumatic Amputations and Complications	
S78.012A	HCC405	Traumatic Amputations and Complications	
S78.019A	HCC405	Traumatic Amputations and Complications	
S78.021A	HCC405	Traumatic Amputations and Complications	
S78.022A	HCC405	Traumatic Amputations and Complications	
S78.029A	HCC405	Traumatic Amputations and Complications	
S78.111A	HCC405	Traumatic Amputations and Complications	
S78.112A	HCC405	Traumatic Amputations and Complications	
S78.119A	HCC405	Traumatic Amputations and Complications	
S78.121A	HCC405	Traumatic Amputations and Complications	
S78.122A	HCC405	Traumatic Amputations and Complications	
S78.129A	HCC405	Traumatic Amputations and Complications	
S78.911A	HCC405	Traumatic Amputations and Complications	
S78.912A	HCC405	Traumatic Amputations and Complications	
S78.919A	HCC405	Traumatic Amputations and Complications	
S78.921A	HCC405	Traumatic Amputations and Complications	
S78.922A	HCC405	Traumatic Amputations and Complications	
S78.929A	HCC405	Traumatic Amputations and Complications	
S79.001A	HCC402	Hip Fracture/Dislocation	
S79.002A	HCC402	Hip Fracture/Dislocation	
S79.009A	HCC402	Hip Fracture/Dislocation	
S79.011A	HCC402	Hip Fracture/Dislocation	
S79.012A	HCC402	Hip Fracture/Dislocation	
S79.019A	HCC402	Hip Fracture/Dislocation	
S79.091A	HCC402	Hip Fracture/Dislocation	
S79.092A	HCC402	Hip Fracture/Dislocation	
S79.099A	HCC402	Hip Fracture/Dislocation	
S79.101A	HCC402	Hip Fracture/Dislocation	
S79.102A	HCC402	Hip Fracture/Dislocation	
S79.109A	HCC402	Hip Fracture/Dislocation	
S79.111A	HCC402	Hip Fracture/Dislocation	
S79.112A	HCC402	Hip Fracture/Dislocation	
S79.119A	HCC402	Hip Fracture/Dislocation	
S79.121A	HCC402	Hip Fracture/Dislocation	
S79.122A	HCC402	Hip Fracture/Dislocation	
S79.129A	HCC402	Hip Fracture/Dislocation	
S79.131A	HCC402	Hip Fracture/Dislocation	
S79.132A	HCC402	Hip Fracture/Dislocation	
S79.139A	HCC402	Hip Fracture/Dislocation	
S79.141A	HCC402	Hip Fracture/Dislocation	
S79.142A	HCC402	Hip Fracture/Dislocation	
S79.149A	HCC402	Hip Fracture/Dislocation	
S79.191A	HCC402	Hip Fracture/Dislocation	
S79.192A	HCC402	Hip Fracture/Dislocation	
S79.199A	HCC402	Hip Fracture/Dislocation	
S88.011A	HCC405	Traumatic Amputations and Complications	
S88.012A	HCC405	Traumatic Amputations and Complications	
S88.019A	HCC405	Traumatic Amputations and Complications	
S88.021A	HCC405	Traumatic Amputations and Complications	
S88.022A	HCC405	Traumatic Amputations and Complications	
S88.029A	HCC405	Traumatic Amputations and Complications	
S88.111A	HCC405	Traumatic Amputations and Complications	
S88.112A	HCC405	Traumatic Amputations and Complications	
S88.119A	HCC405	Traumatic Amputations and Complications	
S88.121A	HCC405	Traumatic Amputations and Complications	
S88.122A	HCC405	Traumatic Amputations and Complications	
S88.129A	HCC405	Traumatic Amputations and Complications	
S88.911A	HCC405	Traumatic Amputations and Complications	
S88.912A	HCC405	Traumatic Amputations and Complications	
S88.919A	HCC405	Traumatic Amputations and Complications	
S88.921A	HCC405	Traumatic Amputations and Complications	
S88.922A	HCC405	Traumatic Amputations and Complications	
S88.929A	HCC405	Traumatic Amputations and Complications	
S98.011A	HCC405	Traumatic Amputations and Complications	
S98.012A	HCC405	Traumatic Amputations and Complications	
S98.019A	HCC405	Traumatic Amputations and Complications	
S98.021A	HCC405	Traumatic Amputations and Complications	
S98.022A	HCC405	Traumatic Amputations and Complications	
S98.029A	HCC405	Traumatic Amputations and Complications	
S98.311A	HCC405	Traumatic Amputations and Complications	
S98.312A	HCC405	Traumatic Amputations and Complications	
S98.319A	HCC405	Traumatic Amputations and Complications	
S98.321A	HCC405	Traumatic Amputations and Complications	
S98.322A	HCC405	Traumatic Amputations and Complications	
S98.329A	HCC405	Traumatic Amputations and Complications	
S98.911A	HCC405	Traumatic Amputations and Complications	
S98.912A	HCC405	Traumatic Amputations and Complications	
S98.919A	HCC405	Traumatic Amputations and Complications	
S98.921A	HCC405	Traumatic Amputations and Complications	
S98.922A	HCC405	Traumatic Amputations and Complications	
S98.929A	HCC405	Traumatic Amputations and Complications	
T14.91XA	HCC155	Major Depression, Moderate or Severe, without Psychosis	age: age < 2
T14.91XA	HCC155	Major Depression, Moderate or Severe, without Psychosis	age: age >= 2
T31.11	HCC385	Severe Skin Burn or Condition	
T31.21	HCC385	Severe Skin Burn or Condition	
T31.22	HCC385	Severe Skin Burn or Condition	
T31.31	HCC385	Severe Skin Burn or Condition	
T31.32	HCC385	Severe Skin Burn or Condition	
T31.33	HCC385	Severe Skin Burn or Condition	
T31.41	HCC385	Severe Skin Burn or Condition	
T31.42	HCC385	Severe Skin Burn or Condition	
T31.43	HCC385	Severe Skin Burn or Condition	
T31.44	HCC385	Severe Skin Burn or Condition	
T31.51	HCC385	Severe Skin Burn or Condition	
T31.52	HCC385	Severe Skin Burn or Condition	
T31.53	HCC385	Severe Skin Burn or Condition	
T31.54	HCC385	Severe Skin Burn or Condition	
T31.55	HCC385	Severe Skin Burn or Condition	
T31.61	HCC385	Severe Skin Burn or Condition	
T31.62	HCC385	Severe Skin Burn or Condition	
T31.63	HCC385	Severe Skin Burn or Condition	
T31.64	HCC385	Severe Skin Burn or Condition	
T31.65	HCC385	Severe Skin Burn or Condition	
T31.66	HCC385	Severe Skin Burn or Condition	
T31.71	HCC385	Severe Skin Burn or Condition	
T31.72	HCC385	Severe Skin Burn or Condition	
T31.73	HCC385	Severe Skin Burn or Condition	
T31.74	HCC385	Severe Skin Burn or Condition	
T31.75	HCC385	Severe Skin Burn or Condition	
T31.76	HCC385	Severe Skin Burn or Condition	
T31.77	HCC385	Severe Skin Burn or Condition	
T31.81	HCC385	Severe Skin Burn or Condition	
T31.82	HCC385	Severe Skin Burn or Condition	
T31.83	HCC385	Severe Skin Burn or Condition	
T31.84	HCC385	Severe Skin Burn or Condition	
T31.85	HCC385	Severe Skin Burn or Condition	
T31.86	HCC385	Severe Skin Burn or Condition	
T31.87	HCC385	Severe Skin Burn or Condition	
T31.88	HCC385	Severe Skin Burn or Condition	
T31.91	HCC385	Severe Skin Burn or Condition	
T31.92	HCC385	Severe Skin Burn or Condition	
T31.93	HCC385	Severe Skin Burn or Condition	
T31.94	HCC385	Severe Skin Burn or Condition	
T31.95	HCC385	Severe Skin Burn or Condition	
T31.96	HCC385	Severe Skin Burn or Condition	
T31.97	HCC385	Severe Skin Burn or Condition	
T31.98	HCC385	Severe Skin Burn or Condition	
T31.99	HCC385	Severe Skin Burn or Condition	
T32.11	HCC385	Severe Skin Burn or Condition	
T32.21	HCC385	Severe Skin Burn or Condition	
T32.22	HCC385	Severe Skin Burn or Condition	
T32.31	HCC385	Severe Skin Burn or Condition	
T32.32	HCC385	Severe Skin Burn or Condition	
T32.33	HCC385	Severe Skin Burn or Condition	
T32.41	HCC385	Severe Skin Burn or Condition	
T32.42	HCC385	Severe Skin Burn or Condition	
T32.43	HCC385	Severe Skin Burn or Condition	
T32.44	HCC385	Severe Skin Burn or Condition	
T32.51	HCC385	Severe Skin Burn or Condition	
T32.52	HCC385	Severe Skin Burn or Condition	
T32.53	HCC385	Severe Skin Burn or Condition	
T32.54	HCC385	Severe Skin Burn or Condition	
T32.55	HCC385	Severe Skin Burn or Condition	
T32.61	HCC385	Severe Skin Burn or Condition	
T32.62	HCC385	Severe Skin Burn or Condition	
T32.63	HCC385	Severe Skin Burn or Condition	
T32.64	HCC385	Severe Skin Burn or Condition	
T32.65	HCC385	Severe Skin Burn or Condition	
T32.66	HCC385	Severe Skin Burn or Condition	
T32.71	HCC385	Severe Skin Burn or Condition	
T32.72	HCC385	Severe Skin Burn or Condition	
T32.73	HCC385	Severe Skin Burn or Condition	
T32.74	HCC385	Severe Skin Burn or Condition	
T32.75	HCC385	Severe Skin Burn or Condition	
T32.76	HCC385	Severe Skin Burn or Condition	
T32.77	HCC385	Severe Skin Burn or Condition	
T32.81	HCC385	Severe Skin Burn or Condition	
T32.82	HCC385	Severe Skin Burn or Condition	
T32.83	HCC385	Severe Skin Burn or Condition	
T32.84	HCC385	Severe Skin Burn or Condition	
T32.85	HCC385	Severe Skin Burn or Condition	
T32.86	HCC385	Severe Skin Burn or Condition	
T32.87	HCC385	Severe Skin Burn or Condition	
T32.88	HCC385	Severe Skin Burn or Condition	
T32.91	HCC385	Severe Skin Burn or Condition	
T32.92	HCC385	Severe Skin Burn or Condition	
T32.93	HCC385	Severe Skin Burn or Condition	
T32.94	HCC385	Severe Skin Burn or Condition	
T32.95	HCC385	Severe Skin Burn or Condition	
T32.96	HCC385	Severe Skin Burn or Condition	
T32.97	HCC385	Severe Skin Burn or Condition	
T32.98	HCC385	Severe Skin Burn or Condition	
T32.99	HCC385	Severe Skin Burn or Condition	
T36.0X2A	HCC155	Major Depression, Moderate or Severe, without Psychosis	age: age < 2
T36.0X2A	HCC155	Major Depression, Moderate or Severe, without Psychosis	age: age >= 2
T36.1X2A	HCC155	Major Depression, Moderate or Severe, without Psychosis	age: age < 2
T36.1X2A	HCC155	Major Depression, Moderate or Severe, without Psychosis	age: age >= 2
T36.2X2A	HCC155	Major Depression, Moderate or Severe, without Psychosis	age: age < 2
T36.2X2A	HCC155	Major Depression, Moderate or Severe, without Psychosis	age: age >= 2
T36.3X2A	HCC155	Major Depression, Moderate or Severe, without Psychosis	age: age < 2
T36.3X2A	HCC155	Major Depression, Moderate or Severe, without Psychosis	age: age >= 2
T36.4X2A	HCC155	Major Depression, Moderate or Severe, without Psychosis	age: age < 2
T36.4X2A	HCC155	Major Depression, Moderate or Severe, without Psychosis	age: age >= 2
T36.5X2A	HCC155	Major Depression, Moderate or Severe, without Psychosis	age: age < 2
T36.5X2A	HCC155	Major Depression, Moderate or Severe, without Psychosis	age: age >= 2
T36.6X2A	HCC155	Major Depression, Moderate or Severe, without Psychosis	age: age < 2
T36.6X2A	HCC155	Major Depression, Moderate or Severe, without Psychosis	age: age >= 2
T36.7X2A	HCC155	Major Depression, Moderate or Severe, without Psychosis	age: age < 2
T36.7X2A	HCC155	Major Depression, Moderate or Severe, without Psychosis	age: age >= 2
T36.8X2A	HCC155	Major Depression, Moderate or Severe, without Psychosis	age: age < 2
T36.8X2A	HCC155	Major Depression, Moderate or Severe, without Psychosis	age: age >= 2
T36.92XA	HCC155	Major Depression, Moderate or Severe, without Psychosis	age: age < 2
T36.92XA	HCC155	Major Depression, Moderate or Severe, without Psychosis	age: age >= 2
T36.AX2A	HCC155	Major Depression, Moderate or Severe, without Psychosis	age: age < 2
T36.AX2A	HCC155	Major Depression, Moderate or Severe, without Psychosis	age: age >= 2
T37.0X2A	HCC155	Major Depression, Moderate or Severe, without Psychosis	age: age < 2
T37.0X2A	HCC155	Major Depression, Moderate or Severe, without Psychosis	age: age >= 2
T37.1X2A	HCC155	Major Depression, Moderate or Severe, without Psychosis	age: age < 2
T37.1X2A	HCC155	Major Depression, Moderate or Severe, without Psychosis	age: age >= 2
T37.2X2A	HCC155	Major Depression, Moderate or Severe, without Psychosis	age: age < 2
T37.2X2A	HCC155	Major Depression, Moderate or Severe, without Psychosis	age: age >= 2
T37.3X2A	HCC155	Major Depression, Moderate or Severe, without Psychosis	age: age < 2
T37.3X2A	HCC155	Major Depression, Moderate or Severe, without Psychosis	age: age >= 2
T37.4X2A	HCC155	Major Depression, Moderate or Severe, without Psychosis	age: age < 2
T37.4X2A	HCC155	Major Depression, Moderate or Severe, without Psychosis	age: age >= 2
T37.5X2A	HCC155	Major Depression, Moderate or Severe, without Psychosis	age: age < 2
T37.5X2A	HCC155	Major Depression, Moderate or Severe, without Psychosis	age: age >= 2
T37.8X2A	HCC155	Major Depression, Moderate or Severe, without Psychosis	age: age < 2
T37.8X2A	HCC155	Major Depression, Moderate or Severe, without Psychosis	age: age >= 2
T37.92XA	HCC155	Major Depression, Moderate or Severe, without Psychosis	age: age < 2
T37.92XA	HCC155	Major Depression, Moderate or Severe, without Psychosis	age: age >= 2
T38.0X2A	HCC155	Major Depression, Moderate or Severe, without Psychosis	age: age < 2
T38.0X2A	HCC155	Major Depression, Moderate or Severe, without Psychosis	age: age >= 2
T38.1X2A	HCC155	Major Depression, Moderate or Severe, without Psychosis	age: age < 2
T38.1X2A	HCC155	Major Depression, Moderate or Severe, without Psychosis	age: age >= 2
T38.2X2A	HCC155	Major Depression, Moderate or Severe, without Psychosis	age: age < 2
T38.2X2A	HCC155	Major Depression, Moderate or Severe, without Psychosis	age: age >= 2
T38.3X2A	HCC155	Major Depression, Moderate or Severe, without Psychosis	age: age < 2
T38.3X2A	HCC155	Major Depression, Moderate or Severe, without Psychosis	age: age >= 2
T38.4X2A	HCC155	Major Depression, Moderate or Severe, without Psychosis	age: age < 2
T38.4X2A	HCC155	Major Depression, Moderate or Severe, without Psychosis	age: age >= 2
T38.5X2A	HCC155	Major Depression, Moderate or Severe, without Psychosis	age: age < 2
T38.5X2A	HCC155	Major Depression, Moderate or Severe, without Psychosis	age: age >= 2
T38.6X2A	HCC155	Major Depression, Moderate or Severe, without Psychosis	age: age < 2
T38.6X2A	HCC155	Major Depression, Moderate or Severe, without Psychosis	age: age >= 2
T38.7X2A	HCC155	Major Depression, Moderate or Severe, without Psychosis	age: age < 2
T38.7X2A	HCC155	Major Depression, Moderate or Severe, without Psychosis	age: age >= 2
T38.802A	HCC155	Major Depression, Moderate or Severe, without Psychosis	age: age < 2
T38.802A	HCC155	Major Depression, Moderate or Severe, without Psychosis	age: age >= 2
T38.812A	HCC155	Major Depression, Moderate or Severe, without Psychosis	age: age < 2
T38.812A	HCC155	Major Depression, Moderate or Severe, without Psychosis	age: age >= 2
T38.892A	HCC155	Major Depression, Moderate or Severe, without Psychosis	age: age < 2
T38.892A	HCC155	Major Depression, Moderate or Severe, without Psychosis	age: age >= 2
T38.902A	HCC155	Major Depression, Moderate or Severe, without Psychosis	age: age < 2
T38.902A	HCC155	Major Depression, Moderate or Severe, without Psychosis	age: age >= 2
T38.992A	HCC155	Major Depression, Moderate or Severe, without Psychosis	age: age < 2
T38.992A	HCC155	Major Depression, Moderate or Severe, without Psychosis	age: age >= 2
T39.012A	HCC155	Major Depression, Moderate or Severe, without Psychosis	age: age < 2
T39.012A	HCC155	Major Depression, Moderate or Severe, without Psychosis	age: age >= 2
T39.092A	HCC155	Major Depression, Moderate or Severe, without Psychosis	age: age < 2
T39.092A	HCC155	Major Depression, Moderate or Severe, without Psychosis	age: age >= 2
T39.1X2A	HCC155	Major Depression, Moderate or Severe, without Psychosis	age: age < 2
T39.1X2A	HCC155	Major Depression, Moderate or Severe, without Psychosis	age: age >= 2
T39.2X2A	HCC155	Major Depression, Moderate or Severe, without Psychosis	age: age < 2
T39.2X2A	HCC155	Major Depression, Moderate or Severe, without Psychosis	age: age >= 2
T39.312A	HCC155	Major Depression, Moderate or Severe, without Psychosis	age: age < 2
T39.312A	HCC155	Major Depression, Moderate or Severe, without Psychosis	age: age >= 2
T39.392A	HCC155	Major Depression, Moderate or Severe, without Psychosis	age: age < 2
T39.392A	HCC155	Major Depression, Moderate or Severe, without Psychosis	age: age >= 2
T39.4X2A	HCC155	Major Depression, Moderate or Severe, without Psychosis	age: age < 2
T39.4X2A	HCC155	Major Depression, Moderate or Severe, without Psychosis	age: age >= 2
T39.8X2A	HCC155	Major Depression, Moderate or Severe, without Psychosis	age: age < 2
T39.8X2A	HCC155	Major Depression, Moderate or Severe, without Psychosis	age: age >= 2
T39.92XA	HCC155	Major Depression, Moderate or Severe, without Psychosis	age: age < 2
T39.92XA	HCC155	Major Depression, Moderate or Severe, without Psychosis	age: age >= 2
T40.0X1A	HCC137	Drug Use Disorder, Moderate/Severe, or Drug Use with Non-Psychotic Complications	
T40.0X2A	HCC155	Major Depression, Moderate or Severe, without Psychosis	age: age < 2
T40.0X2A	HCC155	Major Depression, Moderate or Severe, without Psychosis	age: age >= 2
T40.0X4A	HCC137	Drug Use Disorder, Moderate/Severe, or Drug Use with Non-Psychotic Complications	
T40.1X1A	HCC137	Drug Use Disorder, Moderate/Severe, or Drug Use with Non-Psychotic Complications	
T40.1X2A	HCC155	Major Depression, Moderate or Severe, without Psychosis	age: age < 2
T40.1X2A	HCC155	Major Depression, Moderate or Severe, without Psychosis	age: age >= 2
T40.1X4A	HCC137	Drug Use Disorder, Moderate/Severe, or Drug Use with Non-Psychotic Complications	
T40.2X1A	HCC137	Drug Use Disorder, Moderate/Severe, or Drug Use with Non-Psychotic Complications	
T40.2X2A	HCC155	Major Depression, Moderate or Severe, without Psychosis	age: age < 2
T40.2X2A	HCC155	Major Depression, Moderate or Severe, without Psychosis	age: age >= 2
T40.2X4A	HCC137	Drug Use Disorder, Moderate/Severe, or Drug Use with Non-Psychotic Complications	
T40.3X1A	HCC137	Drug Use Disorder, Moderate/Severe, or Drug Use with Non-Psychotic Complications	
T40.3X2A	HCC155	Major Depression, Moderate or Severe, without Psychosis	age: age < 2
T40.3X2A	HCC155	Major Depression, Moderate or Severe, without Psychosis	age: age >= 2
T40.3X4A	HCC137	Drug Use Disorder, Moderate/Severe, or Drug Use with Non-Psychotic Complications	
T40.411A	HCC137	Drug Use Disorder, Moderate/Severe, or Drug Use with Non-Psychotic Complications	
T40.412A	HCC155	Major Depression, Moderate or Severe, without Psychosis	age: age < 2
T40.412A	HCC155	Major Depression, Moderate or Severe, without Psychosis	age: age >= 2
T40.414A	HCC137	Drug Use Disorder, Moderate/Severe, or Drug Use with Non-Psychotic Complications	
T40.421A	HCC137	Drug Use Disorder, Moderate/Severe, or Drug Use with Non-Psychotic Complications	
T40.422A	HCC155	Major Depression, Moderate or Severe, without Psychosis	age: age < 2
T40.422A	HCC155	Major Depression, Moderate or Severe, without Psychosis	age: age >= 2
T40.424A	HCC137	Drug Use Disorder, Moderate/Severe, or Drug Use with Non-Psychotic Complications	
T40.491A	HCC137	Drug Use Disorder, Moderate/Severe, or Drug Use with Non-Psychotic Complications	
T40.492A	HCC155	Major Depression, Moderate or Severe, without Psychosis	age: age < 2
T40.492A	HCC155	Major Depression, Moderate or Severe, without Psychosis	age: age >= 2
T40.494A	HCC137	Drug Use Disorder, Moderate/Severe, or Drug Use with Non-Psychotic Complications	
T40.5X1A	HCC137	Drug Use Disorder, Moderate/Severe, or Drug Use with Non-Psychotic Complications	
T40.5X2A	HCC155	Major Depression, Moderate or Severe, without Psychosis	age: age < 2
T40.5X2A	HCC155	Major Depression, Moderate or Severe, without Psychosis	age: age >= 2
T40.5X4A	HCC137	Drug Use Disorder, Moderate/Severe, or Drug Use with Non-Psychotic Complications	
T40.601A	HCC137	Drug Use Disorder, Moderate/Severe, or Drug Use with Non-Psychotic Complications	
T40.602A	HCC155	Major Depression, Moderate or Severe, without Psychosis	age: age < 2
T40.602A	HCC155	Major Depression, Moderate or Severe, without Psychosis	age: age >= 2
T40.604A	HCC137	Drug Use Disorder, Moderate/Severe, or Drug Use with Non-Psychotic Complications	
T40.691A	HCC137	Drug Use Disorder, Moderate/Severe, or Drug Use with Non-Psychotic Complications	
T40.692A	HCC155	Major Depression, Moderate or Severe, without Psychosis	age: age < 2
T40.692A	HCC155	Major Depression, Moderate or Severe, without Psychosis	age: age >= 2
T40.694A	HCC137	Drug Use Disorder, Moderate/Severe, or Drug Use with Non-Psychotic Complications	
T40.712A	HCC155	Major Depression, Moderate or Severe, without Psychosis	age: age < 2
T40.712A	HCC155	Major Depression, Moderate or Severe, without Psychosis	age: age >= 2
T40.722A	HCC155	Major Depression, Moderate or Severe, without Psychosis	age: age < 2
T40.722A	HCC155	Major Depression, Moderate or Severe, without Psychosis	age: age >= 2
T40.8X1A	HCC137	Drug Use Disorder, Moderate/Severe, or Drug Use with Non-Psychotic Complications	
T40.8X2A	HCC155	Major Depression, Moderate or Severe, without Psychosis	age: age < 2
T40.8X2A	HCC155	Major Depression, Moderate or Severe, without Psychosis	age: age >= 2
T40.8X4A	HCC137	Drug Use Disorder, Moderate/Severe, or Drug Use with Non-Psychotic Complications	
T40.901A	HCC137	Drug Use Disorder, Moderate/Severe, or Drug Use with Non-Psychotic Complications	
T40.902A	HCC155	Major Depression, Moderate or Severe, without Psychosis	age: age < 2
T40.902A	HCC155	Major Depression, Moderate or Severe, without Psychosis	age: age >= 2
T40.904A	HCC137	Drug Use Disorder, Moderate/Severe, or Drug Use with Non-Psychotic Complications	
T40.991A	HCC137	Drug Use Disorder, Moderate/Severe, or Drug Use with Non-Psychotic Complications	
T40.992A	HCC155	Major Depression, Moderate or Severe, without Psychosis	age: age < 2
T40.992A	HCC155	Major Depression, Moderate or Severe, without Psychosis	age: age >= 2
T40.994A	HCC137	Drug Use Disorder, Moderate/Severe, or Drug Use with Non-Psychotic Complications	
T41.0X2A	HCC155	Major Depression, Moderate or Severe, without Psychosis	age: age < 2
T41.0X2A	HCC155	Major Depression, Moderate or Severe, without Psychosis	age: age >= 2
T41.1X2A	HCC155	Major Depression, Moderate or Severe, without Psychosis	age: age < 2
T41.1X2A	HCC155	Major Depression, Moderate or Severe, without Psychosis	age: age >= 2
T41.202A	HCC155	Major Depression, Moderate or Severe, without Psychosis	age: age < 2
T41.202A	HCC155	Major Depression, Moderate or Severe, without Psychosis	age: age >= 2
T41.292A	HCC155	Major Depression, Moderate or Severe, without Psychosis	age: age < 2
T41.292A	HCC155	Major Depression, Moderate or Severe, without Psychosis	age: age >= 2
T41.3X2A	HCC155	Major Depression, Moderate or Severe, without Psychosis	age: age < 2
T41.3X2A	HCC155	Major Depression, Moderate or Severe, without Psychosis	age: age >= 2
T41.42XA	HCC155	Major Depression, Moderate or Severe, without Psychosis	age: age < 2
T41.42XA	HCC155	Major Depression, Moderate or Severe, without Psychosis	age: age >= 2
T41.5X2A	HCC155	Major Depression, Moderate or Severe, without Psychosis	age: age < 2
T41.5X2A	HCC155	Major Depression, Moderate or Severe, without Psychosis	age: age >= 2
T42.0X2A	HCC155	Major Depression, Moderate or Severe, without Psychosis	age: age < 2
T42.0X2A	HCC155	Major Depression, Moderate or Severe, without Psychosis	age: age >= 2
T42.1X2A	HCC155	Major Depression, Moderate or Severe, without Psychosis	age: age < 2
T42.1X2A	HCC155	Major Depression, Moderate or Severe, without Psychosis	age: age >= 2
T42.2X2A	HCC155	Major Depression, Moderate or Severe, without Psychosis	age: age < 2
T42.2X2A	HCC155	Major Depression, Moderate or Severe, without Psychosis	age: age >= 2
T42.3X2A	HCC155	Major Depression, Moderate or Severe, without Psychosis	age: age < 2
T42.3X2A	HCC155	Major Depression, Moderate or Severe, without Psychosis	age: age >= 2
T42.4X2A	HCC155	Major Depression, Moderate or Severe, without Psychosis	age: age < 2
T42.4X2A	HCC155	Major Depression, Moderate or Severe, without Psychosis	age: age >= 2
T42.5X2A	HCC155	Major Depression, Moderate or Severe, without Psychosis	age: age < 2
T42.5X2A	HCC155	Major Depression, Moderate or Severe, without Psychosis	age: age >= 2
T42.6X2A	HCC155	Major Depression, Moderate or Severe, without Psychosis	age: age < 2
T42.6X2A	HCC155	Major Depression, Moderate or Severe, without Psychosis	age: age >= 2
T42.72XA	HCC155	Major Depression, Moderate or Severe, without Psychosis	age: age < 2
T42.72XA	HCC155	Major Depression, Moderate or Severe, without Psychosis	age: age >= 2
T42.8X2A	HCC155	Major Depression, Moderate or Severe, without Psychosis	age: age < 2
T42.8X2A	HCC155	Major Depression, Moderate or Severe, without Psychosis	age: age >= 2
T43.012A	HCC155	Major Depression, Moderate or Severe, without Psychosis	age: age < 2
T43.012A	HCC155	Major Depression, Moderate or Severe, without Psychosis	age: age >= 2
T43.022A	HCC155	Major Depression, Moderate or Severe, without Psychosis	age: age < 2
T43.022A	HCC155	Major Depression, Moderate or Severe, without Psychosis	age: age >= 2
T43.1X2A	HCC155	Major Depression, Moderate or Severe, without Psychosis	age: age < 2
T43.1X2A	HCC155	Major Depression, Moderate or Severe, without Psychosis	age: age >= 2
T43.202A	HCC155	Major Depression, Moderate or Severe, without Psychosis	age: age < 2
T43.202A	HCC155	Major Depression, Moderate or Severe, without Psychosis	age: age >= 2
T43.212A	HCC155	Major Depression, Moderate or Severe, without Psychosis	age: age < 2
T43.212A	HCC155	Major Depression, Moderate or Severe, without Psychosis	age: age >= 2
T43.222A	HCC155	Major Depression, Moderate or Severe, without Psychosis	age: age < 2
T43.222A	HCC155	Major Depression, Moderate or Severe, without Psychosis	age: age >= 2
T43.292A	HCC155	Major Depression, Moderate or Severe, without Psychosis	age: age < 2
T43.292A	HCC155	Major Depression, Moderate or Severe, without Psychosis	age: age >= 2
T43.3X2A	HCC155	Major Depression, Moderate or Severe, without Psychosis	age: age < 2
T43.3X2A	HCC155	Major Depression, Moderate or Severe, without Psychosis	age: age >= 2
T43.4X2A	HCC155	Major Depression, Moderate or Severe, without Psychosis	age: age < 2
T43.4X2A	HCC155	Major Depression, Moderate or Severe, without Psychosis	age: age >= 2
T43.502A	HCC155	Major Depression, Moderate or Severe, without Psychosis	age: age < 2
T43.502A	HCC155	Major Depression, Moderate or Severe, without Psychosis	age: age >= 2
T43.592A	HCC155	Major Depression, Moderate or Severe, without Psychosis	age: age < 2
T43.592A	HCC155	Major Depression, Moderate or Severe, without Psychosis	age: age >= 2
T43.601A	HCC137	Drug Use Disorder, Moderate/Severe, or Drug Use with Non-Psychotic Complications	
T43.602A	HCC155	Major Depression, Moderate or Severe, without Psychosis	age: age < 2
T43.602A	HCC155	Major Depression, Moderate or Severe, without Psychosis	age: age >= 2
T43.604A	HCC137	Drug Use Disorder, Moderate/Severe, or Drug Use with Non-Psychotic Complications	
T43.611A	HCC137	Drug Use Disorder, Moderate/Severe, or Drug Use with Non-Psychotic Complications	
T43.612A	HCC155	Major Depression, Moderate or Severe, without Psychosis	age: age < 2
T43.612A	HCC155	Major Depression, Moderate or Severe, without Psychosis	age: age >= 2
T43.614A	HCC137	Drug Use Disorder, Moderate/Severe, or Drug Use with Non-Psychotic Complications	
T43.621A	HCC137	Drug Use Disorder, Moderate/Severe, or Drug Use with Non-Psychotic Complications	
T43.622A	HCC155	Major Depression, Moderate or Severe, without Psychosis	age: age < 2
T43.622A	HCC155	Major Depression, Moderate or Severe, without Psychosis	age: age >= 2
T43.624A	HCC137	Drug Use Disorder, Moderate/Severe, or Drug Use with Non-Psychotic Complications	
T43.631A	HCC137	Drug Use Disorder, Moderate/Severe, or Drug Use with Non-Psychotic Complications	
T43.632A	HCC155	Major Depression, Moderate or Severe, without Psychosis	age: age < 2
T43.632A	HCC155	Major Depression, Moderate or Severe, without Psychosis	age: age >= 2
T43.634A	HCC137	Drug Use Disorder, Moderate/Severe, or Drug Use with Non-Psychotic Complications	
T43.641A	HCC137	Drug Use Disorder, Moderate/Severe, or Drug Use with Non-Psychotic Complications	
T43.642A	HCC155	Major Depression, Moderate or Severe, without Psychosis	age: age < 2
T43.642A	HCC155	Major Depression, Moderate or Severe, without Psychosis	age: age >= 2
T43.644A	HCC137	Drug Use Disorder, Moderate/Severe, or Drug Use with Non-Psychotic Complications	
T43.651A	HCC137	Drug Use Disorder, Moderate/Severe, or Drug Use with Non-Psychotic Complications	
T43.652A	HCC155	Major Depression, Moderate or Severe, without Psychosis	age: age < 2
T43.652A	HCC155	Major Depression, Moderate or Severe, without Psychosis	age: age >= 2
T43.654A	HCC137	Drug Use Disorder, Moderate/Severe, or Drug Use with Non-Psychotic Complications	
T43.691A	HCC137	Drug Use Disorder, Moderate/Severe, or Drug Use with Non-Psychotic Complications	
T43.692A	HCC155	Major Depression, Moderate or Severe, without Psychosis	age: age < 2
T43.692A	HCC155	Major Depression, Moderate or Severe, without Psychosis	age: age >= 2
T43.694A	HCC137	Drug Use Disorder, Moderate/Severe, or Drug Use with Non-Psychotic Complications	
T43.8X2A	HCC155	Major Depression, Moderate or Severe, without Psychosis	age: age < 2
T43.8X2A	HCC155	Major Depression, Moderate or Severe, without Psychosis	age: age >= 2
T43.92XA	HCC155	Major Depression, Moderate or Severe, without Psychosis	age: age < 2
T43.92XA	HCC155	Major Depression, Moderate or Severe, without Psychosis	age: age >= 2
T44.0X2A	HCC155	Major Depression, Moderate or Severe, without Psychosis	age: age < 2
T44.0X2A	HCC155	Major Depression, Moderate or Severe, without Psychosis	age: age >= 2
T44.1X2A	HCC155	Major Depression, Moderate or Severe, without Psychosis	age: age < 2
T44.1X2A	HCC155	Major Depression, Moderate or Severe, without Psychosis	age: age >= 2
T44.2X2A	HCC155	Major Depression, Moderate or Severe, without Psychosis	age: age < 2
T44.2X2A	HCC155	Major Depression, Moderate or Severe, without Psychosis	age: age >= 2
T44.3X2A	HCC155	Major Depression, Moderate or Severe, without Psychosis	age: age < 2
T44.3X2A	HCC155	Major Depression, Moderate or Severe, without Psychosis	age: age >= 2
T44.4X2A	HCC155	Major Depression, Moderate or Severe, without Psychosis	age: age < 2
T44.4X2A	HCC155	Major Depression, Moderate or Severe, without Psychosis	age: age >= 2
T44.5X2A	HCC155	Major Depression, Moderate or Severe, without Psychosis	age: age < 2
T44.5X2A	HCC155	Major Depression, Moderate or Severe, without Psychosis	age: age >= 2
T44.6X2A	HCC155	Major Depression, Moderate or Severe, without Psychosis	age: age < 2
T44.6X2A	HCC155	Major Depression, Moderate or Severe, without Psychosis	age: age >= 2
T44.7X2A	HCC155	Major Depression, Moderate or Severe, without Psychosis	age: age < 2
T44.7X2A	HCC155	Major Depression, Moderate or Severe, without Psychosis	age: age >= 2
T44.8X2A	HCC155	Major Depression, Moderate or Severe, without Psychosis	age: age < 2
T44.8X2A	HCC155	Major Depression, Moderate or Severe, without Psychosis	age: age >= 2
T44.902A	HCC155	Major Depression, Moderate or Severe, without Psychosis	age: age < 2
T44.902A	HCC155	Major Depression, Moderate or Severe, without Psychosis	age: age >= 2
T44.992A	HCC155	Major Depression, Moderate or Severe, without Psychosis	age: age < 2
T44.992A	HCC155	Major Depression, Moderate or Severe, without Psychosis	age: age >= 2
T45.0X2A	HCC155	Major Depression, Moderate or Severe, without Psychosis	age: age < 2
T45.0X2A	HCC155	Major Depression, Moderate or Severe, without Psychosis	age: age >= 2
T45.1X2A	HCC155	Major Depression, Moderate or Severe, without Psychosis	age: age < 2
T45.1X2A	HCC155	Major Depression, Moderate or Severe, without Psychosis	age: age >= 2
T45.2X2A	HCC155	Major Depression, Moderate or Severe, without Psychosis	age: age < 2
T45.2X2A	HCC155	Major Depression, Moderate or Severe, without Psychosis	age: age >= 2
T45.3X2A	HCC155	Major Depression, Moderate or Severe, without Psychosis	age: age < 2
T45.3X2A	HCC155	Major Depression, Moderate or Severe, without Psychosis	age: age >= 2
T45.4X2A	HCC155	Major Depression, Moderate or Severe, without Psychosis	age: age < 2
T45.4X2A	HCC155	Major Depression, Moderate or Severe, without Psychosis	age: age >= 2
T45.512A	HCC155	Major Depression, Moderate or Severe, without Psychosis	age: age < 2
T45.512A	HCC155	Major Depression, Moderate or Severe, without Psychosis	age: age >= 2
T45.522A	HCC155	Major Depression, Moderate or Severe, without Psychosis	age: age < 2
T45.522A	HCC155	Major Depression, Moderate or Severe, without Psychosis	age: age >= 2
T45.602A	HCC155	Major Depression, Moderate or Severe, without Psychosis	age: age < 2
T45.602A	HCC155	Major Depression, Moderate or Severe, without Psychosis	age: age >= 2
T45.612A	HCC155	Major Depression, Moderate or Severe, without Psychosis	age: age < 2
T45.612A	HCC155	Major Depression, Moderate or Severe, without Psychosis	age: age >= 2
T45.622A	HCC155	Major Depression, Moderate or Severe, without Psychosis	age: age < 2
T45.622A	HCC155	Major Depression, Moderate or Severe, without Psychosis	age: age >= 2
T45.692A	HCC155	Major Depression, Moderate or Severe, without Psychosis	age: age < 2
T45.692A	HCC155	Major Depression, Moderate or Severe, without Psychosis	age: age >= 2
T45.7X2A	HCC155	Major Depression, Moderate or Severe, without Psychosis	age: age < 2
T45.7X2A	HCC155	Major Depression, Moderate or Severe, without Psychosis	age: age >= 2
T45.8X2A	HCC155	Major Depression, Moderate or Severe, without Psychosis	age: age < 2
T45.8X2A	HCC155	Major Depression, Moderate or Severe, without Psychosis	age: age >= 2
T45.92XA	HCC155	Major Depression, Moderate or Severe, without Psychosis	age: age < 2
T45.92XA	HCC155	Major Depression, Moderate or Severe, without Psychosis	age: age >= 2
T45.AX2A	HCC155	Major Depression, Moderate or Severe, without Psychosis	age: age < 2
T45.AX2A	HCC155	Major Depression, Moderate or Severe, without Psychosis	age: age >= 2
T46.0X2A	HCC155	Major Depression, Moderate or Severe, without Psychosis	age: age < 2
T46.0X2A	HCC155	Major Depression, Moderate or Severe, without Psychosis	age: age >= 2
T46.1X2A	HCC155	Major Depression, Moderate or Severe, without Psychosis	age: age < 2
T46.1X2A	HCC155	Major Depression, Moderate or Severe, without Psychosis	age: age >= 2
T46.2X2A	HCC155	Major Depression, Moderate or Severe, without Psychosis	age: age < 2
T46.2X2A	HCC155	Major Depression, Moderate or Severe, without Psychosis	age: age >= 2
T46.3X2A	HCC155	Major Depression, Moderate or Severe, without Psychosis	age: age < 2
T46.3X2A	HCC155	Major Depression, Moderate or Severe, without Psychosis	age: age >= 2
T46.4X2A	HCC155	Major Depression, Moderate or Severe, without Psychosis	age: age < 2
T46.4X2A	HCC155	Major Depression, Moderate or Severe, without Psychosis	age: age >= 2
T46.5X2A	HCC155	Major Depression, Moderate or Severe, without Psychosis	age: age < 2
T46.5X2A	HCC155	Major Depression, Moderate or Severe, without Psychosis	age: age >= 2
T46.6X2A	HCC155	Major Depression, Moderate or Severe, without Psychosis	age: age < 2
T46.6X2A	HCC155	Major Depression, Moderate or Severe, without Psychosis	age: age >= 2
T46.7X2A	HCC155	Major Depression, Moderate or Severe, without Psychosis	age: age < 2
T46.7X2A	HCC155	Major Depression, Moderate or Severe, without Psychosis	age: age >= 2
T46.8X2A	HCC155	Major Depression, Moderate or Severe, without Psychosis	age: age < 2
T46.8X2A	HCC155	Major Depression, Moderate or Severe, without Psychosis	age: age >= 2
T46.902A	HCC155	Major Depression, Moderate or Severe, without Psychosis	age: age < 2
T46.902A	HCC155	Major Depression, Moderate or Severe, without Psychosis	age: age >= 2
T46.992A	HCC155	Major Depression, Moderate or Severe, without Psychosis	age: age < 2
T46.992A	HCC155	Major Depression, Moderate or Severe, without Psychosis	age: age >= 2
T47.0X2A	HCC155	Major Depression, Moderate or Severe, without Psychosis	age: age < 2
T47.0X2A	HCC155	Major Depression, Moderate or Severe, without Psychosis	age: age >= 2
T47.1X2A	HCC155	Major Depression, Moderate or Severe, without Psychosis	age: age < 2
T47.1X2A	HCC155	Major Depression, Moderate or Severe, without Psychosis	age: age >= 2
T47.2X2A	HCC155	Major Depression, Moderate or Severe, without Psychosis	age: age < 2
T47.2X2A	HCC155	Major Depression, Moderate or Severe, without Psychosis	age: age >= 2
T47.3X2A	HCC155	Major Depression, Moderate or Severe, without Psychosis	age: age < 2
T47.3X2A	HCC155	Major Depression, Moderate or Severe, without Psychosis	age: age >= 2
T47.4X2A	HCC155	Major Depression, Moderate or Severe, without Psychosis	age: age < 2
T47.4X2A	HCC155	Major Depression, Moderate or Severe, without Psychosis	age: age >= 2
T47.5X2A	HCC155	Major Depression, Moderate or Severe, without Psychosis	age: age < 2
T47.5X2A	HCC155	Major Depression, Moderate or Severe, without Psychosis	age: age >= 2
T47.6X2A	HCC155	Major Depression, Moderate or Severe, without Psychosis	age: age < 2
T47.6X2A	HCC155	Major Depression, Moderate or Severe, without Psychosis	age: age >= 2
T47.7X2A	HCC155	Major Depression, Moderate or Severe, without Psychosis	age: age < 2
T47.7X2A	HCC155	Major Depression, Moderate or Severe, without Psychosis	age: age >= 2
T47.8X2A	HCC155	Major Depression, Moderate or Severe, without Psychosis	age: age < 2
T47.8X2A	HCC155	Major Depression, Moderate or Severe, without Psychosis	age: age >= 2
T47.92XA	HCC155	Major Depression, Moderate or Severe, without Psychosis	age: age < 2
T47.92XA	HCC155	Major Depression, Moderate or Severe, without Psychosis	age: age >= 2
T48.0X2A	HCC155	Major Depression, Moderate or Severe, without Psychosis	age: age < 2
T48.0X2A	HCC155	Major Depression, Moderate or Severe, without Psychosis	age: age >= 2
T48.1X2A	HCC155	Major Depression, Moderate or Severe, without Psychosis	age: age < 2
T48.1X2A	HCC155	Major Depression, Moderate or Severe, without Psychosis	age: age >= 2
T48.202A	HCC155	Major Depression, Moderate or Severe, without Psychosis	age: age < 2
T48.202A	HCC155	Major Depression, Moderate or Severe, without Psychosis	age: age >= 2
T48.292A	HCC155	Major Depression, Moderate or Severe, without Psychosis	age: age < 2
T48.292A	HCC155	Major Depression, Moderate or Severe, without Psychosis	age: age >= 2
T48.3X2A	HCC155	Major Depression, Moderate or Severe, without Psychosis	age: age < 2
T48.3X2A	HCC155	Major Depression, Moderate or Severe, without Psychosis	age: age >= 2
T48.4X2A	HCC155	Major Depression, Moderate or Severe, without Psychosis	age: age < 2
T48.4X2A	HCC155	Major Depression, Moderate or Severe, without Psychosis	age: age >= 2
T48.5X2A	HCC155	Major Depression, Moderate or Severe, without Psychosis	age: age < 2
T48.5X2A	HCC155	Major Depression, Moderate or Severe, without Psychosis	age: age >= 2
T48.6X2A	HCC155	Major Depression, Moderate or Severe, without Psychosis	age: age < 2
T48.6X2A	HCC155	Major Depression, Moderate or Severe, without Psychosis	age: age >= 2
T48.902A	HCC155	Major Depression, Moderate or Severe, without Psychosis	age: age < 2
T48.902A	HCC155	Major Depression, Moderate or Severe, without Psychosis	age: age >= 2
T48.992A	HCC155	Major Depression, Moderate or Severe, without Psychosis	age: age < 2
T48.992A	HCC155	Major Depression, Moderate or Severe, without Psychosis	age: age >= 2
T49.0X2A	HCC155	Major Depression, Moderate or Severe, without Psychosis	age: age < 2
T49.0X2A	HCC155	Major Depression, Moderate or Severe, without Psychosis	age: age >= 2
T49.1X2A	HCC155	Major Depression, Moderate or Severe, without Psychosis	age: age < 2
T49.1X2A	HCC155	Major Depression, Moderate or Severe, without Psychosis	age: age >= 2
T49.2X2A	HCC155	Major Depression, Moderate or Severe, without Psychosis	age: age < 2
T49.2X2A	HCC155	Major Depression, Moderate or Severe, without Psychosis	age: age >= 2
T49.3X2A	HCC155	Major Depression, Moderate or Severe, without Psychosis	age: age < 2
T49.3X2A	HCC155	Major Depression, Moderate or Severe, without Psychosis	age: age >= 2
T49.4X2A	HCC155	Major Depression, Moderate or Severe, without Psychosis	age: age < 2
T49.4X2A	HCC155	Major Depression, Moderate or Severe, without Psychosis	age: age >= 2
T49.5X2A	HCC155	Major Depression, Moderate or Severe, without Psychosis	age: age < 2
T49.5X2A	HCC155	Major Depression, Moderate or Severe, without Psychosis	age: age >= 2
T49.6X2A	HCC155	Major Depression, Moderate or Severe, without Psychosis	age: age < 2
T49.6X2A	HCC155	Major Depression, Moderate or Severe, without Psychosis	age: age >= 2
T49.7X2A	HCC155	Major Depression, Moderate or Severe, without Psychosis	age: age < 2
T49.7X2A	HCC155	Major Depression, Moderate or Severe, without Psychosis	age: age >= 2
T49.8X2A	HCC155	Major Depression, Moderate or Severe, without Psychosis	age: age < 2
T49.8X2A	HCC155	Major Depression, Moderate or Severe, without Psychosis	age: age >= 2
T49.92XA	HCC155	Major Depression, Moderate or Severe, without Psychosis	age: age < 2
T49.92XA	HCC155	Major Depression, Moderate or Severe, without Psychosis	age: age >= 2
T50.0X2A	HCC155	Major Depression, Moderate or Severe, without Psychosis	age: age < 2
T50.0X2A	HCC155	Major Depression, Moderate or Severe, without Psychosis	age: age >= 2
T50.1X2A	HCC155	Major Depression, Moderate or Severe, without Psychosis	age: age < 2
T50.1X2A	HCC155	Major Depression, Moderate or Severe, without Psychosis	age: age >= 2
T50.2X2A	HCC155	Major Depression, Moderate or Severe, without Psychosis	age: age < 2
T50.2X2A	HCC155	Major Depression, Moderate or Severe, without Psychosis	age: age >= 2
T50.3X2A	HCC155	Major Depression, Moderate or Severe, without Psychosis	age: age < 2
T50.3X2A	HCC155	Major Depression, Moderate or Severe, without Psychosis	age: age >= 2
T50.4X2A	HCC155	Major Depression, Moderate or Severe, without Psychosis	age: age < 2
T50.4X2A	HCC155	Major Depression, Moderate or Severe, without Psychosis	age: age >= 2
T50.5X2A	HCC155	Major Depression, Moderate or Severe, without Psychosis	age: age < 2
T50.5X2A	HCC155	Major Depression, Moderate or Severe, without Psychosis	age: age >= 2
T50.6X2A	HCC155	Major Depression, Moderate or Severe, without Psychosis	age: age < 2
T50.6X2A	HCC155	Major Depression, Moderate or Severe, without Psychosis	age: age >= 2
T50.7X2A	HCC155	Major Depression, Moderate or Severe, without Psychosis	age: age < 2
T50.7X2A	HCC155	Major Depression, Moderate or Severe, without Psychosis	age: age >= 2
T50.8X2A	HCC155	Major Depression, Moderate or Severe, without Psychosis	age: age < 2
T50.8X2A	HCC155	Major Depression, Moderate or Severe, without Psychosis	age: age >= 2
T50.902A	HCC155	Major Depression, Moderate or Severe, without Psychosis	age: age < 2
T50.902A	HCC155	Major Depression, Moderate or Severe, without Psychosis	age: age >= 2
T50.912A	HCC155	Major Depression, Moderate or Severe, without Psychosis	age: age < 2
T50.912A	HCC155	Major Depression, Moderate or Severe, without Psychosis	age: age >= 2
T50.992A	HCC155	Major Depression, Moderate or Severe, without Psychosis	age: age < 2
T50.992A	HCC155	Major Depression, Moderate or Severe, without Psychosis	age: age >= 2
T50.A12A	HCC155	Major Depression, Moderate or Severe, without Psychosis	age: age < 2
T50.A12A	HCC155	Major Depression, Moderate or Severe, without Psychosis	age: age >= 2
T50.A22A	HCC155	Major Depression, Moderate or Severe, without Psychosis	age: age < 2
T50.A22A	HCC155	Major Depression, Moderate or Severe, without Psychosis	age: age >= 2
T50.A92A	HCC155	Major Depression, Moderate or Severe, without Psychosis	age: age < 2
T50.A92A	HCC155	Major Depression, Moderate or Severe, without Psychosis	age: age >= 2
T50.B12A	HCC155	Major Depression, Moderate or Severe, without Psychosis	age: age < 2
T50.B12A	HCC155	Major Depression, Moderate or Severe, without Psychosis	age: age >= 2
T50.B92A	HCC155	Major Depression, Moderate or Severe, without Psychosis	age: age < 2
T50.B92A	HCC155	Major Depression, Moderate or Severe, without Psychosis	age: age >= 2
T50.Z12A	HCC155	Major Depression, Moderate or Severe, without Psychosis	age: age < 2
T50.Z12A	HCC155	Major Depression, Moderate or Severe, without Psychosis	age: age >= 2
T50.Z92A	HCC155	Major Depression, Moderate or Severe, without Psychosis	age: age < 2
T50.Z92A	HCC155	Major Depression, Moderate or Severe, without Psychosis	age: age >= 2
T51.0X2A	HCC155	Major Depression, Moderate or Severe, without Psychosis	age: age < 2
T51.0X2A	HCC155	Major Depression, Moderate or Severe, without Psychosis	age: age >= 2
T51.1X2A	HCC155	Major Depression, Moderate or Severe, without Psychosis	age: age < 2
T51.1X2A	HCC155	Major Depression, Moderate or Severe, without Psychosis	age: age >= 2
T51.2X2A	HCC155	Major Depression, Moderate or Severe, without Psychosis	age: age < 2
T51.2X2A	HCC155	Major Depression, Moderate or Severe, without Psychosis	age: age >= 2
T51.3X2A	HCC155	Major Depression, Moderate or Severe, without Psychosis	age: age < 2
T51.3X2A	HCC155	Major Depression, Moderate or Severe, without Psychosis	age: age >= 2
T51.8X2A	HCC155	Major Depression, Moderate or Severe, without Psychosis	age: age < 2
T51.8X2A	HCC155	Major Depression, Moderate or Severe, without Psychosis	age: age >= 2
T51.92XA	HCC155	Major Depression, Moderate or Severe, without Psychosis	age: age < 2
T51.92XA	HCC155	Major Depression, Moderate or Severe, without Psychosis	age: age >= 2
T52.0X2A	HCC155	Major Depression, Moderate or Severe, without Psychosis	age: age < 2
T52.0X2A	HCC155	Major Depression, Moderate or Severe, without Psychosis	age: age >= 2
T52.1X2A	HCC155	Major Depression, Moderate or Severe, without Psychosis	age: age < 2
T52.1X2A	HCC155	Major Depression, Moderate or Severe, without Psychosis	age: age >= 2
T52.2X2A	HCC155	Major Depression, Moderate or Severe, without Psychosis	age: age < 2
T52.2X2A	HCC155	Major Depression, Moderate or Severe, without Psychosis	age: age >= 2
T52.3X2A	HCC155	Major Depression, Moderate or Severe, without Psychosis	age: age < 2
T52.3X2A	HCC155	Major Depression, Moderate or Severe, without Psychosis	age: age >= 2
T52.4X2A	HCC155	Major Depression, Moderate or Severe, without Psychosis	age: age < 2
T52.4X2A	HCC155	Major Depression, Moderate or Severe, without Psychosis	age: age >= 2
T52.8X2A	HCC155	Major Depression, Moderate or Severe, without Psychosis	age: age < 2
T52.8X2A	HCC155	Major Depression, Moderate or Severe, without Psychosis	age: age >= 2
T52.92XA	HCC155	Major Depression, Moderate or Severe, without Psychosis	age: age < 2
T52.92XA	HCC155	Major Depression, Moderate or Severe, without Psychosis	age: age >= 2
T53.0X2A	HCC155	Major Depression, Moderate or Severe, without Psychosis	age: age < 2
T53.0X2A	HCC155	Major Depression, Moderate or Severe, without Psychosis	age: age >= 2
T53.1X2A	HCC155	Major Depression, Moderate or Severe, without Psychosis	age: age < 2
T53.1X2A	HCC155	Major Depression, Moderate or Severe, without Psychosis	age: age >= 2
T53.2X2A	HCC155	Major Depression, Moderate or Severe, without Psychosis	age: age < 2
T53.2X2A	HCC155	Major Depression, Moderate or Severe, without Psychosis	age: age >= 2
T53.3X2A	HCC155	Major Depression, Moderate or Severe, without Psychosis	age: age < 2
T53.3X2A	HCC155	Major Depression, Moderate or Severe, without Psychosis	age: age >= 2
T53.4X2A	HCC155	Major Depression, Moderate or Severe, without Psychosis	age: age < 2
T53.4X2A	HCC155	Major Depression, Moderate or Severe, without Psychosis	age: age >= 2
T53.5X2A	HCC155	Major Depression, Moderate or Severe, without Psychosis	age: age < 2
T53.5X2A	HCC155	Major Depression, Moderate or Severe, without Psychosis	age: age >= 2
T53.6X2A	HCC155	Major Depression, Moderate or Severe, without Psychosis	age: age < 2
T53.6X2A	HCC155	Major Depression, Moderate or Severe, without Psychosis	age: age >= 2
T53.7X2A	HCC155	Major Depression, Moderate or Severe, without Psychosis	age: age < 2
T53.7X2A	HCC155	Major Depression, Moderate or Severe, without Psychosis	age: age >= 2
T53.92XA	HCC155	Major Depression, Moderate or Severe, without Psychosis	age: age < 2
T53.92XA	HCC155	Major Depression, Moderate or Severe, without Psychosis	age: age >= 2
T54.0X2A	HCC155	Major Depression, Moderate or Severe, without Psychosis	age: age < 2
T54.0X2A	HCC155	Major Depression, Moderate or Severe, without Psychosis	age: age >= 2
T54.1X2A	HCC155	Major Depression, Moderate or Severe, without Psychosis	age: age < 2
T54.1X2A	HCC155	Major Depression, Moderate or Severe, without Psychosis	age: age >= 2
T54.2X2A	HCC155	Major Depression, Moderate or Severe, without Psychosis	age: age < 2
T54.2X2A	HCC155	Major Depression, Moderate or Severe, without Psychosis	age: age >= 2
T54.3X2A	HCC155	Major Depression, Moderate or Severe, without Psychosis	age: age < 2
T54.3X2A	HCC155	Major Depression, Moderate or Severe, without Psychosis	age: age >= 2
T54.92XA	HCC155	Major Depression, Moderate or Severe, without Psychosis	age: age < 2
T54.92XA	HCC155	Major Depression, Moderate or Severe, without Psychosis	age: age >= 2
T55.0X2A	HCC155	Major Depression, Moderate or Severe, without Psychosis	age: age < 2
T55.0X2A	HCC155	Major Depression, Moderate or Severe, without Psychosis	age: age >= 2
T55.1X2A	HCC155	Major Depression, Moderate or Severe, without Psychosis	age: age < 2
T55.1X2A	HCC155	Major Depression, Moderate or Severe, without Psychosis	age: age >= 2
T56.0X2A	HCC155	Major Depression, Moderate or Severe, without Psychosis	age: age < 2
T56.0X2A	HCC155	Major Depression, Moderate or Severe, without Psychosis	age: age >= 2
T56.1X2A	HCC155	Major Depression, Moderate or Severe, without Psychosis	age: age < 2
T56.1X2A	HCC155	Major Depression, Moderate or Severe, without Psychosis	age: age >= 2
T56.2X2A	HCC155	Major Depression, Moderate or Severe, without Psychosis	age: age < 2
T56.2X2A	HCC155	Major Depression, Moderate or Severe, without Psychosis	age: age >= 2
T56.3X2A	HCC155	Major Depression, Moderate or Severe, without Psychosis	age: age < 2
T56.3X2A	HCC155	Major Depression, Moderate or Severe, without Psychosis	age: age >= 2
T56.4X2A	HCC155	Major Depression, Moderate or Severe, without Psychosis	age: age < 2
T56.4X2A	HCC155	Major Depression, Moderate or Severe, without Psychosis	age: age >= 2
T56.5X2A	HCC155	Major Depression, Moderate or Severe, without Psychosis	age: age < 2
T56.5X2A	HCC155	Major Depression, Moderate or Severe, without Psychosis	age: age >= 2
T56.6X2A	HCC155	Major Depression, Moderate or Severe, without Psychosis	age: age < 2
T56.6X2A	HCC155	Major Depression, Moderate or Severe, without Psychosis	age: age >= 2
T56.7X2A	HCC155	Major Depression, Moderate or Severe, without Psychosis	age: age < 2
T56.7X2A	HCC155	Major Depression, Moderate or Severe, without Psychosis	age: age >= 2
T56.812A	HCC155	Major Depression, Moderate or Severe, without Psychosis	age: age < 2
T56.812A	HCC155	Major Depression, Moderate or Severe, without Psychosis	age: age >= 2
T56.822A	HCC155	Major Depression, Moderate or Severe, without Psychosis	age: age < 2
T56.822A	HCC155	Major Depression, Moderate or Severe, without Psychosis	age: age >= 2
T56.892A	HCC155	Major Depression, Moderate or Severe, without Psychosis	age: age < 2
T56.892A	HCC155	Major Depression, Moderate or Severe, without Psychosis	age: age >= 2
T56.92XA	HCC155	Major Depression, Moderate or Severe, without Psychosis	age: age < 2
T56.92XA	HCC155	Major Depression, Moderate or Severe, without Psychosis	age: age >= 2
T57.0X2A	HCC155	Major Depression, Moderate or Severe, without Psychosis	age: age < 2
T57.0X2A	HCC155	Major Depression, Moderate or Severe, without Psychosis	age: age >= 2
T57.1X2A	HCC155	Major Depression, Moderate or Severe, without Psychosis	age: age < 2
T57.1X2A	HCC155	Major Depression, Moderate or Severe, without Psychosis	age: age >= 2
T57.2X2A	HCC155	Major Depression, Moderate or Severe, without Psychosis	age: age < 2
T57.2X2A	HCC155	Major Depression, Moderate or Severe, without Psychosis	age: age >= 2
T57.3X2A	HCC155	Major Depression, Moderate or Severe, without Psychosis	age: age < 2
T57.3X2A	HCC155	Major Depression, Moderate or Severe, without Psychosis	age: age >= 2
T57.8X2A	HCC155	Major Depression, Moderate or Severe, without Psychosis	age: age < 2
T57.8X2A	HCC155	Major Depression, Moderate or Severe, without Psychosis	age: age >= 2
T57.92XA	HCC155	Major Depression, Moderate or Severe, without Psychosis	age: age < 2
T57.92XA	HCC155	Major Depression, Moderate or Severe, without Psychosis	age: age >= 2
T58.02XA	HCC155	Major Depression, Moderate or Severe, without Psychosis	age: age < 2
T58.02XA	HCC155	Major Depression, Moderate or Severe, without Psychosis	age: age >= 2
T58.12XA	HCC155	Major Depression, Moderate or Severe, without Psychosis	age: age < 2
T58.12XA	HCC155	Major Depression, Moderate or Severe, without Psychosis	age: age >= 2
T58.2X2A	HCC155	Major Depression, Moderate or Severe, without Psychosis	age: age < 2
T58.2X2A	HCC155	Major Depression, Moderate or Severe, without Psychosis	age: age >= 2
T58.8X2A	HCC155	Major Depression, Moderate or Severe, without Psychosis	age: age < 2
T58.8X2A	HCC155	Major Depression, Moderate or Severe, without Psychosis	age: age >= 2
T58.92XA	HCC155	Major Depression, Moderate or Severe, without Psychosis	age: age < 2
T58.92XA	HCC155	Major Depression, Moderate or Severe, without Psychosis	age: age >= 2
T59.0X2A	HCC155	Major Depression, Moderate or Severe, without Psychosis	age: age < 2
T59.0X2A	HCC155	Major Depression, Moderate or Severe, without Psychosis	age: age >= 2
T59.1X2A	HCC155	Major Depression, Moderate or Severe, without Psychosis	age: age < 2
T59.1X2A	HCC155	Major Depression, Moderate or Severe, without Psychosis	age: age >= 2
T59.2X2A	HCC155	Major Depression, Moderate or Severe, without Psychosis	age: age < 2
T59.2X2A	HCC155	Major Depression, Moderate or Severe, without Psychosis	age: age >= 2
T59.3X2A	HCC155	Major Depression, Moderate or Severe, without Psychosis	age: age < 2
T59.3X2A	HCC155	Major Depression, Moderate or Severe, without Psychosis	age: age >= 2
T59.4X2A	HCC155	Major Depression, Moderate or Severe, without Psychosis	age: age < 2
T59.4X2A	HCC155	Major Depression, Moderate or Severe, without Psychosis	age: age >= 2
T59.5X2A	HCC155	Major Depression, Moderate or Severe, without Psychosis	age: age < 2
T59.5X2A	HCC155	Major Depression, Moderate or Severe, without Psychosis	age: age >= 2
T59.6X2A	HCC155	Major Depression, Moderate or Severe, without Psychosis	age: age < 2
T59.6X2A	HCC155	Major Depression, Moderate or Severe, without Psychosis	age: age >= 2
T59.7X2A	HCC155	Major Depression, Moderate or Severe, without Psychosis	age: age < 2
T59.7X2A	HCC155	Major Depression, Moderate or Severe, without Psychosis	age: age >= 2
T59.812A	HCC155	Major Depression, Moderate or Severe, without Psychosis	age: age < 2
T59.812A	HCC155	Major Depression, Moderate or Severe, without Psychosis	age: age >= 2
T59.892A	HCC155	Major Depression, Moderate or Severe, without Psychosis	age: age < 2
T59.892A	HCC155	Major Depression, Moderate or Severe, without Psychosis	age: age >= 2
T59.92XA	HCC155	Major Depression, Moderate or Severe, without Psychosis	age: age < 2
T59.92XA	HCC155	Major Depression, Moderate or Severe, without Psychosis	age: age >= 2
T60.0X2A	HCC155	Major Depression, Moderate or Severe, without Psychosis	age: age < 2
T60.0X2A	HCC155	Major Depression, Moderate or Severe, without Psychosis	age: age >= 2
T60.1X2A	HCC155	Major Depression, Moderate or Severe, without Psychosis	age: age < 2
T60.1X2A	HCC155	Major Depression, Moderate or Severe, without Psychosis	age: age >= 2
T60.2X2A	HCC155	Major Depression, Moderate or Severe, without Psychosis	age: age < 2
T60.2X2A	HCC155	Major Depression, Moderate or Severe, without Psychosis	age: age >= 2
T60.3X2A	HCC155	Major Depression, Moderate or Severe, without Psychosis	age: age < 2
T60.3X2A	HCC155	Major Depression, Moderate or Severe, without Psychosis	age: age >= 2
T60.4X2A	HCC155	Major Depression, Moderate or Severe, without Psychosis	age: age < 2
T60.4X2A	HCC155	Major Depression, Moderate or Severe, without Psychosis	age: age >= 2
T60.8X2A	HCC155	Major Depression, Moderate or Severe, without Psychosis	age: age < 2
T60.8X2A	HCC155	Major Depression, Moderate or Severe, without Psychosis	age: age >= 2
T60.92XA	HCC155	Major Depression, Moderate or Severe, without Psychosis	age: age < 2
T60.92XA	HCC155	Major Depression, Moderate or Severe, without Psychosis	age: age >= 2
T61.02XA	HCC155	Major Depression, Moderate or Severe, without Psychosis	age: age < 2
T61.02XA	HCC155	Major Depression, Moderate or Severe, without Psychosis	age: age >= 2
T61.12XA	HCC155	Major Depression, Moderate or Severe, without Psychosis	age: age < 2
T61.12XA	HCC155	Major Depression, Moderate or Severe, without Psychosis	age: age >= 2
T61.772A	HCC155	Major Depression, Moderate or Severe, without Psychosis	age: age < 2
T61.772A	HCC155	Major Depression, Moderate or Severe, without Psychosis	age: age >= 2
T61.782A	HCC155	Major Depression, Moderate or Severe, without Psychosis	age: age < 2
T61.782A	HCC155	Major Depression, Moderate or Severe, without Psychosis	age: age >= 2
T61.8X2A	HCC155	Major Depression, Moderate or Severe, without Psychosis	age: age < 2
T61.8X2A	HCC155	Major Depression, Moderate or Severe, without Psychosis	age: age >= 2
T61.92XA	HCC155	Major Depression, Moderate or Severe, without Psychosis	age: age < 2
T61.92XA	HCC155	Major Depression, Moderate or Severe, without Psychosis	age: age >= 2
T62.0X2A	HCC155	Major Depression, Moderate or Severe, without Psychosis	age: age < 2
T62.0X2A	HCC155	Major Depression, Moderate or Severe, without Psychosis	age: age >= 2
T62.1X2A	HCC155	Major Depression, Moderate or Severe, without Psychosis	age: age < 2
T62.1X2A	HCC155	Major Depression, Moderate or Severe, without Psychosis	age: age >= 2
T62.2X2A	HCC155	Major Depression, Moderate or Severe, without Psychosis	age: age < 2
T62.2X2A	HCC155	Major Depression, Moderate or Severe, without Psychosis	age: age >= 2
T62.8X2A	HCC155	Major Depression, Moderate or Severe, without Psychosis	age: age < 2
T62.8X2A	HCC155	Major Depression, Moderate or Severe, without Psychosis	age: age >= 2
T62.92XA	HCC155	Major Depression, Moderate or Severe, without Psychosis	age: age < 2
T62.92XA	HCC155	Major Depression, Moderate or Severe, without Psychosis	age: age >= 2
T63.002A	HCC155	Major Depression, Moderate or Severe, without Psychosis	age: age < 2
T63.002A	HCC155	Major Depression, Moderate or Severe, without Psychosis	age: age >= 2
T63.012A	HCC155	Major Depression, Moderate or Severe, without Psychosis	age: age < 2
T63.012A	HCC155	Major Depression, Moderate or Severe, without Psychosis	age: age >= 2
T63.022A	HCC155	Major Depression, Moderate or Severe, without Psychosis	age: age < 2
T63.022A	HCC155	Major Depression, Moderate or Severe, without Psychosis	age: age >= 2
T63.032A	HCC155	Major Depression, Moderate or Severe, without Psychosis	age: age < 2
T63.032A	HCC155	Major Depression, Moderate or Severe, without Psychosis	age: age >= 2
T63.042A	HCC155	Major Depression, Moderate or Severe, without Psychosis	age: age < 2
T63.042A	HCC155	Major Depression, Moderate or Severe, without Psychosis	age: age >= 2
T63.062A	HCC155	Major Depression, Moderate or Severe, without Psychosis	age: age < 2
T63.062A	HCC155	Major Depression, Moderate or Severe, without Psychosis	age: age >= 2
T63.072A	HCC155	Major Depression, Moderate or Severe, without Psychosis	age: age < 2
T63.072A	HCC155	Major Depression, Moderate or Severe, without Psychosis	age: age >= 2
T63.082A	HCC155	Major Depression, Moderate or Severe, without Psychosis	age: age < 2
T63.082A	HCC155	Major Depression, Moderate or Severe, without Psychosis	age: age >= 2
T63.092A	HCC155	Major Depression, Moderate or Severe, without Psychosis	age: age < 2
T63.092A	HCC155	Major Depression, Moderate or Severe, without Psychosis	age: age >= 2
T63.112A	HCC155	Major Depression, Moderate or Severe, without Psychosis	age: age < 2
T63.112A	HCC155	Major Depression, Moderate or Severe, without Psychosis	age: age >= 2
T63.122A	HCC155	Major Depression, Moderate or Severe, without Psychosis	age: age < 2
T63.122A	HCC155	Major Depression, Moderate or Severe, without Psychosis	age: age >= 2
T63.192A	HCC155	Major Depression, Moderate or Severe, without Psychosis	age: age < 2
T63.192A	HCC155	Major Depression, Moderate or Severe, without Psychosis	age: age >= 2
T63.2X2A	HCC155	Major Depression, Moderate or Severe, without Psychosis	age: age < 2
T63.2X2A	HCC155	Major Depression, Moderate or Severe, without Psychosis	age: age >= 2
T63.302A	HCC155	Major Depression, Moderate or Severe, without Psychosis	age: age < 2
T63.302A	HCC155	Major Depression, Moderate or Severe, without Psychosis	age: age >= 2
T63.312A	HCC155	Major Depression, Moderate or Severe, without Psychosis	age: age < 2
T63.312A	HCC155	Major Depression, Moderate or Severe, without Psychosis	age: age >= 2
T63.322A	HCC155	Major Depression, Moderate or Severe, without Psychosis	age: age < 2
T63.322A	HCC155	Major Depression, Moderate or Severe, without Psychosis	age: age >= 2
T63.332A	HCC155	Major Depression, Moderate or Severe, without Psychosis	age: age < 2
T63.332A	HCC155	Major Depression, Moderate or Severe, without Psychosis	age: age >= 2
T63.392A	HCC155	Major Depression, Moderate or Severe, without Psychosis	age: age < 2
T63.392A	HCC155	Major Depression, Moderate or Severe, without Psychosis	age: age >= 2
T63.412A	HCC155	Major Depression, Moderate or Severe, without Psychosis	age: age < 2
T63.412A	HCC155	Major Depression, Moderate or Severe, without Psychosis	age: age >= 2
T63.422A	HCC155	Major Depression, Moderate or Severe, without Psychosis	age: age < 2
T63.422A	HCC155	Major Depression, Moderate or Severe, without Psychosis	age: age >= 2
T63.432A	HCC155	Major Depression, Moderate or Severe, without Psychosis	age: age < 2
T63.432A	HCC155	Major Depression, Moderate or Severe, without Psychosis	age: age >= 2
T63.442A	HCC155	Major Depression, Moderate or Severe, without Psychosis	age: age < 2
T63.442A	HCC155	Major Depression, Moderate or Severe, without Psychosis	age: age >= 2
T63.452A	HCC155	Major Depression, Moderate or Severe, without Psychosis	age: age < 2
T63.452A	HCC155	Major Depression, Moderate or Severe, without Psychosis	age: age >= 2
T63.462A	HCC155	Major Depression, Moderate or Severe, without Psychosis	age: age < 2
T63.462A	HCC155	Major Depression, Moderate or Severe, without Psychosis	age: age >= 2
T63.482A	HCC155	Major Depression, Moderate or Severe, without Psychosis	age: age < 2
T63.482A	HCC155	Major Depression, Moderate or Severe, without Psychosis	age: age >= 2
T63.512A	HCC155	Major Depression, Moderate or Severe, without Psychosis	age: age < 2
T63.512A	HCC155	Major Depression, Moderate or Severe, without Psychosis	age: age >= 2
T63.592A	HCC155	Major Depression, Moderate or Severe, without Psychosis	age: age < 2
T63.592A	HCC155	Major Depression, Moderate or Severe, without Psychosis	age: age >= 2
T63.612A	HCC155	Major Depression, Moderate or Severe, without Psychosis	age: age < 2
T63.612A	HCC155	Major Depression, Moderate or Severe, without Psychosis	age: age >= 2
T63.622A	HCC155	Major Depression, Moderate or Severe, without Psychosis	age: age < 2
T63.622A	HCC155	Major Depression, Moderate or Severe, without Psychosis	age: age >= 2
T63.632A	HCC155	Major Depression, Moderate or Severe, without Psychosis	age: age < 2
T63.632A	HCC155	Major Depression, Moderate or Severe, without Psychosis	age: age >= 2
T63.692A	HCC155	Major Depression, Moderate or Severe, without Psychosis	age: age < 2
T63.692A	HCC155	Major Depression, Moderate or Severe, without Psychosis	age: age >= 2
T63.712A	HCC155	Major Depression, Moderate or Severe, without Psychosis	age: age < 2
T63.712A	HCC155	Major Depression, Moderate or Severe, without Psychosis	age: age >= 2
T63.792A	HCC155	Major Depression, Moderate or Severe, without Psychosis	age: age < 2
T63.792A	HCC155	Major Depression, Moderate or Severe, without Psychosis	age: age >= 2
T63.812A	HCC155	Major Depression, Moderate or Severe, without Psychosis	age: age < 2
T63.812A	HCC155	Major Depression, Moderate or Severe, without Psychosis	age: age >= 2
T63.822A	HCC155	Major Depression, Moderate or Severe, without Psychosis	age: age < 2
T63.822A	HCC155	Major Depression, Moderate or Severe, without Psychosis	age: age >= 2
T63.832A	HCC155	Major Depression, Moderate or Severe, without Psychosis	age: age < 2
T63.832A	HCC155	Major Depression, Moderate or Severe, without Psychosis	age: age >= 2
T63.892A	HCC155	Major Depression, Moderate or Severe, without Psychosis	age: age < 2
T63.892A	HCC155	Major Depression, Moderate or Severe, without Psychosis	age: age >= 2
T63.92XA	HCC155	Major Depression, Moderate or Severe, without Psychosis	age: age < 2
T63.92XA	HCC155	Major Depression, Moderate or Severe, without Psychosis	age: age >= 2
T64.02XA	HCC155	Major Depression, Moderate or Severe, without Psychosis	age: age < 2
T64.02XA	HCC155	Major Depression, Moderate or Severe, without Psychosis	age: age >= 2
T64.82XA	HCC155	Major Depression, Moderate or Severe, without Psychosis	age: age < 2
T64.82XA	HCC155	Major Depression, Moderate or Severe, without Psychosis	age: age >= 2
T65.0X2A	HCC155	Major Depression, Moderate or Severe, without Psychosis	age: age < 2
T65.0X2A	HCC155	Major Depression, Moderate or Severe, without Psychosis	age: age >= 2
T65.1X2A	HCC155	Major Depression, Moderate or Severe, without Psychosis	age: age < 2
T65.1X2A	HCC155	Major Depression, Moderate or Severe, without Psychosis	age: age >= 2
T65.212A	HCC155	Major Depression, Moderate or Severe, without Psychosis	age: age < 2
T65.212A	HCC155	Major Depression, Moderate or Severe, without Psychosis	age: age >= 2
T65.222A	HCC155	Major Depression, Moderate or Severe, without Psychosis	age: age < 2
T65.222A	HCC155	Major Depression, Moderate or Severe, without Psychosis	age: age >= 2
T65.292A	HCC155	Major Depression, Moderate or Severe, without Psychosis	age: age < 2
T65.292A	HCC155	Major Depression, Moderate or Severe, without Psychosis	age: age >= 2
T65.3X2A	HCC155	Major Depression, Moderate or Severe, without Psychosis	age: age < 2
T65.3X2A	HCC155	Major Depression, Moderate or Severe, without Psychosis	age: age >= 2
T65.4X2A	HCC155	Major Depression, Moderate or Severe, without Psychosis	age: age < 2
T65.4X2A	HCC155	Major Depression, Moderate or Severe, without Psychosis	age: age >= 2
T65.5X2A	HCC155	Major Depression, Moderate or Severe, without Psychosis	age: age < 2
T65.5X2A	HCC155	Major Depression, Moderate or Severe, without Psychosis	age: age >= 2
T65.6X2A	HCC155	Major Depression, Moderate or Severe, without Psychosis	age: age < 2
T65.6X2A	HCC155	Major Depression, Moderate or Severe, without Psychosis	age: age >= 2
T65.812A	HCC155	Major Depression, Moderate or Severe, without Psychosis	age: age < 2
T65.812A	HCC155	Major Depression, Moderate or Severe, without Psychosis	age: age >= 2
T65.822A	HCC155	Major Depression, Moderate or Severe, without Psychosis	age: age < 2
T65.822A	HCC155	Major Depression, Moderate or Severe, without Psychosis	age: age >= 2
T65.832A	HCC155	Major Depression, Moderate or Severe, without Psychosis	age: age < 2
T65.832A	HCC155	Major Depression, Moderate or Severe, without Psychosis	age: age >= 2
T65.842A	HCC155	Major Depression, Moderate or Severe, without Psychosis	age: age < 2
T65.842A	HCC155	Major Depression, Moderate or Severe, without Psychosis	age: age >= 2
T65.892A	HCC155	Major Depression, Moderate or Severe, without Psychosis	age: age < 2
T65.892A	HCC155	Major Depression, Moderate or Severe, without Psychosis	age: age >= 2
T65.92XA	HCC155	Major Depression, Moderate or Severe, without Psychosis	age: age < 2
T65.92XA	HCC155	Major Depression, Moderate or Severe, without Psychosis	age: age >= 2
T71.112A	HCC155	Major Depression, Moderate or Severe, without Psychosis	age: age < 2
T71.112A	HCC155	Major Depression, Moderate or Severe, without Psychosis	age: age >= 2
T71.122A	HCC155	Major Depression, Moderate or Severe, without Psychosis	age: age < 2
T71.122A	HCC155	Major Depression, Moderate or Severe, without Psychosis	age: age >= 2
T71.132A	HCC155	Major Depression, Moderate or Severe, without Psychosis	age: age < 2
T71.132A	HCC155	Major Depression, Moderate or Severe, without Psychosis	age: age >= 2
T71.152A	HCC155	Major Depression, Moderate or Severe, without Psychosis	age: age < 2
T71.152A	HCC155	Major Depression, Moderate or Severe, without Psychosis	age: age >= 2
T71.162A	HCC155	Major Depression, Moderate or Severe, without Psychosis	age: age < 2
T71.162A	HCC155	Major Depression, Moderate or Severe, without Psychosis	age: age >= 2
T71.192A	HCC155	Major Depression, Moderate or Severe, without Psychosis	age: age < 2
T71.192A	HCC155	Major Depression, Moderate or Severe, without Psychosis	age: age >= 2
T71.222A	HCC155	Major Depression, Moderate or Severe, without Psychosis	age: age < 2
T71.222A	HCC155	Major Depression, Moderate or Severe, without Psychosis	age: age >= 2
T71.232A	HCC155	Major Depression, Moderate or Severe, without Psychosis	age: age < 2
T71.232A	HCC155	Major Depression, Moderate or Severe, without Psychosis	age: age >= 2
T79.0XXA	HCC267	Deep Vein Thrombosis and Pulmonary Embolism	
T79.1XXA	HCC267	Deep Vein Thrombosis and Pulmonary Embolism	
T79.4XXA	HCC2	Septicemia, Sepsis, Systemic Inflammatory Response Syndrome/Shock	
T82.512A	HCC223	Heart Assist Device/Artificial Heart	
T82.522A	HCC223	Heart Assist Device/Artificial Heart	
T82.532A	HCC223	Heart Assist Device/Artificial Heart	
T82.592A	HCC223	Heart Assist Device/Artificial Heart	
T86.00	HCC454	Stem Cell, Including Bone Marrow, Transplant Status/Complications	
T86.01	HCC454	Stem Cell, Including Bone Marrow, Transplant Status/Complications	
T86.02	HCC454	Stem Cell, Including Bone Marrow, Transplant Status/Complications	
T86.03	HCC454	Stem Cell, Including Bone Marrow, Transplant Status/Complications	
T86.09	HCC454	Stem Cell, Including Bone Marrow, Transplant Status/Complications	
T86.20	HCC221	Heart Transplant Status/Complications	
T86.21	HCC221	Heart Transplant Status/Complications	
T86.22	HCC221	Heart Transplant Status/Complications	
T86.23	HCC221	Heart Transplant Status/Complications	
T86.290	HCC221	Heart Transplant Status/Complications	
T86.298	HCC221	Heart Transplant Status/Complications	
T86.30	HCC221	Heart Transplant Status/Complications	
T86.30	HCC276	Lung Transplant Status/Complications	
T86.31	HCC221	Heart Transplant Status/Complications	
T86.31	HCC276	Lung Transplant Status/Complications	
T86.32	HCC221	Heart Transplant Status/Complications	
T86.32	HCC276	Lung Transplant Status/Complications	
T86.33	HCC221	Heart Transplant Status/Complications	
T86.33	HCC276	Lung Transplant Status/Complications	
T86.39	HCC221	Heart Transplant Status/Complications	
T86.39	HCC276	Lung Transplant Status/Complications	
T86.40	HCC62	Liver Transplant Status/Complications	
T86.41	HCC62	Liver Transplant Status/Complications	
T86.42	HCC62	Liver Transplant Status/Complications	
T86.43	HCC62	Liver Transplant Status/Complications	
T86.49	HCC62	Liver Transplant Status/Complications	
T86.5	HCC454	Stem Cell, Including Bone Marrow, Transplant Status/Complications	
T86.810	HCC276	Lung Transplant Status/Complications	
T86.811	HCC276	Lung Transplant Status/Complications	
T86.812	HCC276	Lung Transplant Status/Complications	
T86.818	HCC276	Lung Transplant Status/Complications	
T86.819	HCC276	Lung Transplant Status/Complications	
T86.850	HCC77	Intestine Transplant Status/Complications	
T86.851	HCC77	Intestine Transplant Status/Complications	
T86.852	HCC77	Intestine Transplant Status/Complications	
T86.858	HCC77	Intestine Transplant Status/Complications	
T86.859	HCC77	Intestine Transplant Status/Complications	
T87.0X1	HCC405	Traumatic Amputations and Complications	
T87.0X2	HCC405	Traumatic Amputations and Complications	
T87.0X9	HCC405	Traumatic Amputations and Complications	
T87.1X1	HCC405	Traumatic Amputations and Complications	
T87.1X2	HCC405	Traumatic Amputations and Complications	
T87.1X9	HCC405	Traumatic Amputations and Complications	
T87.30	HCC409	Amputation Status, Lower Limb/Amputation Complications	
T87.31	HCC409	Amputation Status, Lower Limb/Amputation Complications	
T87.32	HCC409	Amputation Status, Lower Limb/Amputation Complications	
T87.33	HCC409	Amputation Status, Lower Limb/Amputation Complications	
T87.34	HCC409	Amputation Status, Lower Limb/Amputation Complications	
T87.40	HCC409	Amputation Status, Lower Limb/Amputation Complications	
T87.41	HCC409	Amputation Status, Lower Limb/Amputation Complications	
T87.42	HCC409	Amputation Status, Lower Limb/Amputation Complications	
T87.43	HCC409	Amputation Status, Lower Limb/Amputation Complications	
T87.44	HCC409	Amputation Status, Lower Limb/Amputation Complications	
T87.50	HCC409	Amputation Status, Lower Limb/Amputation Complications	
T87.51	HCC409	Amputation Status, Lower Limb/Amputation Complications	
T87.52	HCC409	Amputation Status, Lower Limb/Amputation Complications	
T87.53	HCC409	Amputation Status, Lower Limb/Amputation Complications	
T87.54	HCC409	Amputation Status, Lower Limb/Amputation Complications	
T87.81	HCC409	Amputation Status, Lower Limb/Amputation Complications	
T87.89	HCC409	Amputation Status, Lower Limb/Amputation Complications	
T87.9	HCC409	Amputation Status, Lower Limb/Amputation Complications	
X71.0XXA	HCC155	Major Depression, Moderate or Severe, without Psychosis	age: age < 2
X71.0XXA	HCC155	Major Depression, Moderate or Severe, without Psychosis	age: age >= 2
X71.1XXA	HCC155	Major Depression, Moderate or Severe, without Psychosis	age: age < 2
X71.1XXA	HCC155	Major Depression, Moderate or Severe, without Psychosis	age: age >= 2
X71.2XXA	HCC155	Major Depression, Moderate or Severe, without Psychosis	age: age < 2
X71.2XXA	HCC155	Major Depression, Moderate or Severe, without Psychosis	age: age >= 2
X71.3XXA	HCC155	Major Depression, Moderate or Severe, without Psychosis	age: age < 2
X71.3XXA	HCC155	Major Depression, Moderate or Severe, without Psychosis	age: age >= 2
X71.8XXA	HCC155	Major Depression, Moderate or Severe, without Psychosis	age: age < 2
X71.8XXA	HCC155	Major Depression, Moderate or Severe, without Psychosis	age: age >= 2
X71.9XXA	HCC155	Major Depression, Moderate or Severe, without Psychosis	age: age < 2
X71.9XXA	HCC155	Major Depression, Moderate or Severe, without Psychosis	age: age >= 2
X72.XXXA	HCC155	Major Depression, Moderate or Severe, without Psychosis	age: age < 2
X72.XXXA	HCC155	Major Depression, Moderate or Severe, without Psychosis	age: age >= 2
X73.0XXA	HCC155	Major Depression, Moderate or Severe, without Psychosis	age: age < 2
X73.0XXA	HCC155	Major Depression, Moderate or Severe, without Psychosis	age: age >= 2
X73.1XXA	HCC155	Major Depression, Moderate or Severe, without Psychosis	age: age < 2
X73.1XXA	HCC155	Major Depression, Moderate or Severe, without Psychosis	age: age >= 2
X73.2XXA	HCC155	Major Depression, Moderate or Severe, without Psychosis	age: age < 2
X73.2XXA	HCC155	Major Depression, Moderate or Severe, without Psychosis	age: age >= 2
X73.8XXA	HCC155	Major Depression, Moderate or Severe, without Psychosis	age: age < 2
X73.8XXA	HCC155	Major Depression, Moderate or Severe, without Psychosis	age: age >= 2
X73.9XXA	HCC155	Major Depression, Moderate or Severe, without Psychosis	age: age < 2
X73.9XXA	HCC155	Major Depression, Moderate or Severe, without Psychosis	age: age >= 2
X74.01XA	HCC155	Major Depression, Moderate or Severe, without Psychosis	age: age < 2
X74.01XA	HCC155	Major Depression, Moderate or Severe, without Psychosis	age: age >= 2
X74.02XA	HCC155	Major Depression, Moderate or Severe, without Psychosis	age: age < 2
X74.02XA	HCC155	Major Depression, Moderate or Severe, without Psychosis	age: age >= 2
X74.09XA	HCC155	Major Depression, Moderate or Severe, without Psychosis	age: age < 2
X74.09XA	HCC155	Major Depression, Moderate or Severe, without Psychosis	age: age >= 2
X74.8XXA	HCC155	Major Depression, Moderate or Severe, without Psychosis	age: age < 2
X74.8XXA	HCC155	Major Depression, Moderate or Severe, without Psychosis	age: age >= 2
X74.9XXA	HCC155	Major Depression, Moderate or Severe, without Psychosis	age: age < 2
X74.9XXA	HCC155	Major Depression, Moderate or Severe, without Psychosis	age: age >= 2
X75.XXXA	HCC155	Major Depression, Moderate or Severe, without Psychosis	age: age < 2
X75.XXXA	HCC155	Major Depression, Moderate or Severe, without Psychosis	age: age >= 2
X76.XXXA	HCC155	Major Depression, Moderate or Severe, without Psychosis	age: age < 2
X76.XXXA	HCC155	Major Depression, Moderate or Severe, without Psychosis	age: age >= 2
X77.0XXA	HCC155	Major Depression, Moderate or Severe, without Psychosis	age: age < 2
X77.0XXA	HCC155	Major Depression, Moderate or Severe, without Psychosis	age: age >= 2
X77.1XXA	HCC155	Major Depression, Moderate or Severe, without Psychosis	age: age < 2
X77.1XXA	HCC155	Major Depression, Moderate or Severe, without Psychosis	age: age >= 2
X77.2XXA	HCC155	Major Depression, Moderate or Severe, without Psychosis	age: age < 2
X77.2XXA	HCC155	Major Depression, Moderate or Severe, without Psychosis	age: age >= 2
X77.3XXA	HCC155	Major Depression, Moderate or Severe, without Psychosis	age: age < 2
X77.3XXA	HCC155	Major Depression, Moderate or Severe, without Psychosis	age: age >= 2
X77.8XXA	HCC155	Major Depression, Moderate or Severe, without Psychosis	age: age < 2
X77.8XXA	HCC155	Major Depression, Moderate or Severe, without Psychosis	age: age >= 2
X77.9XXA	HCC155	Major Depression, Moderate or Severe, without Psychosis	age: age < 2
X77.9XXA	HCC155	Major Depression, Moderate or Severe, without Psychosis	age: age >= 2
X78.0XXA	HCC155	Major Depression, Moderate or Severe, without Psychosis	age: age < 2
X78.0XXA	HCC155	Major Depression, Moderate or Severe, without Psychosis	age: age >= 2
X78.1XXA	HCC155	Major Depression, Moderate or Severe, without Psychosis	age: age < 2
X78.1XXA	HCC155	Major Depression, Moderate or Severe, without Psychosis	age: age >= 2
X78.2XXA	HCC155	Major Depression, Moderate or Severe, without Psychosis	age: age < 2
X78.2XXA	HCC155	Major Depression, Moderate or Severe, without Psychosis	age: age >= 2
X78.8XXA	HCC155	Major Depression, Moderate or Severe, without Psychosis	age: age < 2
X78.8XXA	HCC155	Major Depression, Moderate or Severe, without Psychosis	age: age >= 2
X78.9XXA	HCC155	Major Depression, Moderate or Severe, without Psychosis	age: age < 2
X78.9XXA	HCC155	Major Depression, Moderate or Severe, without Psychosis	age: age >= 2
X79.XXXA	HCC155	Major Depression, Moderate or Severe, without Psychosis	age: age < 2
X79.XXXA	HCC155	Major Depression, Moderate or Severe, without Psychosis	age: age >= 2
X80.XXXA	HCC155	Major Depression, Moderate or Severe, without Psychosis	age: age < 2
X80.XXXA	HCC155	Major Depression, Moderate or Severe, without Psychosis	age: age >= 2
X81.0XXA	HCC155	Major Depression, Moderate or Severe, without Psychosis	age: age < 2
X81.0XXA	HCC155	Major Depression, Moderate or Severe, without Psychosis	age: age >= 2
X81.1XXA	HCC155	Major Depression, Moderate or Severe, without Psychosis	age: age < 2
X81.1XXA	HCC155	Major Depression, Moderate or Severe, without Psychosis	age: age >= 2
X81.8XXA	HCC155	Major Depression, Moderate or Severe, without Psychosis	age: age < 2
X81.8XXA	HCC155	Major Depression, Moderate or Severe, without Psychosis	age: age >= 2
X82.0XXA	HCC155	Major Depression, Moderate or Severe, without Psychosis	age: age < 2
X82.0XXA	HCC155	Major Depression, Moderate or Severe, without Psychosis	age: age >= 2
X82.1XXA	HCC155	Major Depression, Moderate or Severe, without Psychosis	age: age < 2
X82.1XXA	HCC155	Major Depression, Moderate or Severe, without Psychosis	age: age >= 2
X82.2XXA	HCC155	Major Depression, Moderate or Severe, without Psychosis	age: age < 2
X82.2XXA	HCC155	Major Depression, Moderate or Severe, without Psychosis	age: age >= 2
X82.8XXA	HCC155	Major Depression, Moderate or Severe, without Psychosis	age: age < 2
X82.8XXA	HCC155	Major Depression, Moderate or Severe, without Psychosis	age: age >= 2
X83.0XXA	HCC155	Major Depression, Moderate or Severe, without Psychosis	age: age < 2
X83.0XXA	HCC155	Major Depression, Moderate or Severe, without Psychosis	age: age >= 2
X83.1XXA	HCC155	Major Depression, Moderate or Severe, without Psychosis	age: age < 2
X83.1XXA	HCC155	Major Depression, Moderate or Severe, without Psychosis	age: age >= 2
X83.2XXA	HCC155	Major Depression, Moderate or Severe, without Psychosis	age: age < 2
X83.2XXA	HCC155	Major Depression, Moderate or Severe, without Psychosis	age: age >= 2
X83.8XXA	HCC155	Major Depression, Moderate or Severe, without Psychosis	age: age < 2
X83.8XXA	HCC155	Major Depression, Moderate or Severe, without Psychosis	age: age >= 2
Z21	HCC1	HIV/AIDS	
Z43.0	HCC211	Respirator Dependence/Tracheostomy Status/Complications	
Z43.1	HCC463	Artificial Openings for Feeding or Elimination	
Z43.2	HCC463	Artificial Openings for Feeding or Elimination	
Z43.3	HCC463	Artificial Openings for Feeding or Elimination	
Z43.4	HCC463	Artificial Openings for Feeding or Elimination	
Z43.5	HCC463	Artificial Openings for Feeding or Elimination	
Z43.6	HCC463	Artificial Openings for Feeding or Elimination	
Z43.8	HCC463	Artificial Openings for Feeding or Elimination	
Z43.9	HCC463	Artificial Openings for Feeding or Elimination	
Z44.101	HCC409	Amputation Status, Lower Limb/Amputation Complications	
Z44.102	HCC409	Amputation Status, Lower Limb/Amputation Complications	
Z44.109	HCC409	Amputation Status, Lower Limb/Amputation Complications	
Z44.111	HCC409	Amputation Status, Lower Limb/Amputation Complications	
Z44.112	HCC409	Amputation Status, Lower Limb/Amputation Complications	
Z44.119	HCC409	Amputation Status, Lower Limb/Amputation Complications	
Z44.121	HCC409	Amputation Status, Lower Limb/Amputation Complications	
Z44.122	HCC409	Amputation Status, Lower Limb/Amputation Complications	
Z44.129	HCC409	Amputation Status, Lower Limb/Amputation Complications	
Z48.21	HCC221	Heart Transplant Status/Complications	
Z48.23	HCC62	Liver Transplant Status/Complications	
Z48.24	HCC276	Lung Transplant Status/Complications	
Z48.280	HCC221	Heart Transplant Status/Complications	
Z48.280	HCC276	Lung Transplant Status/Complications	
Z48.290	HCC454	Stem Cell, Including Bone Marrow, Transplant Status/Complications	
Z68.41	HCC48	Morbid Obesity	mce: age >= 15
Z68.42	HCC48	Morbid Obesity	mce: age >= 15
Z68.43	HCC48	Morbid Obesity	mce: age >= 15
Z68.44	HCC48	Morbid Obesity	mce: age >= 15
Z68.45	HCC48	Morbid Obesity	mce: age >= 15
Z68.56	HCC48	Morbid Obesity	
Z79.4	HCC38	Diabetes with No, Glycemic, or Unspecified Complications	
Z89.431	HCC409	Amputation Status, Lower Limb/Amputation Complications	
Z89.432	HCC409	Amputation Status, Lower Limb/Amputation Complications	
Z89.439	HCC409	Amputation Status, Lower Limb/Amputation Complications	
Z89.441	HCC409	Amputation Status, Lower Limb/Amputation Complications	
Z89.442	HCC409	Amputation Status, Lower Limb/Amputation Complications	
Z89.449	HCC409	Amputation Status, Lower Limb/Amputation Complications	
Z89.511	HCC409	Amputation Status, Lower Limb/Amputation Complications	
Z89.512	HCC409	Amputation Status, Lower Limb/Amputation Complications	
Z89.519	HCC409	Amputation Status, Lower Limb/Amputation Complications	
Z89.611	HCC409	Amputation Status, Lower Limb/Amputation Complications	
Z89.612	HCC409	Amputation Status, Lower Limb/Amputation Complications	
Z89.619	HCC409	Amputation Status, Lower Limb/Amputation Complications	
Z93.0	HCC211	Respirator Dependence/Tracheostomy Status/Complications	
Z93.1	HCC463	Artificial Openings for Feeding or Elimination	
Z93.2	HCC463	Artificial Openings for Feeding or Elimination	
Z93.3	HCC463	Artificial Openings for Feeding or Elimination	
Z93.4	HCC463	Artificial Openings for Feeding or Elimination	
Z93.50	HCC463	Artificial Openings for Feeding or Elimination	
Z93.51	HCC463	Artificial Openings for Feeding or Elimination	
Z93.52	HCC463	Artificial Openings for Feeding or Elimination	
Z93.59	HCC463	Artificial Openings for Feeding or Elimination	
Z93.6	HCC463	Artificial Openings for Feeding or Elimination	
Z93.8	HCC463	Artificial Openings for Feeding or Elimination	
Z93.9	HCC463	Artificial Openings for Feeding or Elimination	
Z94.1	HCC221	Heart Transplant Status/Complications	
Z94.2	HCC276	Lung Transplant Status/Complications	
Z94.3	HCC221	Heart Transplant Status/Complications	
Z94.3	HCC276	Lung Transplant Status/Complications	
Z94.4	HCC62	Liver Transplant Status/Complications	
Z94.81	HCC454	Stem Cell, Including Bone Marrow, Transplant Status/Complications	
Z94.82	HCC77	Intestine Transplant Status/Complications	
Z94.83	HCC35	Pancreas Transplant Status	
Z94.84	HCC454	Stem Cell, Including Bone Marrow, Transplant Status/Complications	
Z95.811	HCC223	Heart Assist Device/Artificial Heart	
Z95.812	HCC223	Heart Assist Device/Artificial Heart	
Z97.13	HCC409	Amputation Status, Lower Limb/Amputation Complications	
Z97.14	HCC409	Amputation Status, Lower Limb/Amputation Complications	
Z97.16	HCC409	Amputation Status, Lower Limb/Amputation Complications	
Z99.11	HCC211	Respirator Dependence/Tracheostomy Status/Complications	
Z99.12	HCC211	Respirator Dependence/Tracheostomy Status/Complications	
